o Extruded.032
v -4.18704748 -1.96008217 0.23414920
v -4.32141590 -1.82571375 0.23414920
v -4.32141590 -1.82571375 0.21548480
v -4.18704748 -1.96008217 0.21548480
v -3.46089244 -1.96008217 0.23414920
v -3.46089244 -1.96008217 0.21548480
v -3.46089244 -0.78436828 0.23414920
v -3.46089244 -0.78436828 0.21548480
v -3.52489328 -1.89608109 0.25167817
v -3.52489328 -1.92463219 0.24385843
v -4.17236376 -1.92463219 0.24385843
v -3.52489328 -0.84836930 0.25167817
v -3.52489328 -0.81981820 0.21548480
v -3.52489328 -1.92463219 0.21548480
v -3.52489328 -0.81981820 0.24385843
v -3.84602547 -0.81981820 0.24385843
v -3.86078715 -0.78436828 0.23414920
v -3.86078715 -0.78436828 0.21548480
v -4.32141590 -1.24846637 0.23414920
v -4.32141590 -1.24846637 0.21548480
v -4.32141590 -1.79208469 0.24066201
v -4.32141590 -1.28222215 0.24066201
v -4.28572607 -1.77730143 0.25043699
v -4.28572607 -1.29692709 0.25043699
v -4.28572607 -1.26283038 0.24385843
v -3.84602547 -0.81981820 0.21548480
v -4.28572607 -1.26283038 0.21548480
v -4.28572607 -1.81127000 0.21548480
v -4.17236376 -1.92463219 0.21548480
v -4.28572607 -1.81127000 0.24385843
vt 0 1
vt 1 1
vt 1 0
vt 0 0
vt 1 1
vt 1 0
vt 0 0
vt 0 1
vt 1 1
vt 1 0
vt 0 0
vt 0 1
vt 0 1
vt 1 1
vt 0.91186315 0
vt 0.91186315 0.44610399
vt 0.02022135 0.44610399
vt 0.94028074 0.00000000
vt 0.05971925 0
vt 0.00592885 1
vt 0.99407113 1
vt 1 1
vt 1 0
vt 0.21605445 0
vt 0 0.02584246
vt 0.00000000 0.97415757
vt 0.21605445 1
vt 0.96308577 0.44610399
vt 0.16004458 0.44610399
vt 0.16004458 0
vt 0 1
vt 1 1
vt 0.00000000 0
vt 0 1
vt 1 1
vt 1 0
vt 0.00000000 1
vt 1 1
vt 1 0
vt 0.00000000 0
vt 0.25867856 0
vt 0 0.05825750
vt 0.00000000 0.94152266
vt 0.25867856 1
vt 1 1
vt 1 0
vt 0.00592885 1
vt 0.99407113 1
vt 0.96542031 -0.00000000
vt 0.03442777 -0.00000000
vt 0 1
vt 0.96465498 1
vt 1 0.60014158
vt 0.97830635 -0.00000000
vt 0.94260448 0.40389535
vt 0.02177760 0.40389535
vt 0 0
vt 0 1
vt 1 1
vt 1 0.00000000
vt 1 0
vt 0 0
vt -0.00000000 1
vt 1 1
vt 0 1
vt 0 0
vt 0.84385264 0
vt 1 0.11428669
vt 1 0.60526276
vt 0.95852524 0.59304541
vt 0.95852524 0.12657179
vt 0.82678884 0.03015182
vt 0.07437451 0.03015182
vt 0.07437451 0.96984816
vt 0.44755676 0.96984816
vt 0.46471122 1
vt 0.00000000 0.60014158
vt 0.11121953 1
vt 1 1
vt 0.93132138 0.40389535
vt 0.18148611 0.40389535
vt 0.06914373 -0.00000000
vt 0 0
vt 0 1
vt 0.81178409 1
vt 1 0.93782967
vt 1 0.06193665
vt 0.81178409 0.00000000
vt 1 0.00000000
vt 0.00000000 0.00000000
vt 0 1
vt 1 1
vt 1 0
vt 0.00000000 0
vt 0.00000000 1
vt 1 1
vn -0.70710677 -0.70710677 0
vn -0.70710677 -0.70710677 0
vn -0.70710677 -0.70710677 0
vn -0.70710677 -0.70710677 0
vn 0 -1 0
vn 0 -1 0
vn 0 -1 0
vn 0 -1 0
vn 1 0 0
vn 1 0 0
vn 1 0 0
vn 1 0 0
vn -0.00000000 -0.26415706 0.96447968
vn -0.00000000 -0.26415706 0.96447968
vn -0.00000000 -0.26415706 0.96447968
vn -0.00000000 -0.26415706 0.96447968
vn -0.00000000 -0.26415706 0.96447968
vn 0.26415706 0.00000000 0.96447968
vn 0.26415706 0.00000000 0.96447968
vn 0.26415706 0.00000000 0.96447968
vn 0.26415706 0.00000000 0.96447968
vn -1 0 0
vn -1 0 0
vn -1 0 0
vn -1 0 0
vn -1 0 0
vn -1 0 0
vn -0.00000000 0.26415706 0.96447968
vn -0.00000000 0.26415706 0.96447968
vn -0.00000000 0.26415706 0.96447968
vn -0.00000000 0.26415706 0.96447968
vn -0.00000000 0.26415706 0.96447968
vn 0 1 0
vn 0 1 0
vn 0 1 0
vn 0 1 0
vn -0.70975477 0.70444882 0
vn -0.70975477 0.70444882 0
vn -0.70975477 0.70444882 0
vn -0.70975477 0.70444882 0
vn -1 0 0
vn -1 0 0
vn -1 0 0
vn -1 0 0
vn -1 0 0
vn -1 0 0
vn -0.26415706 0.00000000 0.96447968
vn -0.26415706 0.00000000 0.96447968
vn -0.26415706 0.00000000 0.96447968
vn -0.26415706 0.00000000 0.96447968
vn -0.18748672 0.18608512 0.96447968
vn -0.18748672 0.18608512 0.96447968
vn -0.18748672 0.18608512 0.96447968
vn -0.18748672 0.18608512 0.96447968
vn -0.18748672 0.18608512 0.96447968
vn -0.18748672 0.18608512 0.96447968
vn 0 -1 0
vn 0 -1 0
vn 0 -1 0
vn 0 -1 0
vn 0.70975477 -0.70444882 0
vn 0.70975477 -0.70444882 0
vn 0.70975477 -0.70444882 0
vn 0.70975477 -0.70444882 0
vn 0.00000000 -0.00000000 -1
vn 0.00000000 -0.00000000 -1
vn 0.00000000 -0.00000000 -1
vn 0.00000000 -0.00000000 -1
vn 0.00000000 -0.00000000 -1
vn 0.00000000 -0.00000000 -1
vn 0.00000000 -0.00000000 -1
vn 0.00000000 -0.00000000 -1
vn 0.00000000 -0.00000000 -1
vn 0.00000000 -0.00000000 -1
vn 0.00000000 -0.00000000 -1
vn 0.00000000 -0.00000000 -1
vn -0.18678723 -0.18678723 0.96447968
vn -0.18678723 -0.18678723 0.96447968
vn -0.18678723 -0.18678723 0.96447968
vn -0.18678723 -0.18678723 0.96447968
vn -0.18678723 -0.18678723 0.96447968
vn -0.18678723 -0.18678723 0.96447968
vn 1 0 0
vn 1 0 0
vn 1 0 0
vn 1 0 0
vn 1 0 0
vn 1 0 0
vn 0 1 0
vn 0 1 0
vn 0 1 0
vn 0 1 0
vn 0.70710677 0.70710677 0
vn 0.70710677 0.70710677 0
vn 0.70710677 0.70710677 0
vn 0.70710677 0.70710677 0
f 1/1/1 2/2/2 3/3/3 4/4/4
f 5/5/5 1/6/6 4/7/7 6/8/8
f 7/9/9 5/10/10 6/11/11 8/12/12
f 1/13/13 5/14/14 9/15/15 10/16/16 11/17/17
f 12/18/18 9/19/19 5/20/20 7/21/21
f 13/22/22 14/23/23 10/24/24 9/25/25 12/26/26 15/27/27
f 16/28/28 15/29/29 12/30/30 7/31/31 17/32/32
f 17/33/33 7/34/34 8/35/35 18/36/36
f 19/37/37 17/38/38 18/39/39 20/40/40
f 2/41/41 21/42/42 22/43/43 19/44/44 20/45/45 3/46/46
f 22/47/47 21/48/48 23/49/49 24/50/50
f 17/51/51 19/52/52 22/53/53 24/54/54 25/55/55 16/56/56
f 26/57/57 13/58/58 15/59/59 16/60/60
f 27/61/61 26/62/62 16/63/63 25/64/64
f 8/65/65 6/66/66 4/67/67 3/68/68 20/69/69 27/70/70 28/71/71 29/72/72 14/73/73 13/74/74
f 13/74/74 26/75/75 27/70/70 20/69/69 18/76/76 8/65/65
f 21/77/77 2/78/78 1/79/79 11/80/80 30/81/81 23/82/82
f 28/83/83 27/84/84 25/85/85 24/86/86 23/87/87 30/88/88
f 29/89/89 11/90/90 10/91/91 14/92/92
f 29/93/93 28/94/94 30/95/95 11/96/96
o Extruded.068
v -2.08224344 -2.36486363 0.42117572
v -2.09368515 -2.36051488 0.41886762
v -2.09368515 -2.37317204 0.41498750
v -2.09368515 -2.36017609 0.41868782
v -2.09368515 -2.37309265 0.41472819
v -2.08252144 -2.36515975 0.42133290
v -2.10642314 -2.38347840 0.41154441
v -2.10642314 -2.38464785 0.41535881
v -2.06242061 -2.36017609 0.41868782
v -2.06522965 -2.36515975 0.42133290
v -2.08197403 -2.38789582 0.41436312
v -2.08197403 -2.38672638 0.41054872
v -2.13152313 -2.38789582 0.41436312
v -2.13152313 -2.38672638 0.41054872
v -2.14445114 -2.37034154 0.41974443
v -2.14445114 -2.36917210 0.41593000
v -2.14445114 -2.36663270 0.42088139
v -2.14445114 -2.35693645 0.41968131
v -2.14445114 -2.35693645 0.41968092
v -2.13745952 -2.35693645 0.41968131
v -2.13745952 -2.35693645 0.41968092
v -2.13968587 -2.36663270 0.42088139
v -2.13745952 -2.36122131 0.42021164
v -2.13745952 -2.37106442 0.41719419
v -2.13745952 -2.36886168 0.41602519
v -2.13968587 -2.37384558 0.41867027
v -2.13674474 -2.37384558 0.41867027
v -2.13337421 -2.36886168 0.41602519
v -2.12459278 -2.36694121 0.42078680
v -2.12459278 -2.36009240 0.42288628
v -2.12118793 -2.36909008 0.41595519
v -2.12118793 -2.36926150 0.41651410
v -2.12283731 -2.35693645 0.41968092
v -2.12118793 -2.35693645 0.41968092
v -2.12283731 -2.35759139 0.42181700
v -2.12118793 -2.35710788 0.42023984
vt 0.26577780 0.00596421
vt 0.00592885 1
vt 0.99407113 1
vt 0.97408038 0.00000000
vt 0.99403578 1
vt 0 1
vt 0.00000000 0
vt 0.98850298 0
vt 1 0.05942205
vt 0.52680755 0.93202031
vt 0.52680755 1
vt 0 1
vt 0.00000000 0.00000000
vt 0 1
vt 1 1
vt 1 0.93202031
vt 0.63403398 0.05942205
vt 0.64292574 0
vt 0.08985214 0.00000000
vt 0.00596421 1
vt 0.14877403 0
vt 1 0.00000000
vt 1 1
vt -0.00000000 0.00000000
vt 1 0.00000000
vt 1 1
vt -0.00000000 1
vt 1 0.00000000
vt 1 1
vt 0.00000000 1
vt 0.00000000 0.00000000
vt 0.30312076 0
vt 1 0.99989784
vt 1 1
vt 0 1
vt 0.00000000 0.00000000
vt 0 0
vt 1 0
vt 1 1
vt 0 1
vt 0.31843275 0.00000000
vt 0 0.55810177
vt 0 1
vt 1 1
vt 1 0
vt 0.72316730 0.00000000
vt 0 0
vt 0.12385472 1
vt 1 1
vt 1 0.99976885
vt 0.60127705 1
vt 0.00592885 1
vt 0.18162397 0.00000000
vt 0.99407113 0
vt 0.64725506 0.44195524
vt 1 1
vt 0.53398770 1
vt 0 0.00000000
vt 0.64725506 0
vt 1 0.81774527
vt 0.78173125 0.81774527
vt 0.48002139 0.11682094
vt 0.25066918 0.75367278
vt 0.25066918 1
vt 0.09727907 0.50534660
vt 0.06015173 0.50534660
vt 0.06015173 0.76477152
vt 0 0.76477152
vt 0 0.63137323
vt 0.16318941 0
vt 0.78863949 0
vt 0 1
vt 0.81259835 1
vt 0.81259835 0.85346979
vt 1 0
vt 0.00000000 0.00000000
vt 0.61886805 0.89125252
vt 1 0.89125252
vt 0.76163214 0
vt 0.15760089 0
vt 0 0.58926648
vt 0 1
vt 0.08523268 1
vt 0.08523268 0.59968799
vt 0.13503374 0.59968799
vt 0.26348436 1
vt 0.28359398 1
vt 0.28359398 0.59202206
vt 0.46358278 0.10903006
vt 0.61886805 0.45766488
vt 0.12622328 0
vt 0.00000000 0.43999550
vt 0 1
vt 0.75765687 1
vt 1 0.00000000
vt 0.83653349 1
vt 0.27302393 1
vt 0 0
vt 1 0.00000000
vt 1 0.48446274
vt 1 0
vt 0.00000000 0.00000000
vt 0 1
vt 1 1
vt 1 0.00596421
vt 0 0.73990166
vt 0 1
vt 1 1
vn -0.29108980 -0.28039831 0.91468221
vn -0.29108980 -0.28039831 0.91468221
vn -0.29108980 -0.28039831 0.91468221
vn -1 0 0
vn -1 0 0
vn -1 0 0
vn -1 0 0
vn -0.64887691 0.72747856 0.22301053
vn -0.64887691 0.72747856 0.22301053
vn -0.64887691 0.72747856 0.22301053
vn -0.64887691 0.72747856 0.22301053
vn -0.64887691 0.72747856 0.22301053
vn -0.64887691 0.72747856 0.22301053
vn 0.00000000 0.46880782 0.88330019
vn 0.00000000 0.46880782 0.88330019
vn 0.00000000 0.46880782 0.88330019
vn 0.00000000 0.46880782 0.88330019
vn 0.00000000 0.46880782 0.88330019
vn 0.00000000 0.46880782 0.88330019
vn 0.81764483 -0.55043995 -0.16873886
vn 0.81764483 -0.55043995 -0.16873886
vn 0.81764483 -0.55043995 -0.16873886
vn 0.81764483 -0.55043995 -0.16873886
vn 0 -0.95608473 -0.29309037
vn 0 -0.95608473 -0.29309037
vn 0 -0.95608473 -0.29309037
vn 0 -0.95608473 -0.29309037
vn -0.81764483 -0.55043995 -0.16873886
vn -0.81764483 -0.55043995 -0.16873886
vn -0.81764483 -0.55043995 -0.16873886
vn -0.81764483 -0.55043995 -0.16873886
vn -1 0 0
vn -1 0 0
vn -1 0 0
vn -1 0 0
vn -1 0 0
vn 0 0.95608473 0.29309037
vn 0 0.95608473 0.29309037
vn 0 0.95608473 0.29309037
vn 0 0.95608473 0.29309037
vn 0.00000000 0.12283422 0.99242723
vn 0.00000000 0.12283422 0.99242723
vn 0.00000000 0.12283422 0.99242723
vn 0.00000000 0.12283422 0.99242723
vn 0.00000000 0.12283422 0.99242723
vn 1 0 0
vn 1 0 0
vn 1 0 0
vn 1 0 0
vn 1 0 0
vn 0.70710677 -0.20724618 0.67605400
vn 0.70710677 -0.20724618 0.67605400
vn 0.70710677 -0.20724618 0.67605400
vn 0.70710677 -0.20724618 0.67605400
vn 0.00000000 0.46880782 0.88330019
vn 0.00000000 0.46880782 0.88330019
vn 0.00000000 0.46880782 0.88330019
vn 0.00000000 0.46880782 0.88330019
vn 0.00000000 0.46880782 0.88330019
vn 0.00000000 -0.29309037 0.95608473
vn 0.00000000 -0.29309037 0.95608473
vn 0.00000000 -0.29309037 0.95608473
vn 0.00000000 -0.29309037 0.95608473
vn 0.00000000 -0.29309037 0.95608473
vn 0.00000000 -0.29309037 0.95608473
vn 0.00000000 -0.29309037 0.95608473
vn 0.00000000 -0.29309037 0.95608473
vn 0.00000000 -0.29309037 0.95608473
vn 0.00000000 -0.29309037 0.95608473
vn 0.00000000 -0.29309037 0.95608473
vn 0.00000000 -0.29309037 0.95608473
vn 0.71382481 0.66956937 0.20525829
vn 0.71382481 0.66956937 0.20525829
vn 0.71382481 0.66956937 0.20525829
vn 0.71382481 0.66956937 0.20525829
vn 0.71382481 0.66956937 0.20525829
vn -0.00000000 0.29309037 -0.95608473
vn -0.00000000 0.29309037 -0.95608473
vn -0.00000000 0.29309037 -0.95608473
vn -0.00000000 0.29309037 -0.95608473
vn -0.00000000 0.29309037 -0.95608473
vn -0.00000000 0.29309037 -0.95608473
vn -0.00000000 0.29309037 -0.95608473
vn -0.00000000 0.29309037 -0.95608473
vn -0.00000000 0.29309037 -0.95608473
vn -0.00000000 0.29309037 -0.95608473
vn -0.00000000 0.29309037 -0.95608473
vn -0.00000000 0.29309037 -0.95608473
vn -0.00000000 0.29309037 -0.95608473
vn -0.00000000 0.29309037 -0.95608473
vn -0.76390654 0.61698717 0.18913908
vn -0.76390654 0.61698717 0.18913908
vn -0.76390654 0.61698717 0.18913908
vn -0.76390654 0.61698717 0.18913908
vn -0.76390654 0.61698717 0.18913908
vn 0.70710677 -0.20724618 0.67605400
vn 0.70710677 -0.20724618 0.67605400
vn 0.70710677 -0.20724618 0.67605400
vn 0.70710677 -0.20724618 0.67605400
vn 0.70710677 -0.20724618 0.67605400
vn 1 0 0
vn 1 0 0
vn 1 0 0
vn 1 0 0
vn 0 0.95608473 0.29309037
vn 0 0.95608473 0.29309037
vn 0 0.95608473 0.29309037
vn 0 0.95608473 0.29309037
f 31/97/97 32/98/98 33/99/99
f 32/100/100 34/101/101 35/102/102 33/103/103
f 36/104/104 31/105/105 33/106/106 35/107/107 37/108/108 38/109/109
f 39/110/110 34/111/111 32/112/112 31/113/113 36/114/114 40/115/115
f 39/116/116 40/117/117 41/118/118 42/119/119
f 41/120/120 43/121/121 44/122/122 42/123/123
f 45/124/124 46/125/125 44/126/126 43/127/127
f 47/128/128 48/129/129 49/130/130 46/131/131 45/132/132
f 48/133/133 50/134/134 51/135/135 49/136/136
f 52/137/137 53/138/138 50/139/139 48/140/140 47/141/141
f 53/142/142 54/143/143 55/144/144 51/145/145 50/146/146
f 52/147/147 56/148/148 54/149/149 53/150/150
f 54/151/151 56/152/152 57/153/153 58/154/154 55/155/155
f 40/156/156 36/157/157 38/158/158 59/159/159 60/160/160 57/161/161 56/162/162 52/163/163 47/164/164 45/165/165 43/166/166 41/167/167
f 37/168/168 61/169/169 62/170/170 59/171/171 38/172/172
f 34/173/173 39/174/174 42/175/175 44/176/176 46/177/177 49/178/178 51/179/179 55/180/180 58/181/181 63/182/182 64/183/183 61/184/184 37/185/185 35/186/186
f 60/187/187 65/188/188 63/189/189 58/190/190 57/191/191
f 60/192/192 59/193/193 62/194/194 66/195/195 65/196/196
f 66/197/197 62/198/198 61/199/199 64/200/200
f 65/201/201 66/202/202 64/203/203 63/204/204
o Pipe.002
v -2.10791016 -2.13576603 0.41578084
v -2.11320281 -2.13576555 0.41448754
v -2.11338830 -2.26153255 0.41448754
v -2.10809565 -2.26152802 0.41578084
v -2.11357379 -2.38729954 0.41448754
v -2.10828137 -2.38730001 0.41578084
v -2.10426283 -2.13576651 0.41230291
v -2.10444832 -2.26153350 0.41230291
v -2.10463381 -2.38730049 0.41230291
v -2.10098624 -2.38730073 0.41578084
v -2.09569359 -2.38730121 0.41448754
v -2.10061526 -2.13576674 0.41578084
v -2.09532261 -2.13576722 0.41448754
v -2.10080075 -2.26153874 0.41578084
v -2.09550810 -2.26153421 0.41448754
vt 1 1
vt 0 1
vt 0 0.50000000
vt 1 0.50002009
vt 0 0
vt 1 0
vt 1 1
vt 0 1
vt 0 0.50000000
vt 1 0.50000000
vt 0 0
vt 1 0
vt 0.29842025 1
vt 0.70157975 1
vt 0.99407113 0.63035756
vt 0.50000000 0.00596421
vt 0.00592885 0.63035756
vt 0.70157975 1
vt 0.29842025 1
vt 0.00592885 0.63035756
vt 0.50000000 0.00596421
vt 0.99407113 0.63035756
vt 1 1
vt 0.00000000 1
vt 0.00000000 0.49997988
vt 1 0.50000000
vt 0.00000000 0
vt 1 0
vt 1 1
vt 0 1
vt 0 0.50000000
vt 1 0.50000000
vt 0 0
vt 1 0
vt 0.00000000 0.99403143
vt 0 0.50000000
vt 1 0.50000000
vt 1 0.99407113
vt 1 0.00596860
vt 0.00000000 0.00592885
vn -0.23737678 0.00035012 0.97141761
vn -0.23737678 0.00035012 0.97141761
vn -0.23737678 0.00035012 0.97141761
vn -0.23737678 0.00035012 0.97141761
vn -0.23737678 0.00035012 0.97141761
vn -0.23737678 0.00035012 0.97141761
vn -0.23737678 0.00035012 -0.97141761
vn -0.23737678 0.00035012 -0.97141761
vn -0.23737678 0.00035012 -0.97141761
vn -0.23737678 0.00035012 -0.97141761
vn -0.23737678 0.00035012 -0.97141761
vn -0.23737678 0.00035012 -0.97141761
vn -0.00008807 -1 0
vn -0.00008807 -1 0
vn -0.00008807 -1 0
vn -0.00008807 -1 0
vn -0.00008807 -1 0
vn 0.00008807 1 0
vn 0.00008807 1 0
vn 0.00008807 1 0
vn 0.00008807 1 0
vn 0.00008807 1 0
vn 0.23737678 -0.00035012 0.97141761
vn 0.23737678 -0.00035012 0.97141761
vn 0.23737678 -0.00035012 0.97141761
vn 0.23737678 -0.00035012 0.97141761
vn 0.23737678 -0.00035012 0.97141761
vn 0.23737678 -0.00035012 0.97141761
vn 0.23737678 -0.00035012 -0.97141761
vn 0.23737678 -0.00035012 -0.97141761
vn 0.23737678 -0.00035012 -0.97141761
vn 0.23737678 -0.00035012 -0.97141761
vn 0.23737678 -0.00035012 -0.97141761
vn 0.23737678 -0.00035012 -0.97141761
vn 0.00000000 -0.00000000 1
vn 0.00000000 -0.00000000 1
vn 0.00000000 -0.00000000 1
vn 0.00000000 -0.00000000 1
vn 0.00000000 -0.00000000 1
vn 0.00000000 -0.00000000 1
f 67/205/205 68/206/206 69/207/207 70/208/208
f 70/208/208 69/207/207 71/209/209 72/210/210
f 68/211/211 73/212/212 74/213/213 69/214/214
f 69/214/214 74/213/213 75/215/215 71/216/216
f 76/217/217 72/218/218 71/219/219 75/220/220 77/221/221
f 67/222/222 78/223/223 79/224/224 73/225/225 68/226/226
f 79/227/227 78/228/228 80/229/229 81/230/230
f 81/230/230 80/229/229 76/231/231 77/232/232
f 73/233/233 79/234/234 81/235/235 74/236/236
f 74/236/236 81/235/235 77/237/237 75/238/238
f 67/239/239 70/240/240 80/241/241 78/242/242
f 76/243/243 80/241/241 70/240/240 72/244/244
o Pipe.001
v -1.91161251 -0.69494951 0.41818875
v -1.90873039 -0.69737047 0.41220281
v -1.94645321 -0.66568464 0.38122433
v -1.94933546 -0.66326368 0.38721031
v -2.14174628 -0.89818621 0.38122433
v -2.14462852 -0.89576524 0.38721031
v -2.04698205 -0.77951443 0.38721031
v -2.04409981 -0.78193539 0.38122433
v -2.10402346 -0.92987204 0.41220281
v -2.10690570 -0.92745107 0.41818875
v -2.00637698 -0.81362128 0.41220281
v -2.00925922 -0.81120032 0.41818875
vt 0.88701391 0.99407113
vt 0.99407113 0.88701391
vt 0.11298612 0.00592885
vt 0.00592885 0.11298612
vt 1 1
vt 0 1
vt -0.00000000 0.50000000
vt 0 0
vt 1 0
vt 1 0.50000000
vt 0.00592885 0.11298612
vt 0.11298612 0.00592885
vt 0.99407113 0.88701391
vt 0.88701391 0.99407113
vt 1 1
vt 0.00000000 1
vt 0.00000000 0.50000000
vt 1 0.50000000
vt 0.00000000 0.00000000
vt 1 0.00000000
vt 1 1
vt 0 1
vt 0.00000000 0.50000000
vt 0 0
vt 1 0
vt 1 0.50000000
vt 1 1
vt 0.00000000 1
vt 0.00000000 0.50000000
vt 1 0.50000000
vt 0.00000000 0.00000000
vt 1 0.00000000
vn 0.64317626 0.76571816 0.00000000
vn 0.64317626 0.76571816 0.00000000
vn 0.64317626 0.76571816 0.00000000
vn 0.64317626 0.76571816 0.00000000
vn -0.64821333 0.54447633 -0.53232038
vn -0.64821333 0.54447633 -0.53232038
vn -0.64821333 0.54447633 -0.53232038
vn -0.64821333 0.54447633 -0.53232038
vn -0.64821333 0.54447633 -0.53232038
vn -0.64821333 0.54447633 -0.53232038
vn -0.64317626 -0.76571816 -0.00000000
vn -0.64317626 -0.76571816 -0.00000000
vn -0.64317626 -0.76571816 -0.00000000
vn -0.64317626 -0.76571816 -0.00000000
vn 0.40760741 -0.34237584 -0.84654295
vn 0.40760741 -0.34237584 -0.84654295
vn 0.40760741 -0.34237584 -0.84654295
vn 0.40760741 -0.34237584 -0.84654295
vn 0.40760741 -0.34237584 -0.84654295
vn 0.40760741 -0.34237584 -0.84654295
vn 0.64821333 -0.54447633 0.53232038
vn 0.64821333 -0.54447633 0.53232038
vn 0.64821333 -0.54447633 0.53232038
vn 0.64821333 -0.54447633 0.53232038
vn 0.64821333 -0.54447633 0.53232038
vn 0.64821333 -0.54447633 0.53232038
vn -0.40760741 0.34237584 0.84654295
vn -0.40760741 0.34237584 0.84654295
vn -0.40760741 0.34237584 0.84654295
vn -0.40760741 0.34237584 0.84654295
vn -0.40760741 0.34237584 0.84654295
vn -0.40760741 0.34237584 0.84654295
f 82/245/245 83/246/246 84/247/247 85/248/248
f 86/249/249 87/250/250 88/251/251 85/252/252 84/253/253 89/254/254
f 87/255/255 86/256/256 90/257/257 91/258/258
f 90/259/259 86/260/260 89/261/261 92/262/262
f 92/262/262 89/261/261 84/263/263 83/264/264
f 91/265/265 90/266/266 92/267/267 83/268/268 82/269/269 93/270/270
f 87/271/271 91/272/272 93/273/273 88/274/274
f 88/274/274 93/273/273 82/275/275 85/276/276
o Extruded.031
v -3.10242748 -0.76352853 0.22397292
v -3.10242748 -0.76352853 0.26545495
v -3.86790085 -0.76352853 0.26545495
v -3.86790085 -0.76352853 0.22397292
v -2.59810305 -1.26857078 0.22397292
v -2.59810305 -1.26857078 0.26545495
v -4.36416197 -1.26352739 0.26545495
v -4.36416197 -1.26352739 0.22397292
v -2.59810305 -1.59310865 0.22397292
v -2.59810305 -1.59310865 0.26545495
v -2.59810305 -1.81319904 0.22397292
v -2.59810305 -1.81319904 0.26545495
v -4.36416197 -1.80599380 0.26545495
v -4.36416197 -1.80599380 0.22397292
v -4.20214415 -1.96801126 0.22397292
v -2.75291538 -1.96801126 0.22397292
v -3.08757687 -2.30267286 0.24846147
v -3.10457039 -2.31966639 0.26545495
v -3.86748266 -2.30267286 0.24846147
v -3.85048914 -2.31966639 0.26545495
v -3.87256002 -0.71368188 0.26545495
v -4.39767170 -1.23879361 0.26545495
v -4.39767170 -2.02885389 0.26545495
v -4.00984526 -2.41668057 0.26545495
v -2.94521451 -2.41668057 0.26545495
v -2.55738783 -2.02885389 0.26545495
v -2.55738783 -1.63382375 0.26545495
v -2.55738783 -1.23879361 0.26545495
v -2.69488931 -1.10129213 0.26545495
v -3.08249950 -0.71368188 0.26545495
v -4.39767170 -2.02885389 0.19919589
v -4.39767170 -1.23879361 0.19919589
v -3.87256002 -0.71368188 0.19919589
v -3.08249950 -0.71368188 0.19919589
v -2.55738783 -1.23879361 0.19919589
v -2.55738783 -2.02885389 0.19919589
v -3.08249950 -2.55396581 0.19919589
v -3.87256002 -2.55396581 0.19919589
v -3.08249950 -2.55396581 0.21708043
v -3.87256002 -2.55396581 0.21708043
vt 1 1
vt 1 0
vt 0 0
vt 0 1
vt 1 1
vt 1 0
vt 0 0
vt 0 1
vt 0 1
vt 0 0
vt 1 0
vt 1 1
vt 0 1
vt 0.00000000 0
vt 1 0
vt 1 1
vt 0 1
vt 0.00000000 0
vt 1 1
vt 1 0
vt 0 0
vt 0 1
vt 0 0.09173958
vt 0 0.91234022
vt 0.12853010 1
vt 0.31125614 1
vt 0.58069783 1
vt 1 0.71443498
vt 1 0.28099912
vt 0.58488500 0
vt 0.13451210 0
vt 0.30567080 1
vt 0.96644706 0.40965864
vt 1 0
vt 0 0
vt 0 1
vt 0.03308230 0.40965864
vt 0.68458992 1
vt 1 1
vt 1 0
vt 0 0
vt 0.00592885 0
vt 0.99407113 0
vt 0.97254038 1
vt 0.02745962 1
vt 0.23411453 1
vt 0.76588547 1
vt 0.99407113 0.00000000
vt 0.00592885 0
vt 1 0.28534281
vt 0.69165462 0
vt 0.22773159 0
vt 0 0.21074282
vt 0.00000000 0.78925717
vt 0.22773159 1
vt 0.45969310 1
vt 0.48360103 0.97787559
vt 0.35436410 0.97787559
vt 0.05696670 0.70266408
vt 0.05696670 0.29733592
vt 0.35859498 0.01820911
vt 0.67713100 0.01820911
vt 0.97073007 0.28787455
vt 0.97073007 0.70382845
vt 0.67416954 0.97787559
vt 0.69165462 1
vt 0.77239543 0.92528248
vt 1 0.71465719
vt 0 0
vt 1 0.00000000
vt 1 1
vt 0 1
vt 1 0
vt 1 1
vt 0 1
vt 0 0
vt 0 0
vt 1 0
vt 1 1
vt 0 1
vt 1 0
vt 1 1
vt 0.26185185 1
vt 0 1
vt 0 0
vt 1 1
vt 0 1
vt 0 0.50000000
vt 0 0
vt 1 0
vt 0.71465719 0.00000000
vt 1 0.28534281
vt 1 0.71465719
vt 0.71465719 1
vt 0.28534281 1
vt 0 0.71465719
vt 0 0.28534281
vt 0.28534281 0.00000000
vt 0.26143989 1
vt 0 0.26991832
vt 0 0
vt 1 0
vt 1 1
vt 1 0.26991832
vt 0.73856014 1
vt 0 1
vt 0 0
vt 1 0
vt 1 1
vt 0 1
vt 0 0
vt 1 0
vt 0.99407113 1
vt 0.00592885 1
vt 0.13335076 0
vt 0.86664927 0.00000000
vn 0 -1 0.00000000
vn 0 -1 0.00000000
vn 0 -1 0.00000000
vn 0 -1 0.00000000
vn -0.70760930 -0.70660388 0.00000000
vn -0.70760930 -0.70660388 0.00000000
vn -0.70760930 -0.70660388 0.00000000
vn -0.70760930 -0.70660388 0.00000000
vn 0.70975477 -0.70444882 0.00000000
vn 0.70975477 -0.70444882 0.00000000
vn 0.70975477 -0.70444882 0.00000000
vn 0.70975477 -0.70444882 0.00000000
vn -1 0 0.00000000
vn -1 0 0.00000000
vn -1 0 0.00000000
vn -1 0 0.00000000
vn -1 0 0.00000000
vn -1 0 0.00000000
vn 1 0 -0.00000000
vn 1 0 -0.00000000
vn 1 0 -0.00000000
vn 1 0 -0.00000000
vn 0.00000000 0.00000000 1
vn 0.00000000 0.00000000 1
vn 0.00000000 0.00000000 1
vn 0.00000000 0.00000000 1
vn 0.00000000 0.00000000 1
vn 0.00000000 0.00000000 1
vn 0.00000000 0.00000000 1
vn 0.00000000 0.00000000 1
vn 0.00000000 0.00000000 1
vn -0.70710677 0.70710677 -0.00000000
vn -0.70710677 0.70710677 -0.00000000
vn -0.70710677 0.70710677 -0.00000000
vn -0.70710677 0.70710677 -0.00000000
vn -0.70710677 0.70710677 -0.00000000
vn 0.70710677 0.70710677 -0.00000000
vn 0.70710677 0.70710677 -0.00000000
vn 0.70710677 0.70710677 -0.00000000
vn 0.70710677 0.70710677 -0.00000000
vn 0.70710677 0.70710677 -0.00000000
vn 0.00000000 0.70710677 0.70710677
vn 0.00000000 0.70710677 0.70710677
vn 0.00000000 0.70710677 0.70710677
vn 0.00000000 0.70710677 0.70710677
vn 0.00000000 0.07297896 0.99733347
vn 0.00000000 0.07297896 0.99733347
vn 0.00000000 0.07297896 0.99733347
vn 0.00000000 0.07297896 0.99733347
vn 0.00000000 0.00000000 1
vn 0.00000000 0.00000000 1
vn 0.00000000 0.00000000 1
vn 0.00000000 0.00000000 1
vn 0.00000000 0.00000000 1
vn 0.00000000 0.00000000 1
vn 0.00000000 0.00000000 1
vn 0.00000000 0.00000000 1
vn 0.00000000 0.00000000 1
vn 0.00000000 0.00000000 1
vn 0.00000000 0.00000000 1
vn 0.00000000 0.00000000 1
vn 0.00000000 0.00000000 1
vn 0.00000000 0.00000000 1
vn 0.00000000 0.00000000 1
vn 0.00000000 0.00000000 1
vn 0.00000000 0.00000000 1
vn 0.00000000 0.00000000 1
vn 0.00000000 0.00000000 1
vn -1 0 0
vn -1 0 0
vn -1 0 0
vn -1 0 0
vn -0.70710677 0.70710677 0
vn -0.70710677 0.70710677 0
vn -0.70710677 0.70710677 0
vn -0.70710677 0.70710677 0
vn 0 1 0
vn 0 1 0
vn 0 1 0
vn 0 1 0
vn 0.70710677 0.70710677 0
vn 0.70710677 0.70710677 0
vn 0.70710677 0.70710677 0
vn 0.70710677 0.70710677 0
vn 0.70710677 0.70710677 0
vn 1 0 0
vn 1 0 0
vn 1 0 0
vn 1 0 0
vn 1 0 0
vn -0.00000000 -0.00000000 -1
vn -0.00000000 -0.00000000 -1
vn -0.00000000 -0.00000000 -1
vn -0.00000000 -0.00000000 -1
vn -0.00000000 -0.00000000 -1
vn -0.00000000 -0.00000000 -1
vn -0.00000000 -0.00000000 -1
vn -0.00000000 -0.00000000 -1
vn 0.70710677 -0.70710677 0
vn 0.70710677 -0.70710677 0
vn 0.70710677 -0.70710677 0
vn 0.70710677 -0.70710677 0
vn 0.70710677 -0.70710677 0
vn -0.70710677 -0.70710677 0
vn -0.70710677 -0.70710677 0
vn -0.70710677 -0.70710677 0
vn -0.70710677 -0.70710677 0
vn -0.70710677 -0.70710677 0
vn -0.00000000 -1 0
vn -0.00000000 -1 0
vn -0.00000000 -1 0
vn -0.00000000 -1 0
vn -0.00000000 -0.33233702 0.94316071
vn -0.00000000 -0.33233702 0.94316071
vn -0.00000000 -0.33233702 0.94316071
vn -0.00000000 -0.33233702 0.94316071
f 94/277/277 95/278/278 96/279/279 97/280/280
f 98/281/281 99/282/282 95/283/283 94/284/284
f 97/285/285 96/286/286 100/287/287 101/288/288
f 102/289/289 103/290/290 99/291/291 98/292/292
f 104/293/293 105/294/294 103/290/290 102/289/289
f 101/295/295 100/296/296 106/297/297 107/298/298
f 108/299/299 109/300/300 104/301/301 102/302/302 98/303/303 94/304/304 97/305/305 101/306/306 107/307/307
f 109/308/308 110/309/309 111/310/310 105/311/311 104/312/312
f 112/313/313 108/314/314 107/315/315 106/316/316 113/317/317
f 110/318/318 112/319/319 113/320/320 111/321/321
f 112/322/322 110/323/323 109/324/324 108/325/325
f 114/326/326 115/327/327 116/328/328 117/329/329 118/330/330 119/331/331 120/332/332 103/333/333 105/334/334 111/335/335 113/336/336 106/337/337 100/338/338 96/339/339
f 96/339/339 95/340/340 99/341/341 103/333/333 120/332/332 121/342/342 122/343/343 123/344/344 114/326/326
f 124/345/345 116/346/346 115/347/347 125/348/348
f 125/349/349 115/350/350 114/351/351 126/352/352
f 126/353/353 114/354/354 123/355/355 127/356/356
f 127/357/357 123/358/358 122/359/359 121/360/360 128/361/361
f 128/362/362 121/363/363 120/364/364 119/365/365 129/366/366
f 125/367/367 126/368/368 127/369/369 128/370/370 129/371/371 130/372/372 131/373/373 124/374/374
f 118/375/375 132/376/376 130/377/377 129/378/378 119/379/379
f 133/380/380 117/381/381 116/382/382 124/383/383 131/384/384
f 132/385/385 133/386/386 131/387/387 130/388/388
f 118/389/389 117/390/390 133/391/391 132/392/392
o Extruded.020
v -1.57188451 -0.61373007 0.40153280
v -1.60166430 -0.65073246 0.40153280
v -1.60166430 -0.65073246 0.43198258
v -1.57188451 -0.61373007 0.43198258
v -1.59597039 -0.65531498 0.43198258
v -1.56619060 -0.61831260 0.43198258
v -1.58715117 -0.66241270 0.42066202
v -1.55737138 -0.62541032 0.42066202
v -1.58399677 -0.66495138 0.43043745
v -1.55421698 -0.62794900 0.43043745
v -1.57011521 -0.67612332 0.42305666
v -1.54033554 -0.63912094 0.42305666
v -1.54348993 -0.63658226 0.41328123
v -1.57326972 -0.67358464 0.41328123
v -1.46961486 -0.75700670 0.40153280
v -1.46961486 -0.75700670 0.41328123
v -1.44473934 -0.71605736 0.41328123
v -1.44473934 -0.71605736 0.40153280
v -1.45811427 -0.75152040 0.40153280
v -1.44505227 -0.73529047 0.40153280
v -1.45811427 -0.75152040 0.41328123
v -1.44505227 -0.73529047 0.41328123
vt 0 -0.00000000
vt 1 0
vt 1 1
vt -0.00000000 1
vt 0.99407113 0.16453773
vt 0.11481939 0.99407113
vt 0.00592885 0.83546227
vt 0.88518059 0.00592885
vt 0 1
vt 1 1
vt 1 0.00000000
vt -0.00000000 0
vt 1 0
vt 1 1
vt 0 1
vt -0.00000000 -0.00000000
vt 1 1
vt 0.00000000 1
vt 0 0.00000000
vt 1 0
vt 1 0
vt 1 1
vt 0 1
vt 0.00000000 0.00000000
vt 0 0.00000000
vt 0 0.38583022
vt 0.78496957 0.38583022
vt 0.76108146 0.70686454
vt 0.86620516 0.94925648
vt 0.89009327 0.62822217
vt 0.95688003 1
vt 1 1
vt 1 0
vt 0.00000000 0.38583022
vt 0 0.00000000
vt 1 0
vt 1 1
vt 0.95521683 1
vt 0.88585401 0.62822217
vt 0.86104447 0.94925648
vt 0.75186592 0.70686454
vt 0.77667546 0.38583022
vt 0.03829159 0.91476864
vt 0 0.84148115
vt 0.74174166 0
vt 1 0.18977077
vt 0.28580603 1
vt 0.15156852 0.99800563
vt 0 0.80646157
vt 0.04555795 0.89593947
vt 0.18033072 0.99756503
vt 0.34004164 1
vt 1 0.23169452
vt 0.69273359 0
vt 0 1
vt -0.00000000 0
vt 1 -0.00000000
vt 1 1
vt 0.00000000 1
vt 1 1
vt 1 0.00000000
vt 0 0
vt 1 1
vt 0.00000000 1
vt 0 0.00000000
vt 1 0
vn -0.77903879 0.62697572 -0.00000000
vn -0.77903879 0.62697572 -0.00000000
vn -0.77903879 0.62697572 -0.00000000
vn -0.77903879 0.62697572 -0.00000000
vn -0.00000000 0.00000000 1
vn -0.00000000 0.00000000 1
vn -0.00000000 0.00000000 1
vn -0.00000000 0.00000000 1
vn 0.55086362 -0.44333878 0.70710677
vn 0.55086362 -0.44333878 0.70710677
vn 0.55086362 -0.44333878 0.70710677
vn 0.55086362 -0.44333878 0.70710677
vn -0.71973801 0.57925004 0.38268343
vn -0.71973801 0.57925004 0.38268343
vn -0.71973801 0.57925004 0.38268343
vn -0.71973801 0.57925004 0.38268343
vn 0.29812524 -0.23993322 0.92387950
vn 0.29812524 -0.23993322 0.92387950
vn 0.29812524 -0.23993322 0.92387950
vn 0.29812524 -0.23993322 0.92387950
vn 0.71973801 -0.57925004 -0.38268343
vn 0.71973801 -0.57925004 -0.38268343
vn 0.71973801 -0.57925004 -0.38268343
vn 0.71973801 -0.57925004 -0.38268343
vn -0.62697572 -0.77903879 0.00000000
vn -0.62697572 -0.77903879 0.00000000
vn -0.62697572 -0.77903879 0.00000000
vn -0.62697572 -0.77903879 0.00000000
vn -0.62697572 -0.77903879 0.00000000
vn -0.62697572 -0.77903879 0.00000000
vn -0.62697572 -0.77903879 0.00000000
vn -0.62697572 -0.77903879 0.00000000
vn -0.62697572 -0.77903879 0.00000000
vn 0.62697572 0.77903879 -0.00000000
vn 0.62697572 0.77903879 -0.00000000
vn 0.62697572 0.77903879 -0.00000000
vn 0.62697572 0.77903879 -0.00000000
vn 0.62697572 0.77903879 -0.00000000
vn 0.62697572 0.77903879 -0.00000000
vn 0.62697572 0.77903879 -0.00000000
vn 0.62697572 0.77903879 -0.00000000
vn 0.62697572 0.77903879 -0.00000000
vn 0.00000000 -0.00000000 -1
vn 0.00000000 -0.00000000 -1
vn 0.00000000 -0.00000000 -1
vn 0.00000000 -0.00000000 -1
vn 0.00000000 -0.00000000 -1
vn 0.00000000 -0.00000000 -1
vn -0.00000000 0.00000000 1
vn -0.00000000 0.00000000 1
vn -0.00000000 0.00000000 1
vn -0.00000000 0.00000000 1
vn -0.00000000 0.00000000 1
vn -0.00000000 0.00000000 1
vn 0.77903879 -0.62697572 0.00000000
vn 0.77903879 -0.62697572 0.00000000
vn 0.77903879 -0.62697572 0.00000000
vn 0.77903879 -0.62697572 0.00000000
vn 0.99986762 -0.01627018 0.00000000
vn 0.99986762 -0.01627018 0.00000000
vn 0.99986762 -0.01627018 0.00000000
vn 0.99986762 -0.01627018 0.00000000
vn 0.43056044 -0.90256172 0.00000000
vn 0.43056044 -0.90256172 0.00000000
vn 0.43056044 -0.90256172 0.00000000
vn 0.43056044 -0.90256172 0.00000000
f 134/393/393 135/394/394 136/395/395 137/396/396
f 138/397/397 139/398/398 137/399/399 136/400/400
f 140/401/401 141/402/402 139/403/403 138/404/404
f 140/405/405 142/406/406 143/407/407 141/408/408
f 143/409/409 142/410/410 144/411/411 145/412/412
f 146/413/413 145/414/414 144/415/415 147/416/416
f 148/417/417 149/418/418 147/419/419 144/420/420 142/421/421 140/422/422 138/423/423 136/424/424 135/425/425
f 150/426/426 151/427/427 134/428/428 137/429/429 139/430/430 141/431/431 143/432/432 145/433/433 146/434/434
f 152/435/435 148/436/436 135/437/437 134/438/438 151/439/439 153/440/440
f 149/441/441 154/442/442 155/443/443 150/444/444 146/445/445 147/446/446
f 154/447/447 152/448/448 153/449/449 155/450/450
f 155/451/451 153/452/452 151/453/453 150/454/454
f 149/455/455 148/456/456 152/457/457 154/458/458
o Extruded.021
v -1.35422695 -2.64248991 0.19263741
v -1.38716662 -2.67138004 0.13402571
v -1.36729574 -2.64248991 0.18783511
v -1.33425701 -2.64248991 0.09792444
v -1.32118821 -2.64248991 0.10272674
v -1.42444980 -2.67138004 0.23548688
v -1.28768778 -2.62232518 0.11503686
v -1.37762749 -2.62232518 0.35979566
v -1.39981806 -2.62232518 0.35164148
v -1.37762749 -2.51107883 0.35979566
v -1.28768778 -2.51107883 0.11503686
v -1.30987835 -2.62232518 0.10688267
v -1.30987835 -2.51107883 0.10688267
v -1.38533509 -2.61034584 0.35696340
v -1.39449608 -2.62232518 0.33715856
v -1.38533509 -2.51107883 0.35696340
v -1.39449608 -2.51107883 0.33715856
vt 0.00592885 0.00592885
vt 0.99407113 0.85879910
vt 0.11945617 0.99407113
vt 1 0.00000000
vt -0.00000000 0.00000000
vt -0.00000000 1
vt 1 1
vt 0.65269673 0.01386377
vt 1 0.42839915
vt 0.66557336 0.47987744
vt 0.97333908 0.84722143
vt 0.83781338 1
vt 0.00000000 -0.00000000
vt 0.10469812 0.00592885
vt 0.99407113 0.85879910
vt 0.00592885 0.99407113
vt 1 1
vt 1 -0.00000000
vt 0 0
vt 0 1
vt 0 1
vt 0 0.15344727
vt 0.71936780 0
vt 1 0
vt 0.47650725 0.15344727
vt 0.47650725 1
vt 0.64487827 0.91259098
vt 0.06387220 1
vt -0.00000000 0.92719722
vt 0.11290302 0.94082791
vt 0.89248580 0.00000000
vt 1 0.12254675
vt 0.69561374 0.48989075
vt 0.98836792 0.49805561
vt 0.65266043 1
vt 0.65266043 0.10768403
vt 0 0.00000000
vt 1 0
vt 1 1
vt 0.05917212 -0.00000000
vt 0.00000000 0.65266043
vt 0.00000000 1
vt 1 1
vt 1 -0.00000000
vt 1 0
vt 1 1
vt 0.00000000 1
vt 0.00000000 0
vt 0.11300600 1
vt 1 1
vt 1 0
vt 0.00596421 0
vn 0.19035380 0.83391732 -0.51802254
vn 0.19035380 0.83391732 -0.51802254
vn 0.19035380 0.83391732 -0.51802254
vn 0 -1 0
vn 0 -1 0
vn 0 -1 0
vn 0 -1 0
vn 0.46171927 -0.87064874 0.16966447
vn 0.46171927 -0.87064874 0.16966447
vn 0.46171927 -0.87064874 0.16966447
vn 0.46171927 -0.87064874 0.16966447
vn 0.46171927 -0.87064874 0.16966447
vn 0.46171927 -0.87064874 0.16966447
vn -0.15125628 -0.89871430 0.41162384
vn -0.15125628 -0.89871430 0.41162384
vn -0.15125628 -0.89871430 0.41162384
vn 0.93863469 0 0.34491295
vn 0.93863469 0 0.34491295
vn 0.93863469 0 0.34491295
vn 0.93863469 0 0.34491295
vn 0.34491295 0 -0.93863469
vn 0.34491295 0 -0.93863469
vn 0.34491295 0 -0.93863469
vn 0.34491295 0 -0.93863469
vn 0.34491295 0 -0.93863469
vn 0.34491295 0 -0.93863469
vn -0.57562363 0.78988397 -0.21152006
vn -0.57562363 0.78988397 -0.21152006
vn -0.57562363 0.78988397 -0.21152006
vn -0.57562363 0.78988397 -0.21152006
vn -0.57562363 0.78988397 -0.21152006
vn -0.57562363 0.78988397 -0.21152006
vn -0.57562363 0.78988397 -0.21152006
vn -0.57562363 0.78988397 -0.21152006
vn -0.34491295 0 0.93863469
vn -0.34491295 0 0.93863469
vn -0.34491295 0 0.93863469
vn -0.34491295 0 0.93863469
vn -0.34491295 0 0.93863469
vn 0 1 0
vn 0 1 0
vn 0 1 0
vn 0 1 0
vn 0 1 0
vn -0.93863469 0 -0.34491295
vn -0.93863469 0 -0.34491295
vn -0.93863469 0 -0.34491295
vn -0.93863469 0 -0.34491295
vn -0.90760523 0 0.41982466
vn -0.90760523 0 0.41982466
vn -0.90760523 0 0.41982466
vn -0.90760523 0 0.41982466
f 156/459/459 157/460/460 158/461/461
f 158/462/462 159/463/463 160/464/464 156/465/465
f 161/466/466 157/467/467 156/468/468 160/469/469 162/470/470 163/471/471
f 164/472/472 161/473/473 163/474/474
f 165/475/475 163/476/476 162/477/477 166/478/478
f 166/479/479 162/480/480 160/481/481 159/482/482 167/483/483 168/484/484
f 161/485/485 164/486/486 169/487/487 170/488/488 167/489/489 159/490/490 158/491/491 157/492/492
f 171/493/493 169/494/494 164/495/495 163/496/496 165/497/497
f 172/498/498 171/499/499 165/500/500 166/501/501 168/502/502
f 170/503/503 172/504/504 168/505/505 167/506/506
f 169/507/507 171/508/508 172/509/509 170/510/510
o Extruded.017
v -1.23263514 -2.42415619 0.14775002
v -1.18119180 -2.42415619 0.19919334
v -1.62316096 -2.42415619 0.19919334
v -1.57171762 -2.42415619 0.14775002
v -1.23263514 -1.69776046 0.14775002
v -1.18119180 -1.69776046 0.19919334
v -1.62316096 -1.69776046 0.19919334
v -1.57171762 -1.69776046 0.14775002
v -1.31755257 -1.60133886 0.19919334
v -1.48680031 -1.60133886 0.19919334
v -1.36899590 -1.60133886 0.14775002
v -1.43535697 -1.60133886 0.14775002
vt 1 0.87905556
vt 0 0.99407113
vt 0 0.00592885
vt 1 0.12094442
vt 1 1
vt 1 0
vt 0 0
vt 0 1
vt 1 1
vt 1 0
vt 0.00000000 0
vt 0 1
vt 0 0.88281530
vt 0.30852994 1
vt 0.69147009 1
vt 1 0.88281530
vt 1 0
vt 0 0.00000000
vt 0.59785384 1
vt 1 0.88281530
vt 1 0.00000000
vt 0 0.00000000
vt 0 0.88281530
vt 0.40214613 1
vt 0 0.99407113
vt 1 0.69372249
vt 1 0.30627754
vt 0 0.00592885
vt 0.00592885 1
vt 0.43087253 1
vt 0.99407113 0
vt 0.56912744 -0.00000000
vt 0.56912744 1
vt 0.99407113 1
vt 0.43087253 -0.00000000
vt 0.00592885 -0.00000000
vn 0.00000000 -1 -0.00000000
vn 0.00000000 -1 -0.00000000
vn 0.00000000 -1 -0.00000000
vn 0.00000000 -1 -0.00000000
vn 0.70710677 0 -0.70710677
vn 0.70710677 0 -0.70710677
vn 0.70710677 0 -0.70710677
vn 0.70710677 0 -0.70710677
vn -0.70710677 0 -0.70710677
vn -0.70710677 0 -0.70710677
vn -0.70710677 0 -0.70710677
vn -0.70710677 0 -0.70710677
vn 0 0 1
vn 0 0 1
vn 0 0 1
vn 0 0 1
vn 0 0 1
vn 0 0 1
vn 0 0 -1
vn 0 0 -1
vn 0 0 -1
vn 0 0 -1
vn 0 0 -1
vn 0 0 -1
vn -0.00000000 1 0.00000000
vn -0.00000000 1 0.00000000
vn -0.00000000 1 0.00000000
vn -0.00000000 1 0.00000000
vn 0.50000000 0.70710677 -0.50000000
vn 0.50000000 0.70710677 -0.50000000
vn 0.50000000 0.70710677 -0.50000000
vn 0.50000000 0.70710677 -0.50000000
vn -0.50000000 0.70710677 -0.50000000
vn -0.50000000 0.70710677 -0.50000000
vn -0.50000000 0.70710677 -0.50000000
vn -0.50000000 0.70710677 -0.50000000
f 173/511/511 174/512/512 175/513/513 176/514/514
f 177/515/515 178/516/516 174/517/517 173/518/518
f 179/519/519 180/520/520 176/521/521 175/522/522
f 178/523/523 181/524/524 182/525/525 179/526/526 175/527/527 174/528/528
f 183/529/529 177/530/530 173/531/531 176/532/532 180/533/533 184/534/534
f 181/535/535 183/536/536 184/537/537 182/538/538
f 178/539/539 177/540/540 183/541/541 181/542/542
f 180/543/543 179/544/544 182/545/545 184/546/546
o Extruded.013
v -1.25139129 -0.38210270 0.27980331
v -1.25139129 -0.38210270 0.26381287
v -1.46824026 -0.38210270 0.26381287
v -1.46824026 -0.38210270 0.27980331
v -1.22148597 -0.41200805 0.27980331
v -1.49814558 -0.41200805 0.27980331
v -1.49814558 -0.48127788 0.27980331
v -1.22148597 -0.48127788 0.27980331
v -1.22148597 -0.41200805 0.20994504
v -1.22148597 -0.48127788 0.20994504
v -1.49814558 -0.41200805 0.20994504
v -1.49814558 -0.48127788 0.20994504
v -1.25139129 -0.38210270 0.20994504
v -1.46824026 -0.38210270 0.20994504
v -1.25139129 -0.38210270 0.22593549
v -1.46824026 -0.38210270 0.22593549
v -1.23747635 -0.39601758 0.22593549
v -1.23747635 -0.39601758 0.26381287
v -1.23747635 -0.48127788 0.22593549
v -1.23747635 -0.48127788 0.26381287
v -1.48215508 -0.48127788 0.22593549
v -1.48215508 -0.48127788 0.26381287
v -1.48215508 -0.39601758 0.26381287
v -1.48215508 -0.39601758 0.22593549
vt 0 1
vt 1 1
vt 1 0
vt 0 0
vt 0 0.69845951
vt 0.10809430 1
vt 0.89190573 1
vt 1 0.69845951
vt 1 0
vt 0 0
vt 0 1
vt 1 1
vt 1 0
vt 0 0
vt 0 1
vt 1 1
vt 1 0
vt 0 0
vt 0.89190573 1
vt 1 0.69845951
vt 1 0
vt 0 0
vt 0 0.69845951
vt 0.10809430 1
vt 0 1
vt 1 1
vt 1 0
vt 0 0
vt 0.77110159 1
vt 1 1
vt 1 0
vt 0 0
vt 0 1
vt 0.22889844 1
vt 0.22889844 0.53470230
vt 0.77110159 0.53470230
vt 1 1
vt 0 1
vt 0 0
vt 1 0
vt 0 0
vt 1 0
vt 0.77110159 0.05779827
vt 0.22889844 0.05779827
vt 0.22889844 0.94220173
vt 0.77110159 0.94220173
vt 1 1
vt 0 1
vt 0.77110159 1
vt 1 1
vt 1 0
vt 0 0
vt 0 1
vt 0.22889844 1
vt 0.22889844 0.53470230
vt 0.77110159 0.53470230
vt 1 0.85969388
vt 0.94313002 1
vt 0.05687001 1
vt 0 0.85969388
vt 0 0
vt 1 0
vt 0.05687001 1
vt 0 0.85969388
vt 0 0
vt 1 0
vt 1 0.85969388
vt 0.94313002 1
vt 1 1
vt 0 1
vt 0 0
vt 1 0
vn 0 1 0
vn 0 1 0
vn 0 1 0
vn 0 1 0
vn 0 0 1
vn 0 0 1
vn 0 0 1
vn 0 0 1
vn 0 0 1
vn 0 0 1
vn 1 0 0
vn 1 0 0
vn 1 0 0
vn 1 0 0
vn -1 0 0
vn -1 0 0
vn -1 0 0
vn -1 0 0
vn 0 0 -1
vn 0 0 -1
vn 0 0 -1
vn 0 0 -1
vn 0 0 -1
vn 0 0 -1
vn 0 1 0
vn 0 1 0
vn 0 1 0
vn 0 1 0
vn 0.70710677 0.70710677 0
vn 0.70710677 0.70710677 0
vn 0.70710677 0.70710677 0
vn 0.70710677 0.70710677 0
vn 0.70710677 0.70710677 0
vn 0.70710677 0.70710677 0
vn 0.70710677 0.70710677 0
vn 0.70710677 0.70710677 0
vn -1 0 0
vn -1 0 0
vn -1 0 0
vn -1 0 0
vn 0 -1 0
vn 0 -1 0
vn 0 -1 0
vn 0 -1 0
vn 0 -1 0
vn 0 -1 0
vn 0 -1 0
vn 0 -1 0
vn -0.70710677 0.70710677 0
vn -0.70710677 0.70710677 0
vn -0.70710677 0.70710677 0
vn -0.70710677 0.70710677 0
vn -0.70710677 0.70710677 0
vn -0.70710677 0.70710677 0
vn -0.70710677 0.70710677 0
vn -0.70710677 0.70710677 0
vn 0 0 1
vn 0 0 1
vn 0 0 1
vn 0 0 1
vn 0 0 1
vn 0 0 1
vn 0 0 -1
vn 0 0 -1
vn 0 0 -1
vn 0 0 -1
vn 0 0 -1
vn 0 0 -1
vn 1 0 0
vn 1 0 0
vn 1 0 0
vn 1 0 0
f 185/547/547 186/548/548 187/549/549 188/550/550
f 189/551/551 185/552/552 188/553/553 190/554/554 191/555/555 192/556/556
f 193/557/557 189/558/558 192/559/559 194/560/560
f 190/561/561 195/562/562 196/563/563 191/564/564
f 197/565/565 193/566/566 194/567/567 196/568/568 195/569/569 198/570/570
f 199/571/571 197/572/572 198/573/573 200/574/574
f 186/575/575 185/576/576 189/577/577 193/578/578 197/579/579 199/580/580 201/581/581 202/582/582
f 202/583/583 201/584/584 203/585/585 204/586/586
f 191/587/587 196/588/588 205/589/589 206/590/590
f 206/590/590 204/591/591 203/592/592 205/589/589 196/588/588 194/593/593 192/594/594 191/587/587
f 200/595/595 198/596/596 195/597/597 190/598/598 188/599/599 187/600/600 207/601/601 208/602/602
f 201/603/603 199/604/604 200/605/605 208/606/606 205/607/607 203/608/608
f 186/609/609 202/610/610 204/611/611 206/612/612 207/613/613 187/614/614
f 208/615/615 207/616/616 206/617/617 205/618/618
o Extruded.015
v -1.57171762 -0.97406727 0.14775002
v -1.62316096 -0.97406727 0.19919334
v -1.18119180 -0.97406727 0.19919334
v -1.23263514 -0.97406727 0.14775002
v -1.57171762 -1.70046294 0.14775002
v -1.62316096 -1.70046294 0.19919334
v -1.18119180 -1.70046294 0.19919334
v -1.23263514 -1.70046294 0.14775002
v -1.48680031 -1.79688454 0.19919334
v -1.31755257 -1.79688454 0.19919334
v -1.43535697 -1.79688454 0.14775002
v -1.36899590 -1.79688454 0.14775002
vt 1 0.87905556
vt 0 0.99407113
vt 0 0.00592885
vt 1 0.12094442
vt 1 1
vt 1 0
vt 0 0.00000000
vt 0.00000000 1
vt 1 1
vt 1 0.00000000
vt 0.00000000 0
vt 0 1
vt 0 0.88281530
vt 0.30852994 1
vt 0.69147009 1
vt 1 0.88281530
vt 1 0
vt 0.00000000 0.00000000
vt 0.59785384 1
vt 1 0.88281530
vt 1 0.00000000
vt 0.00000000 0
vt 0 0.88281530
vt 0.40214613 1
vt 0 0.99407113
vt 1 0.69372249
vt 1 0.30627754
vt 0 0.00592885
vt 0.00592885 1
vt 0.43087253 1
vt 0.99407113 0.00000000
vt 0.56912744 0
vt 0.56912744 1
vt 0.99407113 1
vt 0.43087253 0.00000000
vt 0.00592885 0
vn -0.00000000 1 -0.00000000
vn -0.00000000 1 -0.00000000
vn -0.00000000 1 -0.00000000
vn -0.00000000 1 -0.00000000
vn -0.70710677 0.00000000 -0.70710677
vn -0.70710677 0.00000000 -0.70710677
vn -0.70710677 0.00000000 -0.70710677
vn -0.70710677 0.00000000 -0.70710677
vn 0.70710677 -0.00000000 -0.70710677
vn 0.70710677 -0.00000000 -0.70710677
vn 0.70710677 -0.00000000 -0.70710677
vn 0.70710677 -0.00000000 -0.70710677
vn 0 0 1
vn 0 0 1
vn 0 0 1
vn 0 0 1
vn 0 0 1
vn 0 0 1
vn 0 0 -1
vn 0 0 -1
vn 0 0 -1
vn 0 0 -1
vn 0 0 -1
vn 0 0 -1
vn 0.00000000 -1 0.00000000
vn 0.00000000 -1 0.00000000
vn 0.00000000 -1 0.00000000
vn 0.00000000 -1 0.00000000
vn -0.50000000 -0.70710677 -0.50000000
vn -0.50000000 -0.70710677 -0.50000000
vn -0.50000000 -0.70710677 -0.50000000
vn -0.50000000 -0.70710677 -0.50000000
vn 0.50000000 -0.70710677 -0.50000000
vn 0.50000000 -0.70710677 -0.50000000
vn 0.50000000 -0.70710677 -0.50000000
vn 0.50000000 -0.70710677 -0.50000000
f 209/619/619 210/620/620 211/621/621 212/622/622
f 213/623/623 214/624/624 210/625/625 209/626/626
f 215/627/627 216/628/628 212/629/629 211/630/630
f 214/631/631 217/632/632 218/633/633 215/634/634 211/635/635 210/636/636
f 219/637/637 213/638/638 209/639/639 212/640/640 216/641/641 220/642/642
f 217/643/643 219/644/644 220/645/645 218/646/646
f 214/647/647 213/648/648 219/649/649 217/650/650
f 216/651/651 215/652/652 218/653/653 220/654/654
o Extruded.014
v -1.18190622 -0.51466352 0.17349352
v -1.18190622 -0.51466352 0.31625482
v -1.18190622 -0.55842274 0.31625482
v -1.18190622 -0.55842274 0.17349352
v -1.31234848 -0.48971859 0.12115766
v -1.23705876 -0.45951095 0.15136530
v -1.31234848 -0.55842274 0.12115766
v -1.40728307 -0.48971859 0.12115766
v -1.40728307 -0.55842274 0.12115766
v -1.27654970 -0.42002004 0.29889214
v -1.23705876 -0.45951095 0.33838305
v -1.27654970 -0.42002004 0.19085620
v -1.48257279 -0.45951095 0.15136530
v -1.44308186 -0.42002004 0.19085620
v -1.44308186 -0.42002004 0.29889214
v -1.31234848 -0.48971859 0.36859068
v -1.31234848 -0.55842274 0.36859068
v -1.40728307 -0.48971859 0.36859068
v -1.48257279 -0.45951095 0.33838305
v -1.40728307 -0.55842274 0.36859068
v -1.53772533 -0.55842274 0.31625482
v -1.53772533 -0.55842274 0.17349352
v -1.53772533 -0.51466352 0.17349352
v -1.53772533 -0.51466352 0.31625482
vt 1 1
vt 0 1
vt 0 0.00000000
vt 1 0
vt 1 0.69460028
vt 0.42281207 1
vt 0 0.44240662
vt 0 0
vt 1 0
vt 0 0
vt 0 1
vt 1 1
vt 1 0.00000000
vt 0.21116129 1
vt 0 0.58274019
vt 0.11832158 0
vt 0.88167840 0.00000000
vt 1 0.58274019
vt 0.78883868 1
vt 0.30666143 1
vt 0.69333857 1
vt 1 0.56659597
vt 0.83915007 0
vt 0.16084993 0.00000000
vt 0 0.56659597
vt 0 0
vt -0.00000000 1
vt 1 1
vt 1 0
vt 0.57718790 1
vt 0 0.69460028
vt 0 0
vt 1 0
vt 1 0.44240662
vt 0.30666143 1
vt 0.69333857 1
vt 1 0.56659597
vt 0.83915007 0
vt 0.16084993 0.00000000
vt 0 0.56659597
vt 0 0
vt 0 1
vt 1 1
vt 1 0
vt 0 0.63340294
vt 0 0.36659703
vt 0.21151528 0
vt 0.78848469 0
vt 1 0.36659703
vt 1 0.63340294
vt 0.78848469 1
vt 0.21151528 1
vt 1 0.58274019
vt 0.78883868 1
vt 0.21116129 1
vt 0 0.58274019
vt 0.11832158 0
vt 0.88167840 0.00000000
vt 1 0.69460028
vt 0.42281207 1
vt 0 0.44240662
vt 0 0
vt 1 0
vt 0.57718790 1
vt 0.00000000 0.69460028
vt 0 0
vt 1 0
vt 1 0.44240662
vt 1 1
vt 0 1
vt 0 -0.00000000
vt 1 0
vn 1 0 0.00000000
vn 1 0 0.00000000
vn 1 0 0.00000000
vn 1 0 0.00000000
vn 0.37236553 0 -0.92808616
vn 0.37236553 0 -0.92808616
vn 0.37236553 0 -0.92808616
vn 0.37236553 0 -0.92808616
vn 0.37236553 0 -0.92808616
vn -0.00000000 0 -1
vn -0.00000000 0 -1
vn -0.00000000 0 -1
vn -0.00000000 0 -1
vn 0.70710677 0.70710677 -0.00000000
vn 0.70710677 0.70710677 -0.00000000
vn 0.70710677 0.70710677 -0.00000000
vn 0.70710677 0.70710677 -0.00000000
vn 0.70710677 0.70710677 -0.00000000
vn 0.70710677 0.70710677 -0.00000000
vn -0.00000000 0.70710677 -0.70710677
vn -0.00000000 0.70710677 -0.70710677
vn -0.00000000 0.70710677 -0.70710677
vn -0.00000000 0.70710677 -0.70710677
vn -0.00000000 0.70710677 -0.70710677
vn -0.00000000 0.70710677 -0.70710677
vn -0.00000000 1 -0.00000000
vn -0.00000000 1 -0.00000000
vn -0.00000000 1 -0.00000000
vn -0.00000000 1 -0.00000000
vn 0.37236553 0 0.92808616
vn 0.37236553 0 0.92808616
vn 0.37236553 0 0.92808616
vn 0.37236553 0 0.92808616
vn 0.37236553 0 0.92808616
vn -0.00000000 0.70710677 0.70710677
vn -0.00000000 0.70710677 0.70710677
vn -0.00000000 0.70710677 0.70710677
vn -0.00000000 0.70710677 0.70710677
vn -0.00000000 0.70710677 0.70710677
vn -0.00000000 0.70710677 0.70710677
vn -0.00000000 0 1
vn -0.00000000 0 1
vn -0.00000000 0 1
vn -0.00000000 0 1
vn 0.00000000 -1 0.00000000
vn 0.00000000 -1 0.00000000
vn 0.00000000 -1 0.00000000
vn 0.00000000 -1 0.00000000
vn 0.00000000 -1 0.00000000
vn 0.00000000 -1 0.00000000
vn 0.00000000 -1 0.00000000
vn 0.00000000 -1 0.00000000
vn -0.70710677 0.70710677 -0.00000000
vn -0.70710677 0.70710677 -0.00000000
vn -0.70710677 0.70710677 -0.00000000
vn -0.70710677 0.70710677 -0.00000000
vn -0.70710677 0.70710677 -0.00000000
vn -0.70710677 0.70710677 -0.00000000
vn -0.37236553 0 0.92808616
vn -0.37236553 0 0.92808616
vn -0.37236553 0 0.92808616
vn -0.37236553 0 0.92808616
vn -0.37236553 0 0.92808616
vn -0.37236553 0 -0.92808616
vn -0.37236553 0 -0.92808616
vn -0.37236553 0 -0.92808616
vn -0.37236553 0 -0.92808616
vn -0.37236553 0 -0.92808616
vn -1 0 0.00000000
vn -1 0 0.00000000
vn -1 0 0.00000000
vn -1 0 0.00000000
f 221/655/655 222/656/656 223/657/657 224/658/658
f 225/659/659 226/660/660 221/661/661 224/662/662 227/663/663
f 228/664/664 225/665/665 227/666/666 229/667/667
f 230/668/668 231/669/669 222/670/670 221/671/671 226/672/672 232/673/673
f 225/674/674 228/675/675 233/676/676 234/677/677 232/678/678 226/679/679
f 235/680/680 230/681/681 232/682/682 234/683/683
f 231/684/684 236/685/685 237/686/686 223/687/687 222/688/688
f 238/689/689 236/690/690 231/691/691 230/692/692 235/693/693 239/694/694
f 236/695/695 238/696/696 240/697/697 237/698/698
f 237/699/699 240/700/700 241/701/701 242/702/702 229/703/703 227/704/704 224/705/705 223/706/706
f 239/707/707 235/708/708 234/709/709 233/710/710 243/711/711 244/712/712
f 238/713/713 239/714/714 244/715/715 241/716/716 240/717/717
f 233/718/718 228/719/719 229/720/720 242/721/721 243/722/722
f 244/723/723 243/724/724 242/725/725 241/726/726
o Extruded.016
v -1.58945692 -1.71794522 0.36486319
v -1.62396669 -1.65055311 0.36486319
v -1.63985813 -1.57652569 0.36486319
v -1.63604832 -1.50090754 0.36486319
v -1.61279702 -1.42885220 0.36486319
v -1.57168865 -1.36526990 0.36486319
v -1.51552474 -1.31449366 0.36486319
v -1.44813263 -1.27998400 0.36486319
v -1.37410522 -1.26409256 0.36486319
v -1.29848707 -1.26790226 0.36486319
v -1.22643173 -1.29115355 0.36486319
v -1.16284943 -1.33226192 0.36486319
v -1.11207330 -1.38842595 0.36486319
v -1.07756352 -1.45581794 0.36486319
v -1.06167209 -1.52984548 0.36486319
v -1.06548178 -1.60546350 0.36486319
v -1.08873308 -1.67751896 0.36486319
v -1.12984145 -1.74110126 0.36486319
v -1.18600547 -1.79187739 0.36486319
v -1.25339746 -1.82638705 0.36486319
v -1.32742500 -1.84227860 0.36486319
v -1.40304303 -1.83846879 0.36486319
v -1.47509849 -1.81521749 0.36486319
v -1.53868079 -1.77410913 0.36486319
v -1.57401288 -1.73833406 0.36486319
v -1.53591359 -1.32993782 0.38909847
v -1.52787137 -1.32350552 0.40693253
v -1.51552474 -1.31449366 0.40693253
v -1.57168865 -1.36526990 0.40693253
v -1.54372239 -1.33665156 0.40693253
v -1.17365885 -1.78286552 0.40693253
v -1.18600547 -1.79187739 0.40693253
v -1.12984145 -1.74110126 0.40693253
v -1.15780771 -1.76971960 0.40693253
v -1.16561651 -1.77643335 0.38909847
v -1.44813263 -1.27998400 0.40693253
v -1.37410522 -1.26409256 0.40693253
v -1.29848707 -1.26790226 0.40693253
v -1.22643173 -1.29115355 0.40693253
v -1.16284943 -1.33226192 0.40693253
v -1.11207330 -1.38842595 0.40693253
v -1.07756352 -1.45581794 0.40693253
v -1.06167209 -1.52984548 0.40693253
v -1.06548178 -1.60546350 0.40693253
v -1.08873308 -1.67751896 0.40693253
v -1.25339746 -1.82638705 0.40693253
v -1.32742500 -1.84227860 0.40693253
v -1.40304303 -1.83846879 0.40693253
v -1.47509849 -1.81521749 0.40693253
v -1.53868079 -1.77410913 0.40693253
v -1.58945692 -1.71794522 0.40693253
v -1.62396669 -1.65055311 0.40693253
v -1.63985813 -1.57652569 0.40693253
v -1.63604832 -1.50090754 0.40693253
v -1.61279702 -1.42885220 0.40693253
v -1.53741455 -1.35604072 0.41996109
v -1.36448061 -1.56456041 0.41996109
v -1.35076511 -1.55318558 0.38909847
v -1.19154668 -1.77308011 0.41996109
v -1.19654238 -1.77661216 0.41996109
v -1.55755985 -1.37728775 0.41996109
v -1.59603918 -1.43680370 0.41996109
v -1.61780345 -1.50425100 0.41996109
v -1.62136960 -1.57503295 0.41996109
v -1.60649443 -1.64432621 0.41996109
v -1.57419181 -1.70740819 0.41996109
v -1.52666295 -1.75998032 0.41996109
v -1.46714687 -1.79845965 0.41996109
v -1.39969969 -1.82022393 0.41996109
v -1.32891762 -1.82379007 0.41996109
v -1.25962448 -1.80891490 0.41996109
v -1.16411567 -1.75033045 0.41996109
v -1.33704960 -1.54181075 0.41996109
v -1.50998354 -1.33329105 0.41996109
v -1.50498772 -1.32975888 0.41996109
v -1.14397037 -1.72908342 0.41996109
v -1.10549104 -1.66956735 0.41996109
v -1.08372664 -1.60212016 0.41996109
v -1.08016062 -1.53133810 0.41996109
v -1.09503579 -1.46204495 0.41996109
v -1.12733841 -1.39896286 0.41996109
v -1.17486727 -1.34639084 0.41996109
v -1.23438323 -1.30791152 0.41996109
v -1.30183053 -1.28614712 0.41996109
v -1.37261248 -1.28258109 0.41996109
v -1.44190574 -1.29745615 0.41996109
vt 0.62787503 0.97723609
vt 0.74703556 0.92787814
vt 0.84936106 0.84936106
vt 0.92787814 0.74703556
vt 0.97723609 0.62787503
vt 0.99407113 0.50000000
vt 0.97723609 0.37212497
vt 0.92787814 0.25296444
vt 0.84936106 0.15063894
vt 0.74703556 0.07212184
vt 0.62787503 0.02276392
vt 0.50000000 0.00592885
vt 0.37212497 0.02276392
vt 0.25296444 0.07212184
vt 0.15063894 0.15063894
vt 0.07212184 0.25296444
vt 0.02276392 0.37212497
vt 0.00592885 0.50000000
vt 0.02276392 0.62787503
vt 0.07212184 0.74703556
vt 0.15063894 0.84936106
vt 0.25296444 0.92787814
vt 0.37212497 0.97723609
vt 0.50000000 0.99407113
vt 0.58533162 0.98664647
vt 0.97237366 0.57607907
vt 0.96672231 1
vt 0.95833331 1
vt 0.95833331 0
vt 1 0
vt 1 1
vt 0.97802502 1
vt 0.46672228 1
vt 0.45833334 1
vt 0.45833334 0
vt 0.50000000 0
vt 0.50000000 1
vt 0.47802499 1
vt 0.47237363 0.57607907
vt 0.91666669 1
vt 0.91666669 0
vt 0.87500000 1
vt 0.87500000 0
vt 0.83333331 1
vt 0.83333331 0
vt 0.79166669 1
vt 0.79166669 0
vt 0.75000000 1
vt 0.75000000 0
vt 0.70833331 1
vt 0.70833331 0
vt 0.66666669 1
vt 0.66666669 0
vt 0.62500000 1
vt 0.62500000 0
vt 0.58333331 1
vt 0.58333331 0
vt 0.54166669 1
vt 0.54166669 0
vt 0.41666666 1
vt 0.41666666 0
vt 0.37500000 1
vt 0.37500000 0
vt 0.33333334 1
vt 0.33333334 0
vt 0.29166666 1
vt 0.29166666 0
vt 0.25000000 1
vt 0.25000000 0
vt 0.20833333 1
vt 0.20833333 0
vt 0.22237365 0
vt 0.16666667 1
vt 0.16666667 0
vt 0.12500000 1
vt 0.12500000 0
vt 0.08333334 1
vt 0.08333334 0
vt 0.04166667 1
vt 0.04166667 0
vt 0 0.03298591
vt 0 0.50000000
vt 1 0.50000000
vt 1 0
vt 0.42214710 0.00031518
vt 1 1
vt 0.00000000 0.96701407
vt 0.42214710 0.99968481
vt 0.01563863 0
vt 0.02289125 0
vt 0.02289125 1
vt 0.00592885 1
vt 0.99407113 1
vt 0.94963789 1
vt 0.94963789 0
vt 0.98436135 0
vt 0.86538815 1
vt 0.86538815 0
vt 0.78113848 1
vt 0.78113848 0
vt 0.69688880 1
vt 0.69688880 0
vt 0.61263907 1
vt 0.61263907 0
vt 0.52838939 1
vt 0.52838939 0
vt 0.44413972 1
vt 0.44413972 0
vt 0.35989001 1
vt 0.35989001 0
vt 0.27564034 1
vt 0.27564034 0
vt 0.19139063 1
vt 0.19139063 0
vt 0.10714094 1
vt 0.10714094 0
vt 0.49854258 0.15966770
vt 0.99115628 0.00592885
vt 0.99407113 0.10199749
vt 0.97699285 0.33288315
vt 0.92692173 0.54803431
vt 0.84727007 0.73278880
vt 0.74346608 0.87455595
vt 0.62258375 0.96367449
vt 0.49286103 0.99407113
vt 0.36313829 0.96367449
vt 0.24225596 0.87455595
vt 0.13845195 0.73278880
vt 0.05880032 0.54803431
vt 0.00872922 0.33288315
vt 0.00592885 0.31340656
vt 1 0.96701407
vt 1 0.50000000
vt 0 0.50000000
vt 0 1
vt 0.57785290 0.99968481
vt 0 0
vt 1 0.03298591
vt 0.57785290 0.00031518
vt 0.01563863 0
vt 0.02289125 0
vt 0.02289125 1
vt 0.00592885 1
vt 0.99407113 1
vt 0.94963789 1
vt 0.94963789 0
vt 0.98436135 0
vt 0.86538815 1
vt 0.86538815 0
vt 0.78113848 1
vt 0.78113848 0
vt 0.69688880 1
vt 0.69688880 0
vt 0.61263907 1
vt 0.61263907 0
vt 0.52838939 1
vt 0.52838939 0
vt 0.44413972 1
vt 0.44413972 0
vt 0.35989001 1
vt 0.35989001 0
vt 0.27564034 1
vt 0.27564034 0
vt 0.19139063 1
vt 0.19139063 0
vt 0.10714094 1
vt 0.10714094 0
vt 0.50145745 0.84033227
vt 0.00884370 0.99407113
vt 0.00592885 0.89800251
vt 0.02300717 0.66711688
vt 0.07307827 0.45196569
vt 0.15272990 0.26721117
vt 0.25653392 0.12544407
vt 0.37741625 0.03632553
vt 0.50713897 0.00592885
vt 0.63686168 0.03632553
vt 0.75774401 0.12544407
vt 0.86154807 0.26721117
vt 0.94119966 0.45196569
vt 0.99127078 0.66711688
vt 0.99407113 0.68659347
vn 0 0 -1
vn 0 0 -1
vn 0 0 -1
vn 0 0 -1
vn 0 0 -1
vn 0 0 -1
vn 0 0 -1
vn 0 0 -1
vn 0 0 -1
vn 0 0 -1
vn 0 0 -1
vn 0 0 -1
vn 0 0 -1
vn 0 0 -1
vn 0 0 -1
vn 0 0 -1
vn 0 0 -1
vn 0 0 -1
vn 0 0 -1
vn 0 0 -1
vn 0 0 -1
vn 0 0 -1
vn 0 0 -1
vn 0 0 -1
vn 0 0 -1
vn -0.63836908 0.76973045 0
vn -0.61064041 0.79190803 0
vn -0.56807071 0.82297975 0
vn -0.56807071 0.82297975 0
vn -0.76171702 0.64790988 0
vn -0.76171702 0.64790988 0
vn -0.66529292 0.74658245 0
vn 0.61064041 -0.79190803 0
vn 0.56807071 -0.82297975 0
vn 0.56807071 -0.82297975 0
vn 0.76171702 -0.64790988 0
vn 0.76171702 -0.64790988 0
vn 0.66529292 -0.74658245 0
vn 0.63836908 -0.76973045 0
vn -0.33571133 0.94196492 0
vn -0.33571133 0.94196492 0
vn -0.08047380 0.99675673 0
vn -0.08047380 0.99675673 0
vn 0.18024790 0.98362124 0
vn 0.18024790 0.98362124 0
vn 0.42868599 0.90345353 0
vn 0.42868599 0.90345353 0
vn 0.64790988 0.76171702 0
vn 0.64790988 0.76171702 0
vn 0.82297975 0.56807071 0
vn 0.82297975 0.56807071 0
vn 0.94196492 0.33571133 0
vn 0.94196492 0.33571133 0
vn 0.99675673 0.08047380 0
vn 0.99675673 0.08047380 0
vn 0.98362124 -0.18024790 0
vn 0.98362124 -0.18024790 0
vn 0.90345353 -0.42868599 0
vn 0.90345353 -0.42868599 0
vn 0.33571133 -0.94196492 0
vn 0.33571133 -0.94196492 0
vn 0.08047380 -0.99675673 0
vn 0.08047380 -0.99675673 0
vn -0.18024790 -0.98362124 0
vn -0.18024790 -0.98362124 0
vn -0.42868599 -0.90345353 0
vn -0.42868599 -0.90345353 0
vn -0.64790988 -0.76171702 0
vn -0.64790988 -0.76171702 0
vn -0.82297975 -0.56807071 0
vn -0.82297975 -0.56807071 0
vn -0.76973045 -0.63836908 0
vn -0.94196492 -0.33571133 0
vn -0.94196492 -0.33571133 0
vn -0.99675673 -0.08047380 0
vn -0.99675673 -0.08047380 0
vn -0.98362124 0.18024790 0
vn -0.98362124 0.18024790 0
vn -0.90345353 0.42868599 0
vn -0.90345353 0.42868599 0
vn 0.66660613 0.55284381 0.50000000
vn 0.66660613 0.55284381 0.50000000
vn 0.66660613 0.55284381 0.50000000
vn 0.66660613 0.55284381 0.50000000
vn 0.66660613 0.55284381 0.50000000
vn 0.66660613 0.55284381 0.50000000
vn 0.66660613 0.55284381 0.50000000
vn 0.66660613 0.55284381 0.50000000
vn 0.33709231 -0.46555373 0.81830829
vn 0.32651541 -0.47303191 0.81830829
vn 0.32651541 -0.47303191 0.81830829
vn 0.35098359 -0.45517251 0.81830829
vn -0.38239673 0.42912030 0.81830829
vn -0.43781933 0.37240532 0.81830829
vn -0.43781933 0.37240532 0.81830829
vn -0.39516830 0.41738892 0.81830829
vn -0.51928657 0.24639994 0.81830829
vn -0.51928657 0.24639994 0.81830829
vn -0.56536531 0.10360280 0.81830829
vn -0.56536531 0.10360280 0.81830829
vn -0.57291538 -0.04625469 0.81830829
vn -0.57291538 -0.04625469 0.81830829
vn -0.54142213 -0.19296001 0.81830829
vn -0.54142213 -0.19296001 0.81830829
vn -0.47303191 -0.32651541 0.81830829
vn -0.47303191 -0.32651541 0.81830829
vn -0.37240532 -0.43781933 0.81830829
vn -0.37240532 -0.43781933 0.81830829
vn -0.24639994 -0.51928657 0.81830829
vn -0.24639994 -0.51928657 0.81830829
vn -0.10360280 -0.56536531 0.81830829
vn -0.10360280 -0.56536531 0.81830829
vn 0.04625469 -0.57291538 0.81830829
vn 0.04625469 -0.57291538 0.81830829
vn 0.19296001 -0.54142213 0.81830829
vn 0.19296001 -0.54142213 0.81830829
vn 0 0 1
vn 0 0 1
vn 0 0 1
vn 0 0 1
vn 0 0 1
vn 0 0 1
vn 0 0 1
vn 0 0 1
vn 0 0 1
vn 0 0 1
vn 0 0 1
vn 0 0 1
vn 0 0 1
vn 0 0 1
vn 0 0 1
vn -0.66660613 -0.55284381 0.50000000
vn -0.66660613 -0.55284381 0.50000000
vn -0.66660613 -0.55284381 0.50000000
vn -0.66660613 -0.55284381 0.50000000
vn -0.66660613 -0.55284381 0.50000000
vn -0.66660613 -0.55284381 0.50000000
vn -0.66660613 -0.55284381 0.50000000
vn -0.66660613 -0.55284381 0.50000000
vn -0.33709231 0.46555373 0.81830829
vn -0.32651541 0.47303191 0.81830829
vn -0.32651541 0.47303191 0.81830829
vn -0.35098359 0.45517251 0.81830829
vn 0.38239673 -0.42912030 0.81830829
vn 0.43781933 -0.37240532 0.81830829
vn 0.43781933 -0.37240532 0.81830829
vn 0.39516830 -0.41738892 0.81830829
vn 0.51928657 -0.24639994 0.81830829
vn 0.51928657 -0.24639994 0.81830829
vn 0.56536531 -0.10360280 0.81830829
vn 0.56536531 -0.10360280 0.81830829
vn 0.57291538 0.04625469 0.81830829
vn 0.57291538 0.04625469 0.81830829
vn 0.54142213 0.19296001 0.81830829
vn 0.54142213 0.19296001 0.81830829
vn 0.47303191 0.32651541 0.81830829
vn 0.47303191 0.32651541 0.81830829
vn 0.37240532 0.43781933 0.81830829
vn 0.37240532 0.43781933 0.81830829
vn 0.24639994 0.51928657 0.81830829
vn 0.24639994 0.51928657 0.81830829
vn 0.10360280 0.56536531 0.81830829
vn 0.10360280 0.56536531 0.81830829
vn -0.04625469 0.57291538 0.81830829
vn -0.04625469 0.57291538 0.81830829
vn -0.19296001 0.54142213 0.81830829
vn -0.19296001 0.54142213 0.81830829
vn 0 0 1
vn 0 0 1
vn 0 0 1
vn 0 0 1
vn 0 0 1
vn 0 0 1
vn 0 0 1
vn 0 0 1
vn 0 0 1
vn 0 0 1
vn 0 0 1
vn 0 0 1
vn 0 0 1
vn 0 0 1
vn 0 0 1
f 245/727/727 246/728/728 247/729/729 248/730/730 249/731/731 250/732/732 251/733/733 252/734/734 253/735/735 254/736/736 255/737/737 256/738/738 257/739/739 258/740/740 259/741/741 260/742/742 261/743/743 262/744/744 263/745/745 264/746/746 265/747/747 266/748/748 267/749/749 268/750/750 269/751/751
f 270/752/752 271/753/753 272/754/754 251/755/755 250/756/756 273/757/757 274/758/758
f 275/759/759 276/760/760 263/761/761 262/762/762 277/763/763 278/764/764 279/765/765
f 280/766/766 252/767/767 251/755/755 272/754/754
f 281/768/768 253/769/769 252/767/767 280/766/766
f 282/770/770 254/771/771 253/769/769 281/768/768
f 283/772/772 255/773/773 254/771/771 282/770/770
f 284/774/774 256/775/775 255/773/773 283/772/772
f 285/776/776 257/777/777 256/775/775 284/774/774
f 286/778/778 258/779/779 257/777/777 285/776/776
f 287/780/780 259/781/781 258/779/779 286/778/778
f 288/782/782 260/783/783 259/781/781 287/780/780
f 289/784/784 261/785/785 260/783/783 288/782/782
f 277/763/763 262/762/762 261/785/785 289/784/784
f 290/786/786 264/787/787 263/761/761 276/760/760
f 291/788/788 265/789/789 264/787/787 290/786/786
f 292/790/790 266/791/791 265/789/789 291/788/788
f 293/792/792 267/793/793 266/791/791 292/790/790
f 294/794/794 268/795/795 267/793/793 293/792/792
f 295/796/796 245/797/797 269/798/798 268/795/795 294/794/794
f 296/799/799 246/800/800 245/797/797 295/796/796
f 297/801/801 247/802/802 246/800/800 296/799/799
f 298/803/803 248/804/804 247/802/802 297/801/801
f 299/805/805 249/806/806 248/804/804 298/803/803
f 273/757/757 250/756/756 249/806/806 299/805/805
f 300/807/807 301/808/808 302/809/809 270/810/810 274/811/811
f 279/812/812 302/809/809 301/808/808 303/813/813 275/814/814
f 303/815/815 304/816/816 276/817/817 275/818/818
f 274/819/819 273/820/820 305/821/821 300/822/822
f 273/820/820 299/823/823 306/824/824 305/821/821
f 299/823/823 298/825/825 307/826/826 306/824/824
f 298/825/825 297/827/827 308/828/828 307/826/826
f 297/827/827 296/829/829 309/830/830 308/828/828
f 296/829/829 295/831/831 310/832/832 309/830/830
f 295/831/831 294/833/833 311/834/834 310/832/832
f 294/833/833 293/835/835 312/836/836 311/834/834
f 293/835/835 292/837/837 313/838/838 312/836/836
f 292/837/837 291/839/839 314/840/840 313/838/838
f 291/839/839 290/841/841 315/842/842 314/840/840
f 290/841/841 276/817/817 304/816/816 315/842/842
f 301/843/843 300/844/844 305/845/845 306/846/846 307/847/847 308/848/848 309/849/849 310/850/850 311/851/851 312/852/852 313/853/853 314/854/854 315/855/855 304/856/856 303/857/857
f 316/858/858 317/859/859 302/860/860 279/861/861 278/862/862
f 270/863/863 302/860/860 317/859/859 318/864/864 271/865/865
f 318/866/866 319/867/867 272/868/868 271/869/869
f 278/870/870 277/871/871 320/872/872 316/873/873
f 277/871/871 289/874/874 321/875/875 320/872/872
f 289/874/874 288/876/876 322/877/877 321/875/875
f 288/876/876 287/878/878 323/879/879 322/877/877
f 287/878/878 286/880/880 324/881/881 323/879/879
f 286/880/880 285/882/882 325/883/883 324/881/881
f 285/882/882 284/884/884 326/885/885 325/883/883
f 284/884/884 283/886/886 327/887/887 326/885/885
f 283/886/886 282/888/888 328/889/889 327/887/887
f 282/888/888 281/890/890 329/891/891 328/889/889
f 281/890/890 280/892/892 330/893/893 329/891/891
f 280/892/892 272/868/868 319/867/867 330/893/893
f 317/894/894 316/895/895 320/896/896 321/897/897 322/898/898 323/899/899 324/900/900 325/901/901 326/902/902 327/903/903 328/904/904 329/905/905 330/906/906 319/907/907 318/908/908
o Extruded.019
v -1.53947818 -2.44975638 0.42487895
v -1.53947818 -2.44975638 0.44102660
v -0.96451843 -1.77548575 0.44102660
v -0.96451843 -1.77548575 0.42487895
v -0.89807677 -2.44975638 0.42487895
v -0.89807677 -2.44975638 0.44102660
v -0.49559569 -1.97059214 0.42487895
v -0.49559569 -1.97059214 0.44102660
v -0.49559569 -1.66014624 0.44102660
v -0.96451843 -1.66014624 0.44102660
v -0.96451843 -1.54172719 0.42487895
v -0.49559569 -1.54172719 0.42487895
vt 0 0
vt 0 1
vt 1 1
vt 1 0
vt 0 1
vt 1 1
vt 1 0
vt 0 0
vt 0 0
vt 0 1
vt 1 1
vt 1 0
vt 1 1
vt 0.55078977 1
vt 0.55078977 0.85392863
vt 0 0
vt 0.61443830 0
vt 1 0.60683656
vt 0.55078977 1
vt 1 1
vt 1 0.52769697
vt 0.61443830 0
vt 0 0
vt 0.55078977 0.74256504
vt 0.00596421 0
vt 0.28043944 1
vt 1 1
vt 1 0
vt 0 0.49046993
vt 1 0.99403578
vt 1 0
vt 0 0
vt 1 1
vt 0.00000000 1
vt 0 -0.00000000
vt 1 0
vn -0.76091945 0.64884633 0
vn -0.76091945 0.64884633 0
vn -0.76091945 0.64884633 0
vn -0.76091945 0.64884633 0
vn 0 -1 0
vn 0 -1 0
vn 0 -1 0
vn 0 -1 0
vn 0.76571816 -0.64317626 0
vn 0.76571816 -0.64317626 0
vn 0.76571816 -0.64317626 0
vn 0.76571816 -0.64317626 0
vn 0 0 1
vn 0 0 1
vn 0 0 1
vn 0 0 1
vn 0 0 1
vn 0 0 1
vn 0 0 -1
vn 0 0 -1
vn 0 0 -1
vn 0 0 -1
vn 0 0 -1
vn 0 0 -1
vn 1 -0.00000000 0
vn 1 -0.00000000 0
vn 1 -0.00000000 0
vn 1 -0.00000000 0
vn -1 0 0
vn -1 0 0
vn -1 0 0
vn -1 0 0
vn -0.00000000 0.13510981 0.99083066
vn -0.00000000 0.13510981 0.99083066
vn -0.00000000 0.13510981 0.99083066
vn -0.00000000 0.13510981 0.99083066
f 331/909/909 332/910/910 333/911/911 334/912/912
f 335/913/913 336/914/914 332/915/915 331/916/916
f 337/917/917 338/918/918 336/919/919 335/920/920
f 339/921/921 340/922/922 333/923/923 332/924/924 336/925/925 338/926/926
f 341/927/927 342/928/928 337/929/929 335/930/930 331/931/931 334/932/932
f 342/933/933 339/934/934 338/935/935 337/936/936
f 340/937/937 341/938/938 334/939/939 333/940/940
f 342/941/941 341/942/942 340/943/943 339/944/944
o Extruded.018
v -2.27995777 -1.95501029 0.23188592
v -2.27995777 -1.95501029 0.25666294
v -2.27995777 -1.16495001 0.25666294
v -2.27995777 -1.16495001 0.23188592
v -1.75484598 -0.63983822 0.25666294
v -1.75484598 -0.63983822 0.23188592
v -0.96478558 -0.63983822 0.25666294
v -0.96478558 -0.63983822 0.23188592
v -0.43967381 -1.16495001 0.25666294
v -0.43967381 -1.16495001 0.23188592
v -0.43967381 -1.95501029 0.25666294
v -0.43967381 -1.95501029 0.23188592
v -1.75484598 -2.48012209 0.25666294
v -0.96478558 -2.48012209 0.25666294
v -0.96478558 -2.48012209 0.23188592
v -1.75484598 -2.48012209 0.23188592
vt 0 -0.00000000
vt 1 -0.00000000
vt 1 1
vt 0 1
vt 1 0
vt 1 1
vt 0 1
vt 0 0
vt 0 0
vt 1 0
vt 1 1
vt 0 1
vt 1 0
vt 1 1
vt 0 1
vt 0 0
vt 1 1
vt 0 1
vt 0 0
vt 1 0
vt 0.28534281 0
vt 0 0.28534281
vt 0 0.71465719
vt 0.28534281 1
vt 0.71465719 1
vt 1 0.71465719
vt 1 0.28534281
vt 0.71465719 0
vt 0.71465719 0
vt 1 0.28534281
vt 1 0.71465719
vt 0.71465719 1
vt 0.28534281 1
vt 0 0.71465719
vt 0 0.28534281
vt 0.28534281 0
vt 1 0
vt 1 1
vt 0 1
vt -0.00000000 0
vt 1 0
vt 1 1
vt 0 1
vt 0 0
vt 1 0
vt 1 1
vt 0 1
vt 0 0
vn -1 0 0
vn -1 0 0
vn -1 0 0
vn -1 0 0
vn -0.70710677 0.70710677 0
vn -0.70710677 0.70710677 0
vn -0.70710677 0.70710677 0
vn -0.70710677 0.70710677 0
vn 0 1 0
vn 0 1 0
vn 0 1 0
vn 0 1 0
vn 0.70710677 0.70710677 0
vn 0.70710677 0.70710677 0
vn 0.70710677 0.70710677 0
vn 0.70710677 0.70710677 0
vn 1 0 0
vn 1 0 0
vn 1 0 0
vn 1 0 0
vn 0.00000000 0.00000000 1
vn 0.00000000 0.00000000 1
vn 0.00000000 0.00000000 1
vn 0.00000000 0.00000000 1
vn 0.00000000 0.00000000 1
vn 0.00000000 0.00000000 1
vn 0.00000000 0.00000000 1
vn 0.00000000 0.00000000 1
vn -0.00000000 -0.00000000 -1
vn -0.00000000 -0.00000000 -1
vn -0.00000000 -0.00000000 -1
vn -0.00000000 -0.00000000 -1
vn -0.00000000 -0.00000000 -1
vn -0.00000000 -0.00000000 -1
vn -0.00000000 -0.00000000 -1
vn -0.00000000 -0.00000000 -1
vn 0.70710677 -0.70710677 0
vn 0.70710677 -0.70710677 0
vn 0.70710677 -0.70710677 0
vn 0.70710677 -0.70710677 0
vn -0.00000000 -1 0
vn -0.00000000 -1 0
vn -0.00000000 -1 0
vn -0.00000000 -1 0
vn -0.70710677 -0.70710677 0
vn -0.70710677 -0.70710677 0
vn -0.70710677 -0.70710677 0
vn -0.70710677 -0.70710677 0
f 343/945/945 344/946/946 345/947/947 346/948/948
f 346/949/949 345/950/950 347/951/951 348/952/952
f 348/953/953 347/954/954 349/955/955 350/956/956
f 350/957/957 349/958/958 351/959/959 352/960/960
f 352/961/961 351/962/962 353/963/963 354/964/964
f 344/965/965 355/966/966 356/967/967 353/968/968 351/969/969 349/970/970 347/971/971 345/972/972
f 346/973/973 348/974/974 350/975/975 352/976/976 354/977/977 357/978/978 358/979/979 343/980/980
f 354/981/981 353/982/982 356/983/983 357/984/984
f 357/985/985 356/986/986 355/987/987 358/988/988
f 358/989/989 355/990/990 344/991/991 343/992/992
o Solid.010
v -0.49241805 -1.58407140 0.38089412
v -0.50072718 -1.57396555 0.39528599
v -0.50072718 -1.56075513 0.39528599
v -0.50057077 -1.57396555 0.39528599
v -0.49226162 -1.58407140 0.38089412
v -0.49916583 -2.04727912 0.39285257
v -0.50057077 -2.04049492 0.39528599
v -0.41465670 -1.67845690 0.24647845
v -0.41465670 -1.94449651 0.24647845
v -0.50770462 -2.04898787 0.39528599
v -0.50057077 -1.78294837 0.09767094
v -0.50057077 -1.84000504 0.09767094
v -2.20064664 -1.78294837 0.09767094
v -2.20064664 -1.84000504 0.09767094
v -2.28656054 -1.94449651 0.24647845
v -2.20064664 -2.04898787 0.39528599
v -2.28656054 -1.67845690 0.24647845
v -2.20064664 -1.57396555 0.39528599
v -2.20080304 -1.57396555 0.39528599
v -2.20080304 -1.56075513 0.39528599
v -1.64069998 -1.56075513 0.39528599
v -1.63597167 -1.60588026 0.39528599
v -1.61377811 -1.67543006 0.39528599
v -1.57492018 -1.73723447 0.39528599
v -1.52186024 -1.78737783 0.39528599
v -1.45795977 -1.82268298 0.39528599
v -1.38726759 -1.84091306 0.39528599
v -1.31426263 -1.84091306 0.39528599
v -1.24357045 -1.82268298 0.39528599
v -1.17966998 -1.78737783 0.39528599
v -1.12660992 -1.73723447 0.39528599
v -1.08775210 -1.67543006 0.39528599
v -1.06555855 -1.60588026 0.39528599
v -1.06083024 -1.56075513 0.39528599
v -2.20911217 -1.58407140 0.38089412
v -1.06555855 -1.60588026 0.40894672
v -1.06109726 -1.53862345 0.40894672
v -1.64043295 -1.53862345 0.40894672
v -1.63597167 -1.60588026 0.40894672
v -1.08775210 -1.67543006 0.40894672
v -1.12660992 -1.73723447 0.40894672
v -1.17966998 -1.78737783 0.40894672
v -1.24357045 -1.82268298 0.40894672
v -1.31426263 -1.84091306 0.40894672
v -1.38726759 -1.84091306 0.40894672
v -1.45795977 -1.82268298 0.40894672
v -1.52186024 -1.78737783 0.40894672
v -1.57492018 -1.73723447 0.40894672
v -1.61377811 -1.67543006 0.40894672
v -0.48673156 -1.52110291 0.41976124
v -0.47439900 -1.53263831 0.41264105
v -0.45606992 -1.58407140 0.38089412
v -1.03667641 -1.52110291 0.41976124
v -0.47439900 -1.56177890 0.41264105
v -0.49559569 -1.52889729 0.42487895
v -1.02378619 -1.52889729 0.42487895
v -1.67774403 -1.52889729 0.42487895
v -1.67784917 -1.53035688 0.42487895
v -1.66485381 -1.52110291 0.41976124
v -1.67318785 -1.61275637 0.42487895
v -1.02834225 -1.61275637 0.42487895
v -1.02368104 -1.53035688 0.42487895
v -1.05343199 -1.69138157 0.42487895
v -1.09736025 -1.76125073 0.42487895
v -1.15734398 -1.81793725 0.42487895
v -1.22958279 -1.85784924 0.42487895
v -1.30949950 -1.87845814 0.42487895
v -1.39203072 -1.87845814 0.42487895
v -1.47194743 -1.85784924 0.42487895
v -1.54418612 -1.81793725 0.42487895
v -1.60416996 -1.76125073 0.42487895
v -1.64809823 -1.69138157 0.42487895
v -2.21448588 -1.52110291 0.41976124
v -2.20562172 -1.52889729 0.42487895
v -2.22705293 -1.53285778 0.41250557
v -2.24530387 -1.58407140 0.38089412
v -2.20562172 -2.43092775 0.42487895
v -2.22705293 -2.41461825 0.41250557
v -2.31999397 -1.67491198 0.25152692
v -2.31999397 -2.34388947 0.25152692
v -2.31999397 -1.68200195 0.24142998
v -2.31999397 -2.34388947 0.24142998
v -0.49559569 -1.97059214 0.42487895
v -0.47416437 -1.98807955 0.41250557
v -0.47416437 -1.56187403 0.41250557
v -0.38387981 -2.20770884 0.25612810
v -0.38387981 -1.67168105 0.25612810
v -0.41982165 -2.25049877 0.31838122
v -0.38387981 -2.20770884 0.23682880
v -0.38387981 -1.68523288 0.23682880
v -0.42456317 -2.25614357 0.16636313
v -0.47369170 -2.18233109 0.08127005
v -0.47369170 -1.79446495 0.08127005
v -0.49654102 -1.80372834 0.06807797
v -2.20467639 -1.80372834 0.06807797
v -2.22752571 -1.79446495 0.08127005
v -2.22752571 -2.39768100 0.08127005
v -2.23514199 -2.40846252 0.09446212
v -2.20467639 -2.39849186 0.06807797
v -2.09140158 -2.48469472 0.06807797
v -2.10029912 -2.51107883 0.09446212
v -0.49654102 -2.17203116 0.06807797
v -0.75916731 -2.48469472 0.06807797
v -0.48315620 -2.18510294 0.07580571
v -0.74129373 -2.49242234 0.07580571
v -0.63869977 -2.51107883 0.16636313
v -0.73259985 -2.51107883 0.09446212
v -0.63869977 -2.51107883 0.31838122
v -0.77057469 -2.51107883 0.36355659
v -2.10029912 -2.51107883 0.36355659
v -2.10029912 -2.51107883 0.25967053
v -0.89807677 -2.44975638 0.42487895
v -2.18087959 -2.44975638 0.42487895
v -0.43916443 -2.27352667 0.31838122
v -0.44601491 -2.28168249 0.28216451
v -0.60800666 -2.47453785 0.28216451
v -0.61530018 -2.48322105 0.31838122
v -0.43753958 -2.28880143 0.30690545
v -0.59953135 -2.48165679 0.30690545
v -0.43670741 -2.27932572 0.32119861
v -0.49344355 -2.01141477 0.41239536
v -0.49192283 -2.01269221 0.41683456
v -0.49324924 -2.01162124 0.41925550
v -0.50464910 -2.00227141 0.41886488
v -0.75403786 -2.48322105 0.36590752
v -0.86414737 -2.43026352 0.41886488
v -0.60904515 -2.48449826 0.32119861
v -0.75251716 -2.48449826 0.37034672
v -0.44508010 -2.28011799 0.33665514
v -0.60985166 -2.47628284 0.33665514
v -0.77232951 -2.47628284 0.39231396
v -0.82964385 -2.44871736 0.41987938
v -0.49312964 -2.04808855 0.41987938
v -0.49799475 -2.31459951 0.34486002
v -0.61725825 -2.45658588 0.34486002
v -0.72889042 -2.45658588 0.38310102
v -0.77661389 -2.43363309 0.40605366
v -0.57345235 -2.19176388 0.40605366
v -0.52138835 -2.20163250 0.38537893
v -0.61128324 -2.22867203 0.39436448
v -0.78061813 -2.43026972 0.39436448
v -0.73289472 -2.45322227 0.37141180
v -0.51533031 -2.24685955 0.35626134
v -0.63444924 -2.45322227 0.33768809
v -0.50460708 -2.29864192 0.33768809
v -0.50321442 -2.29981160 0.34175345
v -0.63305658 -2.45439219 0.34175345
v -2.04040456 -2.13576651 0.42487895
v -2.04040456 -2.33419943 0.42487895
v -2.09350538 -2.38730049 0.42487895
v -2.12759733 -2.38730049 0.42487895
v -2.14147568 -2.37342215 0.42487895
v -2.14147568 -2.20087314 0.42487895
v -2.07636881 -2.13576651 0.42487895
v -2.14147568 -2.20087314 0.40916508
v -2.14147568 -2.37342215 0.40916508
v -2.12759733 -2.38730049 0.40916508
v -2.09350538 -2.38730049 0.40916508
v -2.07636881 -2.13576651 0.40916508
v -2.05946589 -2.35326099 0.40916508
v -2.05946589 -2.13576651 0.40916508
v -2.05946589 -2.13576651 0.41861510
v -2.05946589 -2.35326099 0.41861510
v -2.30368781 -2.35629869 0.25780329
v -2.22516751 -2.41605330 0.39736432
v -2.20635176 -2.43037200 0.40851188
v -2.18462944 -2.44690275 0.40851188
v -2.11935902 -2.49657393 0.35754064
v -2.11935902 -2.49657393 0.25434181
v -2.11935902 -2.49657393 0.11082919
v -2.23226929 -2.41064858 0.11082919
v -2.30368781 -2.35629869 0.23776747
v -2.21004391 -2.43522382 0.40851188
v -2.18832159 -2.45175457 0.40851188
v -2.18647552 -2.44932866 0.40851188
v -2.20819783 -2.43279791 0.40851188
v -2.22800946 -2.41978788 0.39736432
v -2.23081779 -2.42347813 0.39736432
v -2.21359849 -2.43251872 0.40640593
v -2.25013995 -2.41333342 0.36692682
v -2.25013995 -2.41333342 0.25950429
v -2.21359849 -2.43251872 0.25950429
v -2.23883104 -2.41927099 0.11082919
v -2.21359849 -2.43251872 0.11082919
v -2.25013995 -2.41333342 0.24778539
v -2.25013995 -2.41333342 0.12864396
v -2.31153560 -2.36661100 0.23776747
v -2.30761170 -2.36145473 0.23776747
v -2.23619318 -2.41580486 0.11082919
v -2.30761170 -2.36145473 0.25780329
v -2.31153560 -2.36661100 0.25780329
v -2.17663789 -2.46926880 0.39614257
v -2.17663789 -2.46926880 0.25434181
v -2.17663789 -2.46926880 0.11082919
v -2.14799833 -2.48292136 0.11082919
v -2.18832159 -2.45175457 0.11082919
v -2.18855333 -2.45205903 0.11082919
v -2.19247723 -2.45721507 0.11082919
v -2.18832159 -2.45175457 0.39408138
v -2.17856812 -2.45917702 0.40089512
v -2.18064594 -2.46190739 0.40089512
v -2.18272376 -2.46463752 0.40089512
v -2.19247723 -2.45721507 0.39408138
v -2.19247723 -2.45721507 0.25673234
v -2.19039941 -2.45448494 0.39408138
vt 0.00596421 0.00592885
vt 1 0.43421608
vt 1 0.99407113
vt 1 0.02418728
vt 1 0.00592885
vt -0.00000000 0.97581273
vt 0.00000000 0.99407113
vt 0.01635271 1
vt 0.00000000 0.98566628
vt -0.00000000 0
vt 0.09671459 0.02135126
vt 1 0.22076571
vt 1 0.78284442
vt 0.99407113 0.99407113
vt 0.24193865 0.00592885
vt 0.00592885 0.79526705
vt 0.00000000 0.00592885
vt 1 0.39403808
vt 1 0.60596192
vt 0 0.99407113
vt 0 0
vt 1 0
vt 1 1
vt -0.00000000 1
vt 0.00000000 0.04970765
vt 0.00817636 0.04514609
vt 0.50000000 0
vt 1 0.04589662
vt 1 0.95410341
vt 0.50000000 1
vt 0 0.95410341
vt 0 0.39403808
vt 1 0.00592885
vt 1 0.99407113
vt 0.00000000 0.60596192
vt 0.00000000 0.22329208
vt 1 0.00592885
vt 1 0.99407113
vt 0 0.77670795
vt 1 0.98260444
vt 0.99580419 1
vt 0.00009200 1
vt 0.00009200 0.02705741
vt 0 0.02705741
vt 0 0.00000000
vt 0.32942736 0.00000000
vt 0.33220834 0.09242543
vt 0.34526163 0.23487742
vt 0.36811605 0.36146551
vt 0.39932358 0.46416923
vt 0.43690693 0.53648138
vt 0.47848490 0.57382029
vt 0.52142310 0.57382029
vt 0.56300104 0.53648138
vt 0.60058445 0.46416923
vt 0.63179195 0.36146551
vt 0.65464640 0.23487742
vt 0.66769969 0.09242543
vt 0.67048061 0
vt 0.99990797 0
vt 0.99990797 0.02705741
vt 1 0.02705741
vt 0.00000000 0.99407113
vt -0.00000000 0.43421608
vt 0.99403578 0.00592885
vt 0.02919384 1
vt 0.07692308 1
vt 0.07692308 0
vt 0.00592885 0
vt 0.99407113 0.00000000
vt 0.92307693 0
vt 0.92307693 1
vt 0.97080618 1
vt 0.15384616 1
vt 0.15384616 0
vt 0.23076923 1
vt 0.23076923 0
vt 0.30769232 1
vt 0.30769232 0
vt 0.38461539 1
vt 0.38461539 0
vt 0.46153846 1
vt 0.46153846 0
vt 0.53846157 1
vt 0.53846157 0
vt 0.61538464 1
vt 0.61538464 0
vt 0.69230771 1
vt 0.69230771 0
vt 0.76923078 1
vt 0.76923078 0
vt 0.84615386 1
vt 0.84615386 0
vt 0 0.94399393
vt 0.18319356 0.96413571
vt 1 0.99407113
vt 1 0.93496215
vt 1 0.93470669
vt 0.62971640 0.92113602
vt 0.62971640 0.00636492
vt 0.27824342 0.00592885
vt 0.00000000 0.04581336
vt 1 0.99407113
vt 1 0.43421608
vt 0.00596421 0.00592885
vt 0.02185592 0.00000000
vt 0.00592885 1
vt 0.99407113 1
vt 0.97090989 0
vt 0.01409566 1
vt 0.01541405 1
vt 0.02116013 0
vt 0.00592885 0.67878312
vt 0.08996573 1
vt 0.08996573 0
vt 0.97883987 0
vt 0.91003424 0
vt 0.91003424 1
vt 0.98458594 1
vt 0.98590434 1
vt 0.99407113 0.67878312
vt 0.83548260 0
vt 0.83548260 1
vt 0.76093090 0
vt 0.76093090 1
vt 0.68637919 0
vt 0.68637919 1
vt 0.61182755 0
vt 0.61182755 1
vt 0.53727585 0
vt 0.53727585 1
vt 0.46272415 0
vt 0.46272415 1
vt 0.38817248 0
vt 0.38817248 1
vt 0.31362078 0
vt 0.31362078 1
vt 0.23906910 0
vt 0.23906910 1
vt 0.16451742 0
vt 0.16451742 1
vt 0.99407113 1
vt 0.97813499 0
vt 0.02910327 0.00000000
vt 0.00592885 1
vt 0.18667893 0.03574425
vt 0 0.05627455
vt 0.00000000 0.95417631
vt 0.27824342 0.99407113
vt 0.62971640 0.99363494
vt 0.62971640 0.07862729
vt 1 0.06505313
vt 1 0.00592885
vt 0.00592885 1
vt 0.98560590 1
vt 0.99407113 0.58639419
vt 0.98130441 0
vt 0.02364212 0.00000000
vt 0.00000000 0.16512138
vt 0.00000000 0.91480923
vt 1 0.99407113
vt 1 0.00592885
vt 0.80362952 0.06332114
vt 0.01649926 1
vt 1 1
vt 1 0.00000000
vt 0.00596421 0
vt 0.01669100 1
vt 0.96255201 1
vt 1 0.00000000
vt 0.08730864 0.00000000
vt 0.08710493 0.01094819
vt 0.02470232 0.01094819
vt 0 0.58639419
vt 1 0.93786210
vt 1 0.15945840
vt 0 0
vt 0.00000000 0.61892277
vt 0.60190493 1
vt 0.00596421 1
vt 1 1
vt 1 0.00000000
vt 0.03109535 0.00000000
vt 0.00000000 0
vt 0.00000000 0.91516250
vt 0.45298430 1
vt 1 0.87071085
vt 1 0.19132955
vt 0.54576409 1
vt 0.48975310 1
vt 0.03828637 0.95361227
vt 0 0.94181067
vt 0 0.05956142
vt 0.03828637 0.04775978
vt 0.50310677 0
vt 0.53241038 0
vt 0.90786326 0.03857736
vt 0.90786326 0.05727032
vt 0.94963169 0.06156198
vt 0.94963169 0.06164277
vt 0.51775861 0.01726829
vt 0.08588549 0.06164277
vt 0.08588549 0.93972927
vt 0.51775861 0.98410380
vt 0.90786326 0.94402099
vt 0.90786326 0.96271390
vt 1 0.95324695
vt 0.99960685 0.95336819
vt 1 0.90623820
vt 1 0.00592885
vt 0.00000000 0.15890270
vt -0.00000000 0.97940606
vt 0.08236811 0.99407113
vt 0.02108302 1
vt 0.99407113 1
vt 0.99274462 0.00000000
vt 0.00592885 -0.00000000
vt 0.11452675 1
vt 0.94232792 1
vt 0.99407113 -0.00000000
vt 0.00865140 0.00000000
vt 0.00592885 0.50000000
vt 0 0
vt 0.00000000 0.54085332
vt 0.15375027 1
vt 0.93368506 1
vt 1 0.87341106
vt 1 0.00000000
vt 0 1
vt 0.99290425 1
vt 1 0.58578646
vt 0.96653759 -0.00000000
vt 0.02371343 0.00000000
vt 0.00592885 0
vt 0.99407113 0
vt 0.99068218 1
vt 0.01942889 1
vt 0.01962891 1
vt 0 0.93965888
vt 0.05958451 0.00000000
vt 0.85560298 0
vt 1 0.79398257
vt 0.97921383 1
vt 0.99349451 0.00000000
vt 0.01942490 0.00000000
vt 0.00635656 0.29289323
vt 0 1
vt 1 1
vt 1 1
vt 1 0.06424476
vt 0.73280382 0
vt 0.16787930 0
vt 0.00000000 0.09022646
vt 0.00000000 1
vt 0.38605797 1
vt 0.06238836 1
vt 0.99407113 1
vt 0.90473568 0.00000000
vt 0.00592885 0.00000000
vt 1 0.46353483
vt 1 0.59048885
vt 0.85895199 1
vt 0.78304434 1
vt 0.75616080 0.76176059
vt 0.12045018 0.76176059
vt 0.09182791 1
vt 0 1
vt 0 0
vt 0.84034461 0
vt -0.00000000 1
vt 1 1
vt 1 0.00000000
vt 0.00000000 0.00000000
vt 0.96862769 0.28984991
vt 1 0.18371516
vt 0.96717578 0
vt 0.94641197 0.26892915
vt 0 0.96703649
vt 0.00588956 1
vt 0.89165753 0.99407113
vt 0.99407113 0.64535582
vt 0.87477088 0.00592885
vt 0.00592885 0.93780571
vt 0.16821435 0.03235479
vt 0.21808438 0
vt 1 0.88654238
vt 0.71148616 1
vt 0.42522302 1
vt 0.37976372 0.94845790
vt 0.68092394 0.94845790
vt 0.93008161 0.85047704
vt 0.23167033 0.05861260
vt 0.20559537 0.07552957
vt 0.03757801 0.56048489
vt 0.00000000 0.51787865
vt 0.29283768 1
vt 0.45840654 0.93842447
vt 1 0.00984232
vt 0.94745690 0
vt 0.42373505 0.89794064
vt -0.00000000 0.94514591
vt 0.96904302 1
vt 0.02907640 1
vt -0.00000000 0.51955235
vt 0.02236198 -0.00000000
vt 0.97845846 0.00000000
vt 1 0.51955235
vt 0 0.08225024
vt 0.17214370 0.48926291
vt 0.68451303 1
vt 1 0.98120302
vt 0.01566119 0
vt 0.95019513 0.00000000
vt 1 0.61496526
vt 0.99969095 1
vt 0 1
vt 0.01441816 0
vt 0.97938412 0.00000000
vt 1 1
vt 0.00703780 1
vt 0 0.87060243
vt 0.11528922 0
vt 0.00592885 1
vt 0.03805823 0.00000000
vt 0.99407113 0.00000000
vt 0.85011184 1
vt 1 0.93562406
vt 0.83838886 1
vt 0.39889178 1
vt 0 0.54187906
vt 0.13490422 0.62240648
vt 0.42362663 0.95399964
vt 0.72558784 0.95399964
vt 0.86015517 0.90039623
vt 0.36832592 0.33553809
vt 0.22513966 0.35858500
vt 0.18534011 0
vt 0.82852787 -0.00000000
vt 0.99403578 1
vt 0.00000000 1
vt 0 0.00000000
vt 0.09302531 0.00592885
vt 0.99407113 0.66064233
vt 0.90697467 0.99407113
vt 0.00592885 0.33935764
vt 0.00592885 1
vt 0.99407113 1
vt 0.76808292 -0.00000000
vt 0.23191710 0.00000000
vt 0.05783429 0.08099533
vt 0.42681158 0
vt 1 0.89778388
vt 0.81184423 1
vt 0.43950781 1
vt -0.00000000 0.31159982
vt 0 1
vt 0.39210922 0.38945112
vt 0.85049409 0
vt 0.86371714 0.08524408
vt 1 0.15038402
vt 0.17368750 1
vt 0.09435366 0.86337930
vt 0.00000000 0.85133606
vt 0.72870332 0
vt 1 0.03462820
vt 1 1
vt -0.00000000 1
vt 0.00000000 0.00000000
vt 1 0
vt 0.00592885 1
vt 0.99407113 1
vt 0.95255667 0
vt 0.04492141 0.00000000
vt 0.76463449 1
vt 1 0.47965521
vt 1 0
vt 0.69112134 0.00000000
vt 0.69118285 0.00158504
vt 0.68845701 0.09106615
vt 0.67378491 0.17644855
vt 0.64809620 0.25232249
vt 0.61301851 0.31388071
vt 0.57077432 0.35722291
vt 0.52404010 0.37960300
vt 0.47577694 0.37960300
vt 0.42904276 0.35722291
vt 0.38679853 0.31388071
vt 0.35172081 0.25232249
vt 0.32603213 0.17644855
vt 0.09661676 0.65902495
vt 0.09661676 0.87451178
vt 0.06556407 0.93217635
vt 0.04562759 0.93217635
vt 0.03751176 0.91710532
vt 0.03751176 0.72972709
vt 0.07558531 0.65902495
vt 0.31136006 0.09106615
vt 0.30863419 0.00158504
vt 0.30869570 0.00000000
vt 0 0.00000000
vt 0.00000000 0.97955298
vt 0.01446880 1
vt 1 1
vt 0 1
vt 0 0
vt 1 0
vt 0 0
vt 1 0
vt 1 1
vt 0 1
vt 0 0
vt 1 0
vt 1 1
vt 0 1
vt 1 1
vt 0 1
vt 0 0
vt 1 0
vt 0.79389131 1
vt 0 0.74116123
vt 0 0.05517456
vt 0.16922735 0
vt 0.58493316 0
vt 1 0.13532759
vt 1 1
vt 0 0
vt 1 0
vt 1 0.46999073
vt 0.39861974 0.46999073
vt 0 1
vt 0 0.64103389
vt 0 0
vt 1 0
vt 1 1
vt 0.60138029 0.64103389
vt 1 0
vt 1 1
vt 0 1
vt 0 0
vt 0.90691751 1
vt 0 1
vt 0 0
vt 0.99403578 0.00000000
vt 0.57695419 0.96255225
vt 1 0.47535357
vt 0.92577833 0.49434888
vt 0.56837171 0.91672754
vt 0.48272723 0.95046538
vt 0.38385239 0.95046538
vt 0.08675675 0.79620188
vt 0.08675675 0.48387277
vt 0 0.50000000
vt 0 0.81440914
vt 0.36678404 1
vt 0.47940391 1
vt 0.61377394 -0.00000000
vt 0 0
vt 0.08675675 0.04953462
vt 0.60069770 0.04953462
vt 0.92577833 0.43371084
vt 1 0.44479537
vt 1 0
vt 0 0
vt 0 0.50000000
vt 1 0.50000000
vt 0 1
vt 1 1
vt -0.00000000 0.35045177
vt 0.00000000 0.67522591
vt 1 0.50000000
vt 1 0.00596421
vt 0.18891563 0.35045177
vt 0 1
vt 1 1
vt 0.47122517 0.03637147
vt 1 0.13873397
vt 1 0.50000000
vt 0.00000000 0.50000000
vt 0.00000000 0.00596421
vt 0.69051325 1
vt 0 1
vt 1 0.53941113
vt 1 0.94008821
vt 0.14034201 0
vt 1 0
vt 1 0.50000000
vt 0 0.50000000
vt 0.00000000 0.16387807
vt 1 1
vt 0 1
vt 1 0.27999455
vt 1 0.63783729
vt 0 0.50000000
vt 0 0
vt 0.78190535 0.00000000
vt 1 1
vt 0 1
vt 0.00000000 0.00592885
vt 0.00000000 0.50000000
vt 1 0.45845640
vt 1 0.54154360
vt 0.00000000 0.54859746
vt 0.00000000 0.99407113
vt 1 1
vt 0 1
vt 0 0.50000000
vt 1 0.50000000
vt 0 0.00000000
vt 1 0.00000000
vt 0.00000000 0.99403578
vt 0 0.50000000
vt 1 0.50000000
vt 1 0.85954607
vt 0 0
vt 0.50000000 0.00000000
vt 1 0
vt 0.58059001 0.52951568
vt 0.80312181 0.52951568
vt 1 0.50000000
vt 1 1
vt 0.00596421 1
vt 0.22355431 0.50000000
vt 0.58059001 0.50000000
vt 0.44114441 0
vt 0.58059001 0.00000000
vt 1 0.16387807
vt 0.28273335 1
vt 0.89913410 1
vt 1 0.99292552
vt 1 0.49944153
vt 1 0
vt 0.28273335 0
vt 0.28273335 0.95152396
vt 0.00596421 0.97441322
vt 0.00596421 1
vt 1 1
vt 1 0.76475781
vt 1 0.52951568
vt 0.85145909 0.52951568
vt 0.85145909 0.26475784
vt 0.85145909 0.00000000
vt 0.75877535 0
vt 1 0.97068560
vt 1 0.50000000
vt 0.00000000 0.49180782
vt 0.00000000 0.97774911
vt 0.38422179 0.99403578
vt 1 0
vt 0 0
vt 0.51509982 0.00000000
vt 1 0
vt 1 0.50000000
vt 1 1
vt 0 1
vt 0.00000000 0.94425911
vt 0.00000000 0.00000000
vt 1 1
vt 0 1
vt 0 0.50000000
vt 1 0.50000000
vt 0 0
vt 1 0
vn -0.86602539 0 -0.50000000
vn -0.86602539 0 -0.50000000
vn -0.86602539 0 -0.50000000
vn 0 -0.81838828 0.57466561
vn 0 -0.81838828 0.57466561
vn 0 -0.81838828 0.57466561
vn 0 -0.81838828 0.57466561
vn -0.86602539 0 -0.50000000
vn -0.86602539 0 -0.50000000
vn -0.86602539 0 -0.50000000
vn -0.86602539 0 -0.50000000
vn -0.86602539 0 -0.50000000
vn -0.86602539 0 -0.50000000
vn -0.31269658 0.26265410 -0.91281635
vn -0.31269658 0.26265410 -0.91281635
vn -0.31269658 0.26265410 -0.91281635
vn -0.86602539 0.00000000 0.50000000
vn -0.86602539 0.00000000 0.50000000
vn -0.86602539 0.00000000 0.50000000
vn -0.86602539 0.00000000 0.50000000
vn 0 0 1
vn 0 0 1
vn 0 0 1
vn 0 0 1
vn 0.00000000 0.81838828 0.57466561
vn 0.00000000 0.81838828 0.57466561
vn 0.00000000 0.81838828 0.57466561
vn 0.00000000 0.81838828 0.57466561
vn 0.00000000 0.81838828 0.57466561
vn 0.00000000 0.81838828 0.57466561
vn 0.00000000 0.81838828 0.57466561
vn 0.86602539 -0.00000000 0.50000000
vn 0.86602539 -0.00000000 0.50000000
vn 0.86602539 -0.00000000 0.50000000
vn 0.86602539 -0.00000000 0.50000000
vn 0.86602539 -0.00000000 -0.50000000
vn 0.86602539 -0.00000000 -0.50000000
vn 0.86602539 -0.00000000 -0.50000000
vn 0.86602539 -0.00000000 -0.50000000
vn -0.00000000 0.00000000 -1
vn -0.00000000 0.00000000 -1
vn -0.00000000 0.00000000 -1
vn -0.00000000 0.00000000 -1
vn -0.00000000 0.00000000 -1
vn -0.00000000 0.00000000 -1
vn -0.00000000 0.00000000 -1
vn -0.00000000 0.00000000 -1
vn -0.00000000 0.00000000 -1
vn -0.00000000 0.00000000 -1
vn -0.00000000 0.00000000 -1
vn -0.00000000 0.00000000 -1
vn -0.00000000 0.00000000 -1
vn -0.00000000 0.00000000 -1
vn -0.00000000 0.00000000 -1
vn -0.00000000 0.00000000 -1
vn -0.00000000 0.00000000 -1
vn -0.00000000 0.00000000 -1
vn -0.00000000 0.00000000 -1
vn -0.00000000 0.00000000 -1
vn -0.00000000 0.00000000 -1
vn -0.00000000 0.00000000 -1
vn -0.00000000 0.00000000 -1
vn 0.86602539 -0.00000000 -0.50000000
vn 0.86602539 -0.00000000 -0.50000000
vn 0.86602539 -0.00000000 -0.50000000
vn -0.99965936 0.02609913 0
vn -0.98335677 0.18168493 -0.00000000
vn -0.98335677 0.18168493 -0.00000000
vn -0.99873877 -0.05020818 0
vn 0.99873877 -0.05020818 0
vn 0.98335677 0.18168493 -0.00000000
vn 0.98335677 0.18168493 -0.00000000
vn 0.99965936 0.02609913 0
vn -0.90683597 0.42148370 -0.00000000
vn -0.90683597 0.42148370 -0.00000000
vn -0.77285904 0.63457775 -0.00000000
vn -0.77285904 0.63457775 -0.00000000
vn -0.58991456 0.80746567 -0.00000000
vn -0.58991456 0.80746567 -0.00000000
vn -0.36959380 0.92919344 -0.00000000
vn -0.36959380 0.92919344 -0.00000000
vn -0.12585597 0.99204850 -0.00000000
vn -0.12585597 0.99204850 -0.00000000
vn 0.12585597 0.99204850 -0.00000000
vn 0.12585597 0.99204850 -0.00000000
vn 0.36959380 0.92919344 -0.00000000
vn 0.36959380 0.92919344 -0.00000000
vn 0.58991456 0.80746567 -0.00000000
vn 0.58991456 0.80746567 -0.00000000
vn 0.77285904 0.63457775 -0.00000000
vn 0.77285904 0.63457775 -0.00000000
vn 0.90683597 0.42148370 -0.00000000
vn 0.90683597 0.42148370 -0.00000000
vn 0 0.52524716 -0.85094970
vn 0 0.52524716 -0.85094970
vn 0 0.52524716 -0.85094970
vn 0 0.52524716 -0.85094970
vn 0 0.52524716 -0.85094970
vn 0 0.52524716 -0.85094970
vn 0 0.52524716 -0.85094970
vn 0 0.52524716 -0.85094970
vn 0 0.52524716 -0.85094970
vn 0.86602539 0 0.50000000
vn 0.86602539 0 0.50000000
vn 0.86602539 0 0.50000000
vn 0.00000000 0.54885781 0.83591568
vn 0.00000000 0.54885781 0.83591568
vn 0.00000000 0.54885781 0.83591568
vn 0.00000000 0.54885781 0.83591568
vn 0.38692957 -0.02874149 0.92166126
vn 0.38705400 -0.02701428 0.92166126
vn 0.38750622 -0.01948055 0.92166126
vn 0.38598719 -0.03942668 0.92166126
vn 0.38153809 0.07049295 0.92166126
vn 0.38153809 0.07049295 0.92166126
vn -0.38750622 -0.01948055 0.92166126
vn -0.38153809 0.07049295 0.92166126
vn -0.38153809 0.07049295 0.92166126
vn -0.38705400 -0.02701428 0.92166126
vn -0.38692957 -0.02874149 0.92166126
vn -0.38598719 -0.03942668 0.92166126
vn -0.35184833 0.16353382 0.92166126
vn -0.35184833 0.16353382 0.92166126
vn -0.29986587 0.24621336 0.92166126
vn -0.29986587 0.24621336 0.92166126
vn -0.22888425 0.31329310 0.92166126
vn -0.22888425 0.31329310 0.92166126
vn -0.14340076 0.36052293 0.92166126
vn -0.14340076 0.36052293 0.92166126
vn -0.04883156 0.38491043 0.92166126
vn -0.04883156 0.38491043 0.92166126
vn 0.04883156 0.38491043 0.92166126
vn 0.04883156 0.38491043 0.92166126
vn 0.14340076 0.36052293 0.92166126
vn 0.14340076 0.36052293 0.92166126
vn 0.22888425 0.31329310 0.92166126
vn 0.22888425 0.31329310 0.92166126
vn 0.29986587 0.24621336 0.92166126
vn 0.29986587 0.24621336 0.92166126
vn 0.35184833 0.16353382 0.92166126
vn 0.35184833 0.16353382 0.92166126
vn 0.00000000 0.54885781 0.83591568
vn 0.00000000 0.54885781 0.83591568
vn 0.00000000 0.54885781 0.83591568
vn 0.00000000 0.54885781 0.83591568
vn 0 0.52524716 -0.85094970
vn 0 0.52524716 -0.85094970
vn 0 0.52524716 -0.85094970
vn 0 0.52524716 -0.85094970
vn 0 0.52524716 -0.85094970
vn 0 0.52524716 -0.85094970
vn 0 0.52524716 -0.85094970
vn 0 0.52524716 -0.85094970
vn -0.50000000 0.00000000 0.86602539
vn -0.50000000 0.00000000 0.86602539
vn -0.50000000 0.00000000 0.86602539
vn -0.50000000 0.00000000 0.86602539
vn -0.50000000 0.00000000 0.86602539
vn -0.86602539 0.00000000 0.50000000
vn -0.86602539 0.00000000 0.50000000
vn -0.86602539 0.00000000 0.50000000
vn -0.86602539 0.00000000 0.50000000
vn -0.86602539 0.00000000 0.50000000
vn -1 0.00000000 0
vn -1 0.00000000 0
vn -1 0.00000000 0
vn -1 0.00000000 0
vn 0.50000000 -0.00000000 0.86602539
vn 0.50000000 -0.00000000 0.86602539
vn 0.50000000 -0.00000000 0.86602539
vn 0.50000000 -0.00000000 0.86602539
vn 0.50000000 -0.00000000 0.86602539
vn 0.50000000 -0.00000000 0.86602539
vn 0.50000000 -0.00000000 0.86602539
vn 0.86602539 -0.00000000 0.50000000
vn 0.86602539 -0.00000000 0.50000000
vn 0.86602539 -0.00000000 0.50000000
vn 0.86602539 -0.00000000 0.50000000
vn 0.86602539 -0.00000000 0.50000000
vn 1 -0.00000000 0.00000000
vn 1 -0.00000000 0.00000000
vn 1 -0.00000000 0.00000000
vn 1 -0.00000000 0.00000000
vn 0.86602539 -0.00000000 -0.50000000
vn 0.86602539 -0.00000000 -0.50000000
vn 0.86602539 -0.00000000 -0.50000000
vn 0.86602539 -0.00000000 -0.50000000
vn 0.86602539 -0.00000000 -0.50000000
vn 0 0.81838828 -0.57466561
vn 0 0.81838828 -0.57466561
vn 0 0.81838828 -0.57466561
vn 0 0.81838828 -0.57466561
vn 0 0.81838828 -0.57466561
vn 0 0.81838828 -0.57466561
vn 0 0.81838828 -0.57466561
vn 0 0.81838828 -0.57466561
vn 0 0.81838828 -0.57466561
vn 0 0.81838828 -0.57466561
vn 0 0.81838828 -0.57466561
vn 0 0.81838828 -0.57466561
vn 0 0.81838828 -0.57466561
vn 0 0.81838828 -0.57466561
vn 0 0.81838828 -0.57466561
vn 0 0.81838828 -0.57466561
vn 0 0.81838828 -0.57466561
vn 0 0.81838828 -0.57466561
vn 0 0.81838828 -0.57466561
vn 0 0.81838828 -0.57466561
vn -0.86602539 0.00000000 -0.50000000
vn -0.86602539 0.00000000 -0.50000000
vn -0.86602539 0.00000000 -0.50000000
vn -0.86602539 0.00000000 -0.50000000
vn -0.86602539 0.00000000 -0.50000000
vn -0.50000000 0.00000000 -0.86602539
vn -0.50000000 0.00000000 -0.86602539
vn -0.50000000 0.00000000 -0.86602539
vn -0.50000000 0.00000000 -0.86602539
vn -0.42821720 -0.56269884 -0.70710677
vn -0.42821720 -0.56269884 -0.70710677
vn -0.42821720 -0.56269884 -0.70710677
vn -0.42821720 -0.56269884 -0.70710677
vn -0.42821720 -0.56269884 -0.70710677
vn 0 0 -1
vn 0 0 -1
vn 0 0 -1
vn 0 0 -1
vn 0 0 -1
vn 0 0 -1
vn 0.50000000 -0.00000000 -0.86602539
vn 0.50000000 -0.00000000 -0.86602539
vn 0.50000000 -0.00000000 -0.86602539
vn 0.50000000 -0.00000000 -0.86602539
vn 0.50000000 -0.00000000 -0.86602539
vn 0.29302767 -0.24613290 -0.92387950
vn 0.29302767 -0.24613290 -0.92387950
vn 0.29302767 -0.24613290 -0.92387950
vn 0.29302767 -0.24613290 -0.92387950
vn 0.54144448 -0.45479429 -0.70710677
vn 0.54144448 -0.45479429 -0.70710677
vn 0.54144448 -0.45479429 -0.70710677
vn 0.54144448 -0.45479429 -0.70710677
vn 0.54144448 -0.45479429 -0.70710677
vn 0.54144448 -0.45479429 -0.70710677
vn -0.00000000 -0.70710677 -0.70710677
vn -0.00000000 -0.70710677 -0.70710677
vn -0.00000000 -0.70710677 -0.70710677
vn -0.00000000 -0.70710677 -0.70710677
vn -0.00000000 -0.70710677 -0.70710677
vn -0.00000000 -1 0
vn -0.00000000 -1 0
vn -0.00000000 -1 0
vn -0.00000000 -1 0
vn -0.00000000 -1 0
vn -0.00000000 -1 0
vn -0.00000000 -1 0
vn -0.00000000 -0.70710677 0.70710677
vn -0.00000000 -0.70710677 0.70710677
vn -0.00000000 -0.70710677 0.70710677
vn -0.00000000 -0.70710677 0.70710677
vn 0.76571816 -0.64317626 0
vn 0.76571816 -0.64317626 0
vn 0.76571816 -0.64317626 0
vn 0.76571816 -0.64317626 0
vn 0.76571816 -0.64317626 0
vn 0.76571816 -0.64317626 0
vn 0.76571816 -0.64317626 0
vn 0.76571816 -0.64317626 0
vn 0.76571816 -0.64317626 0
vn 0.76571816 -0.64317626 0
vn 0.69896007 -0.58710182 -0.40837032
vn 0.69896007 -0.58710182 -0.40837032
vn 0.69896007 -0.58710182 -0.40837032
vn 0.69896007 -0.58710182 -0.40837032
vn 0.93038493 0.27826524 -0.23864679
vn 0.93038493 0.27826524 -0.23864679
vn 0.93038493 0.27826524 -0.23864679
vn 0.93038493 0.27826524 -0.23864679
vn 0.93038493 0.27826524 -0.23864679
vn 0.93038493 0.27826524 -0.23864679
vn 0.63403970 0.77328229 0.00530634
vn 0.63403970 0.77328229 0.00530634
vn 0.63403970 0.77328229 0.00530634
vn 0.63403970 0.77328229 0.00530634
vn 0.31269658 -0.26265410 0.91281635
vn 0.31269658 -0.26265410 0.91281635
vn 0.31269658 -0.26265410 0.91281635
vn 0.31269658 -0.26265410 0.91281635
vn 0.31269658 -0.26265410 0.91281635
vn 0.31269658 -0.26265410 0.91281635
vn 0.31269658 -0.26265410 0.91281635
vn 0.31269658 -0.26265410 0.91281635
vn 0.31269658 -0.26265410 0.91281635
vn 0.31269658 -0.26265410 0.91281635
vn 0.31269658 -0.26265410 0.91281635
vn 0.31269658 -0.26265410 0.91281635
vn -0.08511958 -0.96489006 -0.24847904
vn -0.08511958 -0.96489006 -0.24847904
vn -0.08511958 -0.96489006 -0.24847904
vn -0.08511958 -0.96489006 -0.24847904
vn -0.08511958 -0.96489006 -0.24847904
vn -0.08511958 -0.96489006 -0.24847904
vn 0.71534926 -0.60086817 0.35669720
vn 0.71534926 -0.60086817 0.35669720
vn 0.71534926 -0.60086817 0.35669720
vn 0.71534926 -0.60086817 0.35669720
vn 0.71534926 -0.60086817 0.35669720
vn 0.71534926 -0.60086817 0.35669720
vn -0.46746168 -0.87912631 -0.09282530
vn -0.46746168 -0.87912631 -0.09282530
vn -0.46746168 -0.87912631 -0.09282530
vn -0.46746168 -0.87912631 -0.09282530
vn -0.46746168 -0.87912631 -0.09282530
vn -0.02028139 0.01703565 0.99964917
vn -0.02028139 0.01703565 0.99964917
vn -0.02028139 0.01703565 0.99964917
vn -0.02028139 0.01703565 0.99964917
vn -0.02028139 0.01703565 0.99964917
vn 0.87899137 0.01103874 0.47670987
vn 0.87899137 0.01103874 0.47670987
vn 0.87899137 0.01103874 0.47670987
vn 0.87899137 0.01103874 0.47670987
vn 0.87899137 0.01103874 0.47670987
vn 0.16092125 -0.86800480 0.46975741
vn 0.16092125 -0.86800480 0.46975741
vn 0.16092125 -0.86800480 0.46975741
vn 0.16092125 -0.86800480 0.46975741
vn 0.31269658 -0.26265410 0.91281635
vn 0.31269658 -0.26265410 0.91281635
vn 0.31269658 -0.26265410 0.91281635
vn 0.31269658 -0.26265410 0.91281635
vn 0.31269658 -0.26265410 0.91281635
vn 0.31269658 -0.26265410 0.91281635
vn 0.31269658 -0.26265410 0.91281635
vn 0.31269658 -0.26265410 0.91281635
vn 0.31269658 -0.26265410 0.91281635
vn 0.31269658 -0.26265410 0.91281635
vn 0.31269658 -0.26265410 0.91281635
vn 0.69896007 -0.58710182 -0.40837032
vn 0.69896007 -0.58710182 -0.40837032
vn 0.69896007 -0.58710182 -0.40837032
vn 0.69896007 -0.58710182 -0.40837032
vn 0.46746168 0.87912631 0.09282530
vn 0.46746168 0.87912631 0.09282530
vn 0.46746168 0.87912631 0.09282530
vn 0.46746168 0.87912631 0.09282530
vn 0.23463544 -0.50379920 0.83134383
vn 0.23463544 -0.50379920 0.83134383
vn 0.23463544 -0.50379920 0.83134383
vn 0.23463544 -0.50379920 0.83134383
vn 0.31269658 -0.26265410 0.91281635
vn 0.31269658 -0.26265410 0.91281635
vn 0.31269658 -0.26265410 0.91281635
vn 0.31269658 -0.26265410 0.91281635
vn 0.31269658 -0.26265410 0.91281635
vn 0.31269658 -0.26265410 0.91281635
vn -0.93038493 -0.27826524 0.23864679
vn -0.93038493 -0.27826524 0.23864679
vn -0.93038493 -0.27826524 0.23864679
vn -0.93038493 -0.27826524 0.23864679
vn -0.93038493 -0.27826524 0.23864679
vn 0.08511958 0.96489006 0.24847904
vn 0.08511958 0.96489006 0.24847904
vn 0.08511958 0.96489006 0.24847904
vn 0.08511958 0.96489006 0.24847904
vn 0.08511958 0.96489006 0.24847904
vn -0.69896007 0.58710182 0.40837032
vn -0.69896007 0.58710182 0.40837032
vn -0.69896007 0.58710182 0.40837032
vn -0.69896007 0.58710182 0.40837032
vn -0.17162026 0.14415497 0.97455931
vn -0.17162026 0.14415497 0.97455931
vn -0.17162026 0.14415497 0.97455931
vn -0.17162026 0.14415497 0.97455931
vn 0.00000000 -0.00000000 1
vn 0.00000000 -0.00000000 1
vn 0.00000000 -0.00000000 1
vn 0.00000000 -0.00000000 1
vn 0.00000000 -0.00000000 1
vn 0.00000000 -0.00000000 1
vn 0.00000000 -0.00000000 1
vn 0.00000000 -0.00000000 1
vn 0.00000000 -0.00000000 1
vn 0.00000000 -0.00000000 1
vn 0.00000000 -0.00000000 1
vn 0.00000000 -0.00000000 1
vn 0.00000000 -0.00000000 1
vn 0.00000000 -0.00000000 1
vn 0.00000000 -0.00000000 1
vn 0.00000000 -0.00000000 1
vn 0.00000000 -0.00000000 1
vn 0.00000000 -0.00000000 1
vn 0.00000000 -0.00000000 1
vn 0.00000000 -0.00000000 1
vn 0.00000000 -0.00000000 1
vn 0.00000000 -0.00000000 1
vn 0.00000000 -0.00000000 1
vn 0.00000000 -0.00000000 1
vn 0.00000000 -0.00000000 1
vn 0.00000000 -0.00000000 1
vn 0.00000000 -0.00000000 1
vn 0.00000000 -0.00000000 1
vn 0.00000000 -0.00000000 1
vn 1 0 0
vn 1 0 0
vn 1 0 0
vn 1 0 0
vn 0 1 0
vn 0 1 0
vn 0 1 0
vn 0 1 0
vn 0.70710677 0.70710677 0
vn 0.70710677 0.70710677 0
vn 0.70710677 0.70710677 0
vn 0.70710677 0.70710677 0
vn 0.70710677 -0.70710677 0
vn 0.70710677 -0.70710677 0
vn 0.70710677 -0.70710677 0
vn 0.70710677 -0.70710677 0
vn 0 0 1
vn 0 0 1
vn 0 0 1
vn 0 0 1
vn 0 0 1
vn 0 0 1
vn 0 0 1
vn 0 -1 0
vn 0 -1 0
vn 0 -1 0
vn 0 -1 0
vn 0 -1 0
vn -0.70710677 0.70710677 0
vn -0.70710677 0.70710677 0
vn -0.70710677 0.70710677 0
vn -0.70710677 0.70710677 0
vn -0.70710677 0.70710677 0
vn -1 0 0
vn -1 0 0
vn -1 0 0
vn -1 0 0
vn -0.31218967 -0.00000000 0.95001978
vn -0.31218967 -0.00000000 0.95001978
vn -0.31218967 -0.00000000 0.95001978
vn -0.31218967 -0.00000000 0.95001978
vn -0.60559058 -0.79577637 0
vn -0.60559058 -0.79577637 0
vn -0.60559058 -0.79577637 0
vn -0.60559058 -0.79577637 0
vn -0.60559058 -0.79577637 0
vn -0.60559058 -0.79577637 0
vn -0.60559058 -0.79577637 0
vn -0.60559058 -0.79577637 0
vn -0.60559058 -0.79577637 0
vn -0.60559058 -0.79577637 0
vn -0.60559058 -0.79577637 0
vn -0.60559058 -0.79577637 0
vn -0.60559058 -0.79577637 0
vn -0.60559058 -0.79577637 0
vn -0.60559058 -0.79577637 0
vn -0.60559058 -0.79577637 0
vn -0.60559058 -0.79577637 0
vn -0.60559058 -0.79577637 0
vn 0 0 1
vn 0 0 1
vn 0 0 1
vn 0 0 1
vn 0 0 1
vn 0 0 1
vn -0.33935684 0.25825259 0.90451235
vn -0.33935684 0.25825259 0.90451235
vn -0.33935684 0.25825259 0.90451235
vn -0.33935684 0.25825259 0.90451235
vn -0.33935684 0.25825259 0.90451235
vn -0.33935684 0.25825259 0.90451235
vn -0.33935684 0.25825259 0.90451235
vn -0.46485564 -0.88538647 -0.00000000
vn -0.46485564 -0.88538647 -0.00000000
vn -0.46485564 -0.88538647 -0.00000000
vn -0.46485564 -0.88538647 -0.00000000
vn -0.46485564 -0.88538647 -0.00000000
vn -0.46485564 -0.88538647 -0.00000000
vn -0.46485564 -0.88538647 -0.00000000
vn -0.46485564 -0.88538647 -0.00000000
vn -0.46485564 -0.88538647 -0.00000000
vn -0.64977729 0.49448439 -0.57729948
vn -0.64977729 0.49448439 -0.57729948
vn -0.64977729 0.49448439 -0.57729948
vn -0.64977729 0.49448439 -0.57729948
vn -0.64977729 0.49448439 -0.57729948
vn -0.64977729 0.49448439 -0.57729948
vn -0.64977729 0.49448439 -0.57729948
vn -0.64977729 0.49448439 0.57729948
vn -0.64977729 0.49448439 0.57729948
vn -0.64977729 0.49448439 0.57729948
vn -0.64977729 0.49448439 0.57729948
vn -0.64977729 0.49448439 0.57729948
vn -0.64977729 0.49448439 0.57729948
vn -0.64977729 0.49448439 0.57729948
vn -0.60559058 -0.79577637 0
vn -0.60559058 -0.79577637 0
vn -0.60559058 -0.79577637 0
vn -0.60559058 -0.79577637 0
vn -0.60559058 -0.79577637 0
vn -0.60559058 -0.79577637 0
vn -0.79577637 0.60559058 0.00000000
vn -0.79577637 0.60559058 0.00000000
vn -0.79577637 0.60559058 0.00000000
vn -0.79577637 0.60559058 0.00000000
vn -0.79577637 0.60559058 0.00000000
vn -0.79577637 0.60559058 0.00000000
vn -0.43031219 -0.90268016 -0.00000000
vn -0.43031219 -0.90268016 -0.00000000
vn -0.43031219 -0.90268016 -0.00000000
vn -0.43031219 -0.90268016 -0.00000000
vn -0.43031219 -0.90268016 -0.00000000
vn -0.43031219 -0.90268016 -0.00000000
vn -0.43031219 -0.90268016 -0.00000000
vn 0 0 -1
vn 0 0 -1
vn 0 0 -1
vn 0 0 -1
vn 0 0 -1
vn 0 0 -1
vn 0 0 -1
vn 0 0 -1
vn 0 0 -1
vn 0 0 -1
vn -0.60559058 -0.79577637 0
vn -0.60559058 -0.79577637 0
vn -0.60559058 -0.79577637 0
vn -0.60559058 -0.79577637 0
vn -0.60559058 -0.79577637 0
vn -0.60559058 -0.79577637 0
vn -0.60559058 -0.79577637 0
vn -0.60559058 -0.79577637 0
vn 0.42002934 -0.31964487 0.84935415
vn 0.42002934 -0.31964487 0.84935415
vn 0.42002934 -0.31964487 0.84935415
vn 0.42002934 -0.31964487 0.84935415
vn 0.42002934 -0.31964487 0.84935415
vn 0.42002934 -0.31964487 0.84935415
vn 0.42002934 -0.31964487 0.84935415
vn 0.42002934 -0.31964487 0.84935415
vn -0.60559058 -0.79577637 0
vn -0.60559058 -0.79577637 0
vn -0.60559058 -0.79577637 0
vn -0.60559058 -0.79577637 0
vn -0.60559058 -0.79577637 0
vn -0.60559058 -0.79577637 0
vn -0.60559058 -0.79577637 0
vn -0.79577637 0.60559058 0
vn -0.79577637 0.60559058 0
vn -0.79577637 0.60559058 0
vn -0.79577637 0.60559058 0
vn -0.79577637 0.60559058 0
vn -0.79577637 0.60559058 0
vn -0.79577637 0.60559058 0
vn -0.38665915 0.29424992 0.87402040
vn -0.38665915 0.29424992 0.87402040
vn -0.38665915 0.29424992 0.87402040
vn -0.38665915 0.29424992 0.87402040
vn -0.38665915 0.29424992 0.87402040
vn -0.38665915 0.29424992 0.87402040
f 359/993/993 360/994/994 361/995/995
f 362/996/996 360/997/997 359/998/998 363/999/999
f 364/1000/1000 365/1001/1001 362/1002/1002 363/1003/1003 366/1004/1004 367/1005/1005
f 368/1006/1006 365/1007/1007 364/1008/1008
f 366/1009/1009 369/1010/1010 370/1011/1011 367/1012/1012
f 369/1013/1013 371/1014/1014 372/1015/1015 370/1016/1016
f 368/1017/1017 364/1018/1018 367/1019/1019 370/1020/1020 372/1021/1021 373/1022/1022 374/1023/1023
f 371/1024/1024 375/1025/1025 373/1026/1026 372/1027/1027
f 375/1028/1028 376/1029/1029 374/1030/1030 373/1031/1031
f 365/1032/1032 368/1033/1033 374/1034/1034 376/1035/1035 377/1036/1036 378/1037/1037 379/1038/1038 380/1039/1039 381/1040/1040 382/1041/1041 383/1042/1042 384/1043/1043 385/1044/1044 386/1045/1045 387/1046/1046 388/1047/1047 389/1048/1048 390/1049/1049 391/1050/1050 392/1051/1051 361/1052/1052 360/1053/1053 362/1054/1054
f 378/1055/1055 377/1056/1056 393/1057/1057
f 392/1058/1058 391/1059/1059 394/1060/1060 395/1061/1061
f 396/1062/1062 397/1063/1063 380/1064/1064 379/1065/1065
f 390/1066/1066 398/1067/1067 394/1060/1060 391/1059/1059
f 389/1068/1068 399/1069/1069 398/1067/1067 390/1066/1066
f 388/1070/1070 400/1071/1071 399/1069/1069 389/1068/1068
f 387/1072/1072 401/1073/1073 400/1071/1071 388/1070/1070
f 386/1074/1074 402/1075/1075 401/1073/1073 387/1072/1072
f 385/1076/1076 403/1077/1077 402/1075/1075 386/1074/1074
f 384/1078/1078 404/1079/1079 403/1077/1077 385/1076/1076
f 383/1080/1080 405/1081/1081 404/1079/1079 384/1078/1078
f 382/1082/1082 406/1083/1083 405/1081/1081 383/1080/1080
f 381/1084/1084 407/1085/1085 406/1083/1083 382/1082/1082
f 380/1064/1064 397/1063/1063 407/1085/1085 381/1084/1084
f 408/1086/1086 409/1087/1087 410/1088/1088 363/1089/1089 359/1090/1090 361/1091/1091 392/1092/1092 395/1093/1093 411/1094/1094
f 409/1095/1095 412/1096/1096 410/1097/1097
f 413/1098/1098 408/1099/1099 411/1100/1100 414/1101/1101
f 415/1102/1102 416/1103/1103 396/1104/1104 417/1105/1105
f 396/1104/1104 416/1103/1103 418/1106/1106 397/1107/1107
f 395/1108/1108 394/1109/1109 419/1110/1110 420/1111/1111
f 395/1108/1108 420/1111/1111 414/1112/1112 411/1113/1113
f 394/1109/1109 398/1114/1114 421/1115/1115 419/1110/1110
f 398/1114/1114 399/1116/1116 422/1117/1117 421/1115/1115
f 399/1116/1116 400/1118/1118 423/1119/1119 422/1117/1117
f 400/1118/1118 401/1120/1120 424/1121/1121 423/1119/1119
f 401/1120/1120 402/1122/1122 425/1123/1123 424/1121/1121
f 402/1122/1122 403/1124/1124 426/1125/1125 425/1123/1123
f 403/1124/1124 404/1126/1126 427/1127/1127 426/1125/1125
f 404/1126/1126 405/1128/1128 428/1129/1129 427/1127/1127
f 405/1128/1128 406/1130/1130 429/1131/1131 428/1129/1129
f 406/1130/1130 407/1132/1132 430/1133/1133 429/1131/1131
f 407/1132/1132 397/1107/1107 418/1106/1106 430/1133/1133
f 431/1134/1134 432/1135/1135 415/1136/1136 417/1137/1137
f 433/1138/1138 431/1139/1139 417/1140/1140 396/1141/1141 379/1142/1142 378/1143/1143 393/1144/1144 434/1145/1145
f 435/1146/1146 432/1147/1147 431/1148/1148 433/1149/1149 436/1150/1150
f 437/1151/1151 438/1152/1152 436/1153/1153 433/1154/1154 434/1155/1155
f 439/1156/1156 440/1157/1157 438/1158/1158 437/1159/1159
f 413/1160/1160 441/1161/1161 442/1162/1162 443/1163/1163 412/1164/1164 409/1165/1165 408/1166/1166
f 444/1167/1167 445/1168/1168 443/1169/1169 442/1170/1170 446/1171/1171
f 445/1172/1172 444/1173/1173 447/1174/1174 448/1175/1175
f 448/1176/1176 447/1177/1177 449/1178/1178 450/1179/1179 451/1180/1180
f 445/1181/1181 448/1182/1182 451/1183/1183 452/1184/1184 453/1185/1185 454/1186/1186 439/1187/1187 437/1188/1188 434/1189/1189 393/1190/1190 377/1191/1191 376/1192/1192 375/1193/1193 371/1194/1194 369/1195/1195 366/1196/1196 363/1197/1197 410/1198/1198 412/1199/1199 443/1200/1200
f 440/1201/1201 439/1202/1202 454/1203/1203 455/1204/1204 456/1205/1205
f 453/1206/1206 457/1207/1207 455/1208/1208 454/1209/1209
f 457/1210/1210 458/1211/1211 459/1212/1212 456/1213/1213 455/1214/1214
f 452/1215/1215 460/1216/1216 461/1217/1217 458/1218/1218 457/1219/1219 453/1220/1220
f 451/1221/1221 450/1222/1222 462/1223/1223 460/1224/1224 452/1225/1225
f 461/1226/1226 460/1227/1227 462/1228/1228 463/1229/1229
f 462/1230/1230 450/1231/1231 449/1232/1232 464/1233/1233 465/1234/1234 463/1235/1235
f 458/1236/1236 461/1237/1237 463/1238/1238 465/1239/1239 459/1240/1240
f 459/1241/1241 465/1242/1242 464/1243/1243 466/1244/1244 467/1245/1245 468/1246/1246 469/1247/1247
f 468/1248/1248 467/1249/1249 470/1250/1250 471/1251/1251
f 447/1252/1252 444/1253/1253 446/1254/1254 472/1255/1255 473/1256/1256 474/1257/1257 475/1258/1258 466/1259/1259 464/1260/1260 449/1261/1261
f 476/1262/1262 477/1263/1263 474/1264/1264 473/1265/1265
f 478/1266/1266 476/1267/1267 473/1268/1268 472/1269/1269 479/1270/1270 480/1271/1271
f 481/1272/1272 480/1273/1273 479/1274/1274 482/1275/1275
f 442/1276/1276 441/1277/1277 470/1278/1278 467/1279/1279 466/1280/1280 475/1281/1281 483/1282/1282 484/1283/1283 482/1284/1284 479/1285/1285 472/1286/1286 446/1287/1287
f 477/1288/1288 485/1289/1289 486/1290/1290 483/1291/1291 475/1292/1292 474/1293/1293
f 477/1294/1294 476/1295/1295 478/1296/1296 487/1297/1297 488/1298/1298 485/1299/1299
f 486/1300/1300 489/1301/1301 490/1302/1302 484/1303/1303 483/1304/1304
f 491/1305/1305 481/1306/1306 482/1307/1307 484/1308/1308 490/1309/1309
f 487/1310/1310 478/1311/1311 480/1312/1312 481/1313/1313 491/1314/1314
f 485/1315/1315 488/1316/1316 489/1317/1317 486/1318/1318
f 490/1319/1319 489/1320/1320 488/1321/1321 487/1322/1322 492/1323/1323 493/1324/1324 494/1325/1325 495/1326/1326
f 495/1326/1326 496/1327/1327 497/1328/1328 492/1323/1323 487/1322/1322 491/1329/1329 490/1319/1319
f 498/1330/1330 496/1331/1331 495/1332/1332 499/1333/1333
f 500/1334/1334 499/1335/1335 495/1336/1336 494/1337/1337
f 498/1338/1338 501/1339/1339 497/1340/1340 496/1341/1341
f 501/1342/1342 498/1343/1343 499/1344/1344 500/1345/1345 502/1346/1346 503/1347/1347
f 497/1348/1348 501/1349/1349 503/1350/1350 504/1351/1351 492/1352/1352
f 493/1353/1353 505/1354/1354 502/1355/1355 500/1356/1356 494/1357/1357
f 505/1358/1358 504/1359/1359 503/1360/1360 502/1361/1361
f 504/1362/1362 505/1363/1363 493/1364/1364 492/1365/1365
f 470/1366/1366 441/1367/1367 413/1368/1368 414/1369/1369 420/1370/1370 419/1371/1371 421/1372/1372 422/1373/1373 423/1374/1374 424/1375/1375 425/1376/1376 426/1377/1377 427/1378/1378 428/1379/1379 429/1380/1380 430/1381/1381 506/1382/1382 507/1383/1383
f 507/1383/1383 508/1384/1384 509/1385/1385 510/1386/1386 511/1387/1387 512/1388/1388 506/1382/1382 430/1381/1381 418/1389/1389 416/1390/1390 415/1391/1391 432/1392/1392 435/1393/1393 471/1394/1394 470/1366/1366
f 513/1395/1395 511/1396/1396 510/1397/1397 514/1398/1398
f 515/1399/1399 509/1400/1400 508/1401/1401 516/1402/1402
f 514/1403/1403 510/1404/1404 509/1405/1405 515/1406/1406
f 511/1407/1407 513/1408/1408 517/1409/1409 512/1410/1410
f 517/1411/1411 513/1412/1412 514/1413/1413 515/1414/1414 516/1415/1415 518/1416/1416 519/1417/1417
f 512/1418/1418 517/1419/1419 519/1420/1420 520/1421/1421 506/1422/1422
f 518/1423/1423 516/1424/1424 508/1425/1425 507/1426/1426 521/1427/1427
f 521/1428/1428 520/1429/1429 519/1430/1430 518/1431/1431
f 507/1432/1432 506/1433/1433 520/1434/1434 521/1435/1435
f 436/1436/1436 438/1437/1437 522/1438/1438 523/1439/1439 524/1440/1440 525/1441/1441 526/1442/1442 527/1443/1443 469/1444/1444 468/1445/1445 471/1446/1446 435/1447/1447
f 456/1448/1448 459/1449/1449 469/1444/1444 527/1443/1443 528/1450/1450 529/1451/1451 530/1452/1452 522/1438/1438 438/1437/1437 440/1453/1453
f 531/1454/1454 532/1455/1455 533/1456/1456 534/1457/1457
f 534/1457/1457 533/1456/1456 525/1458/1458 524/1459/1459
f 531/1460/1460 534/1461/1461 535/1462/1462 536/1463/1463 537/1464/1464
f 535/1462/1462 534/1461/1461 524/1465/1465 523/1466/1466
f 536/1467/1467 538/1468/1468 539/1469/1469 540/1470/1470 537/1471/1471
f 541/1472/1472 542/1473/1473 540/1470/1470 539/1469/1469 543/1474/1474 544/1475/1475
f 544/1476/1476 545/1477/1477 546/1478/1478 547/1479/1479 541/1480/1480
f 530/1481/1481 529/1482/1482 547/1479/1479 546/1478/1478
f 536/1483/1483 535/1484/1484 548/1485/1485 549/1486/1486 538/1487/1487
f 523/1488/1488 522/1489/1489 548/1485/1485 535/1484/1484
f 544/1490/1490 543/1491/1491 545/1492/1492
f 549/1493/1493 545/1492/1492 543/1491/1491 539/1494/1494 538/1495/1495
f 522/1496/1496 530/1497/1497 546/1498/1498 548/1499/1499
f 548/1499/1499 546/1498/1498 545/1500/1500 549/1501/1501
f 550/1502/1502 551/1503/1503 527/1504/1504 526/1505/1505
f 527/1504/1504 551/1503/1503 552/1506/1506 553/1507/1507 528/1508/1508
f 554/1509/1509 542/1510/1510 547/1511/1511 529/1512/1512 528/1513/1513 553/1514/1514 555/1515/1515
f 555/1515/1515 553/1514/1514 552/1516/1516 556/1517/1517
f 541/1518/1518 547/1511/1511 542/1510/1510
f 532/1519/1519 531/1520/1520 537/1521/1521 540/1522/1522 542/1523/1523 554/1524/1524 557/1525/1525 558/1526/1526
f 526/1527/1527 525/1528/1528 533/1529/1529 532/1530/1530 558/1531/1531
f 526/1527/1527 558/1531/1531 559/1532/1532 560/1533/1533 550/1534/1534
f 561/1535/1535 562/1536/1536 551/1537/1537 550/1538/1538 560/1539/1539
f 556/1540/1540 552/1541/1541 551/1537/1537 562/1536/1536
f 562/1542/1542 561/1543/1543 563/1544/1544 557/1545/1545 554/1546/1546 555/1547/1547 556/1548/1548
f 561/1549/1549 560/1550/1550 559/1551/1551 563/1552/1552
f 563/1552/1552 559/1551/1551 558/1553/1553 557/1554/1554
o Solid_279
v -2.21139860 -0.77849066 0.34805369
v -2.20732951 -0.78190839 0.34816429
v -2.21033812 -0.77722824 0.34805369
v -2.19482851 -0.81118834 0.36313838
v -2.16740155 -0.83422607 0.36388388
v -2.17719078 -0.81809622 0.35745600
v -2.10838747 -0.88379574 0.39160588
v -2.05143785 -0.93163139 0.42487895
v -2.07884526 -0.88767755 0.42487895
v -2.10982633 -0.88258719 0.41280130
v -2.06650805 -0.91897297 0.42487895
v -2.20577812 -1.08477759 0.42487895
v -2.22669721 -1.02172506 0.41280130
v -2.22720933 -1.02130711 0.41250557
v -2.22720933 -1.53285778 0.41250557
v -2.20577812 -1.51281178 0.42487895
v -2.32015038 -0.86495519 0.25152692
v -2.32015038 -1.67491198 0.25152692
v -2.24546027 -1.58407140 0.38089412
v -2.27156544 -0.80711347 0.33567870
v -2.32015038 -0.86495519 0.24142998
v -2.32015038 -1.68200195 0.24142998
v -2.27681065 -0.81335795 0.16636313
v -2.22916150 -0.88494772 0.08383257
v -2.22916150 -1.79266560 0.08383257
v -2.20187378 -0.87695593 0.06807797
v -2.20187378 -1.78276491 0.06807797
v -2.22005820 -1.79635620 0.07857676
v -0.49965641 -1.78276491 0.06807797
v -0.48147199 -1.79635620 0.07857676
v -0.49965641 -0.67281944 0.06807797
v -0.48172113 -0.64925158 0.07843291
v -0.47236866 -0.65636885 0.08383257
v -0.47236866 -1.79266560 0.08383257
v -0.38403621 -0.72359037 0.23682880
v -0.38403621 -1.68523288 0.23682880
v -0.38403621 -0.72359037 0.25612810
v -0.38403621 -1.67168105 0.25612810
v -0.48172113 -0.64925158 0.21459855
v -0.47417811 -0.63933963 0.06807797
v -0.47417811 -0.63933963 0.21459855
v -0.42403123 -0.67750168 0.21459855
v -0.43157426 -0.68741363 0.21459855
v -0.42403123 -0.67750168 0.31469500
v -0.48569748 -0.63057333 0.06807797
v -0.48569748 -0.63057333 0.36361223
v -0.47837704 -0.62095386 0.06807797
v -0.47837704 -0.62095386 0.36361223
v -1.93431711 -0.55842274 0.06807797
v -0.60107476 -0.55842274 0.06807797
v -0.51309031 -0.62537944 0.06807797
v -0.49822682 -0.60584807 0.06807797
v -0.57285863 -0.57989538 0.18663538
v -0.55799514 -0.56036401 0.18663538
v -0.56048548 -0.55846888 0.26564878
v -0.50911379 -0.59756303 0.38799438
v -0.57534897 -0.57800019 0.26564878
v -0.42863452 -0.68355066 0.31469500
v -0.52131653 -0.61359805 0.38799438
v -0.42863524 -0.68355155 0.31533128
v -0.43157426 -0.68741363 0.31533128
v -0.51703042 -0.62238097 0.40453875
v -0.51437265 -0.61888850 0.40453875
v -0.49189609 -0.63590968 0.41207209
v -0.47224760 -0.65073961 0.39653265
v -0.49459416 -0.63945508 0.41207209
v -0.47500479 -0.65436274 0.39653265
v -1.81104314 -0.55842274 0.41713279
v -0.60107476 -0.55842274 0.41713279
v -2.06267405 -0.55842274 0.16636313
v -2.06267405 -0.55842274 0.33567870
v -1.83753955 -0.55842274 0.41280130
v -1.77220309 -0.56859517 0.42487895
v -1.93390405 -0.67314714 0.41280130
v -1.89677572 -0.71690226 0.42487895
v -0.58770764 -0.56859517 0.42487895
v -0.49575210 -0.63857388 0.42487895
v -0.47432080 -0.65488327 0.41250557
v -0.47432080 -1.53285778 0.41250557
v -0.45606992 -1.58407140 0.38089412
v -0.49575210 -1.51281178 0.42487895
v -2.27681065 -0.81335795 0.25055224
v -2.18099284 -0.69928432 0.16636313
v -2.18099284 -0.69928432 0.25055224
v -2.29535651 -0.79777998 0.19058348
v -2.19953871 -0.68370634 0.19058348
v -2.19953871 -0.68370634 0.25055224
v -2.29535651 -0.79777998 0.25055224
v -2.16015625 -0.67346066 0.29816556
v -2.26818037 -0.80206591 0.29816556
v -2.19199395 -0.64671814 0.29816556
v -2.30001783 -0.77532345 0.29816556
v -1.68433642 -0.56859517 0.42487895
v -1.69843960 -0.58611882 0.43822291
v -1.56981349 -0.58611882 0.43822291
v -1.55571043 -0.56859517 0.42487895
v -2.19067407 -1.19773698 0.42487895
v -2.19067407 -1.19773698 0.43822291
v -2.19067407 -1.51025593 0.42645654
v -2.19067407 -1.34096682 0.43822291
v -2.19067407 -1.51281178 0.42487895
v -1.98051906 -1.34096682 0.43822291
v -2.08956194 -1.23192394 0.43822291
v -1.98051906 -1.34096682 0.42487895
v -2.08956194 -1.23192394 0.42487895
v -1.81122994 -1.51025593 0.42645654
v -1.80867410 -1.51281178 0.42487895
v -1.62041605 -0.64899415 0.42487895
v -1.62041605 -0.64899415 0.39442918
v -1.57862020 -0.59706146 0.39442918
v -1.57862020 -0.59706146 0.42487895
v -1.43405724 -0.71340674 0.39442918
v -1.43405724 -0.71340674 0.42487895
v -1.47011983 -0.76995355 0.42487895
v -1.47011983 -0.76995355 0.39442918
v -1.44898403 -0.75983316 0.39442918
v -1.43405724 -0.74018812 0.39442918
v -1.43405724 -0.74018812 0.42487895
v -1.44898403 -0.75983316 0.42487895
v -1.67614961 -1.51281178 0.42487895
v -1.67188835 -1.48696661 0.42487895
v -1.64571989 -1.40998352 0.42487895
v -1.60141253 -1.34180677 0.42487895
v -1.54169130 -1.28662920 0.42487895
v -1.47022879 -1.24784386 0.42487895
v -1.39141977 -1.22783601 0.42487895
v -1.31011045 -1.22783601 0.42487895
v -1.23130131 -1.24784386 0.42487895
v -1.15983880 -1.28662920 0.42487895
v -1.10011756 -1.34180677 0.42487895
v -1.05581033 -1.40998352 0.42487895
v -1.02964175 -1.48696661 0.42487895
v -1.02538061 -1.51281178 0.42487895
v -1.64043295 -1.53862345 0.40894672
v -1.63482225 -1.49461007 0.40894672
v -1.06670797 -1.49461007 0.40894672
v -1.06109726 -1.53862345 0.40894672
v -1.61167419 -1.42651284 0.40894672
v -1.57248116 -1.36620557 0.40894672
v -1.51965332 -1.31739688 0.40894672
v -1.45643950 -1.28308845 0.40894672
v -1.38672709 -1.26539004 0.40894672
v -1.31480312 -1.26539004 0.40894672
v -1.24509060 -1.28308845 0.40894672
v -1.18187678 -1.31739688 0.40894672
v -1.12904906 -1.36620557 0.40894672
v -1.08985603 -1.42651284 0.40894672
v -1.64069998 -1.56075513 0.39528599
v -1.63482225 -1.49461007 0.39528599
v -1.06670797 -1.49461007 0.39528599
v -1.06083024 -1.56075513 0.39528599
v -1.61167419 -1.42651284 0.39528599
v -1.57248116 -1.36620557 0.39528599
v -1.51965332 -1.31739688 0.39528599
v -1.45643950 -1.28308845 0.39528599
v -1.38672709 -1.26539004 0.39528599
v -1.31480312 -1.26539004 0.39528599
v -1.24509060 -1.28308845 0.39528599
v -1.18187678 -1.31739688 0.39528599
v -1.12904906 -1.36620557 0.39528599
v -1.08985603 -1.42651284 0.39528599
v -2.20911217 -1.58407140 0.38089412
v -2.20080304 -1.56075513 0.39528599
v -0.50072718 -1.56075513 0.39528599
v -0.49241805 -1.58407140 0.38089412
v -2.20080304 -1.02051365 0.39528599
v -0.50072718 -1.02051365 0.39528599
v -0.41481313 -1.12500513 0.24647845
v -0.41481313 -1.67845690 0.24647845
v -2.28671718 -1.67845690 0.24647845
v -2.28671718 -1.12500513 0.24647845
v -0.50072718 -1.78294837 0.09767094
v -2.20080304 -1.78294837 0.09767094
v -0.50072718 -1.22949648 0.09767094
v -2.20080304 -1.22949648 0.09767094
v -2.26912665 -0.78764325 0.29816556
v -2.28511953 -0.77420980 0.29816556
v -2.19164610 -0.66292739 0.29816556
v -2.17565322 -0.67636085 0.29816556
v -2.27775693 -0.79893523 0.25055224
v -2.19648981 -0.70218456 0.25055224
v -2.19919086 -0.69991559 0.25055224
v -2.28045821 -0.79666632 0.25055224
v -2.01882148 -0.60181952 0.36318794
v -2.02343774 -0.60960442 0.35156935
v -1.89567041 -0.73160803 0.41498554
v -1.89205635 -0.73464370 0.41709706
v -1.88268721 -0.73949647 0.42487895
v -1.89285612 -0.73397189 0.41630754
v -1.90087783 -0.76115292 0.42487895
v -1.90956104 -0.75385940 0.41630754
v -2.03337693 -0.60867864 0.34861764
v -2.05365753 -0.63282329 0.34861764
v -2.07440495 -0.61539632 0.34805369
v -1.94291210 -0.72584563 0.42487895
v -2.06135774 -0.59986323 0.34805369
v -2.07540250 -0.88357908 0.42487895
v -2.20689535 -0.77312970 0.34805369
v -2.17721534 -0.73779488 0.34805369
v -2.04572248 -0.84824425 0.42487895
v -2.04227996 -0.84414572 0.42487895
v -2.17377281 -0.73369634 0.34805369
v -2.14409280 -0.69836152 0.34805369
v -2.01259995 -0.80881089 0.42487895
v -2.00915742 -0.80471236 0.42487895
v -2.14065027 -0.69426298 0.34805369
v -2.11097026 -0.65892816 0.34805369
v -1.97947741 -0.76937753 0.42487895
v -1.97603476 -0.76527900 0.42487895
v -2.10752749 -0.65482962 0.34805369
v -2.07784748 -0.61949486 0.34805369
v -1.94635475 -0.72994417 0.42487895
v -2.11990285 -0.71169001 0.34861764
v -2.09562993 -0.68279248 0.34861764
v -1.96712315 -0.84001964 0.42487895
v -1.97580624 -0.83272612 0.41630754
v -1.96191561 -0.81047469 0.41498554
v -1.95830154 -0.81351042 0.41709706
v -1.94893241 -0.81836313 0.42487895
v -1.95910144 -0.81283861 0.41630754
v -2.18614817 -0.79055673 0.34861764
v -2.16187525 -0.76165915 0.34861764
v -2.03336835 -0.91888630 0.42487895
v -2.04205155 -0.91159284 0.41630754
v -2.02816081 -0.88934141 0.41498554
v -2.02454686 -0.89237708 0.41709706
v -2.01517773 -0.89722985 0.42487895
v -2.02534676 -0.89170527 0.41630754
v -2.15302563 -0.75112337 0.34861764
v -2.12875271 -0.72222579 0.34861764
v -2.00024581 -0.87945294 0.42487895
v -2.00892878 -0.87215948 0.41630754
v -1.91580987 -0.77892977 0.42487895
v -1.93400049 -0.80058628 0.42487895
v -1.98205507 -0.85779649 0.42487895
v -1.99503827 -0.84990805 0.41498554
v -1.99142420 -0.85294378 0.41709706
v -1.99222410 -0.85227191 0.41630754
v -2.08678031 -0.67225665 0.34861764
v -1.94268358 -0.79329276 0.41630754
v -2.06250739 -0.64335912 0.34861764
v -1.92879307 -0.77104139 0.41498554
v -1.92517900 -0.77407706 0.41709706
v -1.92597878 -0.77340525 0.41630754
vt 0 0
vt 0.00000000 0.99403578
vt 0.99403578 0.00000000
vt 0.92391020 1
vt 1 1
vt 0.51289606 0.00000000
vt 0 0
vt 0.25769138 0.42105237
vt 0.99407113 0.99407113
vt 0.84801817 0.75147319
vt 0.00592885 0.00592885
vt 0.02100365 0.10286199
vt 0.21880919 0.62225789
vt 0.65044320 1
vt 1 1
vt 0.80710328 0
vt 0 0
vt 0.80872506 0.01207479
vt 1 0
vt 0.40719810 0.80438054
vt 0.10509858 1
vt 0 1
vt 0.39716411 0.46108294
vt 0.99403578 1
vt 0.00000000 1
vt 0 0
vt 0.83416271 0.00000000
vt 0.87592536 1
vt 0.99918300 0.02389916
vt 1 0.00000000
vt 0 0
vt 0.03918678 1
vt 1 0.93334657
vt 1 0
vt 0.19637047 0.10467936
vt 0.00000000 0.16369481
vt 0 0.75317580
vt 0.47724885 1
vt 0.01459005 1
vt 1 1
vt 1 0
vt 0.00596421 0
vt 0 0.11300191
vt 0 0.94731253
vt 0.47632036 1
vt 1 0.92689759
vt 1 0
vt 0.00401412 1
vt 0.99130762 1
vt 1 0
vt 0.01478267 0
vt 0 0.66639507
vt 0.98373586 1
vt 0.99407113 0
vt 0.00592885 0
vt 0.01626415 1
vt 0.97945452 1
vt 1 0.34273550
vt 0.99379545 0
vt 0.00321731 0.00000000
vt 0 0.33360490
vt 0.01184826 1
vt 1 0.93561423
vt 1 0.09935411
vt 0 0.00592885
vt 0.00000000 0.99407113
vt 0.00596421 1
vt 1 1
vt 1 0
vt 0.01997253 0.00000000
vt 0 0.29605713
vt 0.92932779 0.29605713
vt 1 1
vt 1 0
vt 0 0
vt 1 1
vt 1 0.00000000
vt 0 0
vt -0.00000000 1
vt 0.16552138 0
vt 0.50421798 0.00000000
vt 0.50421798 0.81319773
vt 1 0.81319773
vt 1 1
vt 0 1
vt -0.00000000 1
vt 1 1
vt 1 -0.00000000
vt 0 0
vt 0.98525304 0.90656477
vt 0.98525304 0
vt 0 0
vt 0 0.73983324
vt 0.15486328 1
vt 0.92655152 1
vt 0.97747737 0.94531214
vt 0.98608047 0.96126467
vt 0.99756962 0.94892675
vt 0.99333251 0.94106996
vt 1 0.93390989
vt 1 1
vt 1 0.00000000
vt 0.00000000 0
vt 0 1
vt 0.03033007 0.37058869
vt 0 0.61757016
vt 0.62565684 1
vt 1 0.92378587
vt 1 0
vt 0.75824916 0
vt 0 1
vt 1 1
vt 1 0.00000000
vt -0.00000000 0
vt 0.97713840 0.00000000
vt 0.59990239 0
vt 0.59990239 0.66736209
vt 0 0.66736209
vt 0.00000000 1
vt 1 1
vt 0.00000000 0.61036384
vt 0 1
vt 1 1
vt 1 0.00000000
vt 0.00631657 0
vt 0.00631657 0.61027235
vt 1 0
vt 0.82118517 0.00000000
vt 0.82098705 0.11911856
vt 0.00000000 0.11911856
vt 0 1
vt 1 1
vt 0.99755239 0.98657233
vt 1 1
vt 0.01044547 1
vt 0 0.53456801
vt 0.14283063 0
vt 0.35261545 0.00000000
vt 0.02728625 1
vt 1 1
vt 1 0
vt 0.00596421 0.00000000
vt 0.00596421 0
vt 0.06745893 1
vt 1 1
vt 1 0.00000000
vt 0 1
vt 0.99403578 1
vt 0.97920060 0
vt 0.00000000 0.00000000
vt 0.00000000 0.17216133
vt 0 1
vt 1 1
vt 1 0.08781944
vt 0.71842486 0
vt 0.23335613 0
vt 0.01240922 0.15403292
vt 0 1
vt 0.08876211 0.35863715
vt 0.17675048 0
vt 0.95031029 0.00000000
vt 1 1
vt 0.78096956 0.69297260
vt 0.58086437 0.92055434
vt 0.49060681 0.96410644
vt 0.38723224 0.94299287
vt 0.11853095 0.55372834
vt 0.13000520 0.33227882
vt 0.40538630 0
vt 0.00000000 0
vt 0 0.97828996
vt 0.06158863 1
vt 0.48527166 1
vt 0.58401597 0.96532136
vt 1 0.52704489
vt 1 0.47295508
vt 0.59301043 0.04415513
vt 0.54991907 0.02902160
vt 0.54991907 0.41065070
vt 0.78096956 0.41065070
vt 0 0
vt 0 0.93242794
vt 1 1
vt 1 0.13652980
vt 0.79785162 0.08616234
vt 0.00592885 1
vt 0.97605008 1
vt 0.99407113 0
vt 0.02807878 0.00000000
vt 0.83167446 0.49723199
vt 0.83167446 0
vt 1 0.44335473
vt 1 0.50298864
vt 0.81130296 1
vt 0.00000000 1
vt 0 0
vt 0.45953235 0
vt 0.45953235 0.49723199
vt 0.05383738 1
vt 0 0.87139684
vt 0.05497583 0.19770828
vt 0.05497583 0.00000000
vt 0.39381719 0
vt 0.39381719 0.19770828
vt 0.81222880 0.19770828
vt 1 1
vt 0.00596421 0
vt 0.29193819 1
vt 1 1
vt 1 0
vt 0 0
vt 0 1
vt 0.70806181 1
vt 0.99403578 0
vt 1 1
vt -0.00000000 1
vt 0 0
vt 1 0
vt 0.52945977 0.93359208
vt 0.99407113 0.99407113
vt 0.40384847 0.00592885
vt 0.00592885 0.05710422
vt 0.06939629 0.80499238
vt 0.99407113 0.99407113
vt 0.88511741 0.00592885
vt 0.00592885 0.22938223
vt 0.00592885 0.93359208
vt 0.41786519 0.99407113
vt 0.99407113 0.00592885
vt 0.51702684 0.05710422
vt 0.00592885 0.80499238
vt 0.86916488 0.99407113
vt 0.99407113 0.00592885
vt 0.07868891 0.22938223
vt 0.01092677 1
vt 1 1
vt 0.96825069 0.63271183
vt 0.89642525 0.63271183
vt 0.90795374 0
vt 0.80280995 0.00000000
vt 0.79128152 0.63271183
vt 0 0.63271183
vt 0.03365134 0
vt 0.00596421 1
vt 1 1
vt 1 0
vt 0.99188811 0.88177496
vt 0.45459017 0
vt 0.00000000 0
vt 0 1
vt 1 1
vt 0 1
vt 0.20717387 1
vt 1 0.18974671
vt 1 0
vt 0.66151011 0
vt 0.83714199 0.14445674
vt 0 1
vt 1 1
vt 1 0
vt -0.00000000 0
vt 0.00596421 1
vt 0.44945353 0.00000000
vt 1 0
vt 1 1
vt 0.88248008 0.97925150
vt 1 0.99403578
vt 0.97358227 0
vt 0 0
vt 0 0.30470055
vt 0.87879473 0.30470055
vt 0.87879473 1
vt 0.95708573 1
vt 0.95708573 0.30470055
vt 1 0.30470055
vt 1 0
vt -0.00000000 0
vt 0 1
vt 1 1
vt 1 1
vt 1 0
vt 0 0
vt 0 1
vt 0.91990280 0.05853578
vt 1 0.17216191
vt 1 0.32706404
vt 0.22427589 1
vt 0 0.69962364
vt 0.80648828 0
vt 1 0
vt 0 -0.00000000
vt 0 1
vt 1 1
vt 1 1
vt 0 1
vt 0 -0.00000000
vt 1 0
vt 0 1
vt 1 1
vt 1 0.00000000
vt 0 0
vt 0.67536896 0.96985197
vt 0.58520710 0.84663308
vt 0.58520710 0.81826955
vt 0.59451675 0.79746383
vt 0.60769886 0.78674561
vt 0.70143640 0.91485113
vt 0.99403578 0.29748240
vt 0.92602736 0.18199736
vt 0.81885016 0
vt 0.73619658 0.00000000
vt 0.73353893 0.02737213
vt 0.71721798 0.10890332
vt 0.68958420 0.18110780
vt 0.65233696 0.23954526
vt 0.60776681 0.28062198
vt 0.55861473 0.30181190
vt 0.50790334 0.30181190
vt 0.45875126 0.28062198
vt 0.41418114 0.23954526
vt 0.37693390 0.18110780
vt 0.34930012 0.10890332
vt 0.33297914 0.02737213
vt 0.33032149 0.00000000
vt 0 0.00000000
vt 0.00000000 0.92588699
vt 0.05735132 1
vt 0.66108042 1
vt 0.99407113 0
vt 0.94431508 0
vt 0.94431508 1
vt 0.97028011 1
vt 0.02971987 1
vt 0.05568492 1
vt 0.05568492 0
vt 0.00592885 0
vt 0.86353052 0
vt 0.86353052 1
vt 0.78274596 0
vt 0.78274596 1
vt 0.70196140 0
vt 0.70196140 1
vt 0.62117684 0
vt 0.62117684 1
vt 0.54039228 0
vt 0.54039228 1
vt 0.45960772 0
vt 0.45960772 1
vt 0.37882316 0
vt 0.37882316 1
vt 0.29803860 0
vt 0.29803860 1
vt 0.21725404 0
vt 0.21725404 1
vt 0.13646948 0
vt 0.13646948 1
vt 0.00592885 1
vt 0.07692308 1
vt 0.07692308 0
vt 0.02954534 0
vt 0.97045463 0
vt 0.92307693 0
vt 0.92307693 1
vt 0.99407113 1
vt 0.15384616 1
vt 0.15384616 0
vt 0.23076923 1
vt 0.23076923 0
vt 0.30769232 1
vt 0.30769232 0
vt 0.38461539 1
vt 0.38461539 0
vt 0.46153846 1
vt 0.46153846 0
vt 0.53846157 1
vt 0.53846157 0
vt 0.61538464 1
vt 0.61538464 0
vt 0.69230771 1
vt 0.69230771 0
vt 0.76923078 1
vt 0.76923078 0
vt 0.84615386 1
vt 0.84615386 0
vt 0.03462488 0.93573803
vt 0.03462488 0.71929646
vt 0 0.71512216
vt 0 0.09540676
vt 0.03462488 0.09540676
vt 0.03462488 0.07073858
vt 0.30619457 0.03573655
vt 1 0.00592885
vt 1 0.06529331
vt 0.68412876 0.07886397
vt 0.68412876 0.99363506
vt 0.38430390 0.99407113
vt 0.28131002 0.96426344
vt 0.00000000 0.92926145
vt -0.00000000 0.06426198
vt 0.36222085 0.00592885
vt 0.67279947 0.00636492
vt 0.67279947 0.92113602
vt 1 0.93470669
vt 1 0.99407113
vt 0 0
vt 0.32945767 0.00000000
vt 0.33291504 0.12243628
vt 0.34653091 0.24848582
vt 0.36958459 0.36011600
vt 0.40065840 0.45046198
vt 0.43784133 0.51396775
vt 0.47884682 0.54672796
vt 0.52115315 0.54672796
vt 0.56215864 0.51396775
vt 0.59934163 0.45046198
vt 0.63041538 0.36011600
vt 0.65346909 0.24848582
vt 0.66708499 0.12243628
vt 0.67054230 0
vt 1 0
vt 1 1
vt 0 1
vt 0.90328538 0.14345551
vt 1 0.17889346
vt 1 1
vt 0 0.84118474
vt 0 0
vt 0 0.17889346
vt 0.09671459 0.14345551
vt 1 0
vt 1 0.84118474
vt 0 1
vt 0.52346331 1
vt 0.58730119 1
vt 1 0.96279472
vt 1 0.94402099
vt 0.55538225 0.98410380
vt 0.06315939 0.93972927
vt 0.06315939 0.06164277
vt 0.55538225 0.01726829
vt 1 0.05735111
vt 1 0.03857736
vt 0.57208151 0
vt 0.53868300 0
vt 0.01738507 0.04699563
vt 0 0.05169749
vt 0 0.94967461
vt 0.01738507 0.95437646
vt 1 0.95410341
vt 0.50000000 1
vt 0 0.95410341
vt 0 0.04589662
vt 0.50000000 0
vt 1 0.04589662
vt 1 0.00592885
vt 1 0.83713907
vt 0 0.99407113
vt 0 0.16286093
vt 1 0
vt 1 1
vt 0 1
vt 0 0
vt 1 0.16286093
vt 1 0.99407113
vt 0 0.83713907
vt 0 0.00592885
vt 1 1
vt 1 0
vt 0.93786931 0.24053013
vt 0.93786931 0.74285704
vt 0.07256766 0.74285704
vt 0.07256766 0.24053013
vt 0 0.00000000
vt 0.00000000 1
vt 0.00592885 0.06507050
vt 0.43866467 0.00592885
vt 0.99407113 0.99407113
vt 0.48880830 0.92417753
vt 0.00592885 0.45076543
vt 0.93616313 0.00592885
vt 0.99407113 0.99407113
vt 0.01570967 0.61766529
vt 0.47636327 0.06507050
vt 0.99407113 0.00592885
vt 0.45297891 0.99407113
vt 0.00592885 0.92417753
vt 0.01723787 0.45076543
vt 0.99407113 0.00592885
vt 0.92711532 0.99407113
vt 0.00592885 0.61766529
vt 0 0
vt 0.00000000 1
vt 1 1
vt 1 0.00000000
vt 0.88702297 0.47706297
vt 0.61049032 0.00000000
vt 0.01662366 0
vt 0 0.44266641
vt 0.91325384 1
vt 0.93852860 1
vt 1 0.88548511
vt 0.77538770 0.62459087
vt 0.99407113 0.99407113
vt 0.00592885 0.00592885
vt 1 1
vt 0 1
vt 0.08168204 0.09211201
vt 0.08168204 0.00000000
vt 1 0
vt 0.88698131 1
vt 1 0.83369243
vt 0.09309152 0
vt 0 0.13698459
vt 0.01771212 0.15326679
vt 0.82706237 0.99362338
vt 0.88043767 0.00734056
vt 1 0
vt 0.24223442 1
vt 0 1
vt 0.05003892 0.88842976
vt 0.00592885 0.00596421
vt 0.19165397 0.76140803
vt 0.39364532 1
vt 0.99407113 1
vt 0.00000000 1
vt 0.99403578 1
vt 0.63949680 0
vt 0 0.00000000
vt 0.18708749 0.45442626
vt 0.13987797 0.52500141
vt 0.14218099 0.52772629
vt 0.48491520 0.28933048
vt 0.49239191 0.29817683
vt 0.14965773 0.53657264
vt 0.21411709 0.61284000
vt 0.55685127 0.37444413
vt 0.56432801 0.38329047
vt 0.22159381 0.62168628
vt 0.28605318 0.69795364
vt 0.62878740 0.45955777
vt 0.63626409 0.46840411
vt 0.29352990 0.70679998
vt 0.35798928 0.78306729
vt 0.70072347 0.54467142
vt 0.70820022 0.55351776
vt 0.36546600 0.79191363
vt 0.42992538 0.86818093
vt 0.77265954 0.62978506
vt 0.78013629 0.63863140
vt 0.43740210 0.87702727
vt 0.46573824 0.91055411
vt 0.56937855 0.90633166
vt 0.79071456 0.75237679
vt 1 1
vt 0.45367280 1
vt 0 0.46322155
vt 0.15349063 0.00090207
vt 0.15482302 0
vt 0.40864459 0.30031765
vt 0.00000000 1
vt 0.81294286 1
vt 0.99403578 0
vt 0 0.00000000
vt 0.88043767 0.00734056
vt 1 0
vt 0.24223442 1
vt 0 1
vt 0.05003892 0.88842976
vt 0 0.00000000
vt 0.10478390 0.41672540
vt 0.92550981 1
vt 0.94721359 1
vt 1 0.88548511
vt 0.78966534 0
vt 0.86473352 1
vt 1 0.80726445
vt 0.09309152 0
vt 0 0.13264219
vt 0.01771212 0.14840823
vt 1 1
vt 0 1
vt 0.08168204 0.09211201
vt 0.08168204 0
vt 1 0.00000000
vt 0.77538770 0.62459087
vt 0.99407113 0.99407113
vt 0.00592885 0.00592885
vt 0 1
vt 0.81294286 1
vt 0.99403578 0
vt 0.00000000 0.00000000
vt 0.88043767 0.00734056
vt 1 0
vt 0.24223442 1
vt 0 1
vt 0.05003892 0.88842976
vt 0 0.00000000
vt 0.10478390 0.41672540
vt 0.92550981 1
vt 0.94721359 1
vt 1 0.88548511
vt 0.78966534 0
vt 0.86473352 1
vt 1 0.80726445
vt 0.09309152 0
vt 0 0.13264219
vt 0.01771212 0.14840823
vt 1 1
vt 0 1
vt 0.08168204 0.09211201
vt 0.08168204 0
vt 1 0.00000000
vt 0.77538770 0.62459087
vt 0.99407113 0.99407113
vt 0.00592885 0.00592885
vt 0 1
vt 0.81294286 1
vt 0.99403578 0
vt 0.00000000 0.00000000
vt 0.88043767 0.00734056
vt 1 0
vt 0.24223442 1
vt 0 1
vt 0.05003892 0.88842976
vt 0 1
vt 0.16850705 1
vt 0.40740764 0.84293109
vt 0.38038915 0.81900209
vt 0.41527450 0.79606616
vt 0.49588609 0.83345932
vt 0.50248820 0.82911867
vt 0.44391042 0.77723902
vt 0.47879577 0.75430310
vt 0.55940735 0.79169631
vt 0.56600946 0.78735566
vt 0.50743169 0.73547602
vt 0.54231703 0.71254009
vt 0.62292862 0.74993324
vt 0.62953073 0.74559259
vt 0.57095289 0.69371295
vt 0.60583830 0.67077702
vt 0.68644983 0.70817024
vt 0.69305199 0.70382959
vt 0.63447416 0.65194994
vt 0.66935951 0.62901402
vt 0.74997109 0.66640723
vt 0.75657320 0.66206652
vt 0.70401257 0.61551601
vt 0.73291349 0.62892222
vt 1 0.45332205
vt 1 0
vt 0.97103411 0
vt 0.97103411 0.33368918
vt 0 0.00000000
vt 0.10478390 0.41672540
vt 0.92550981 1
vt 0.94721359 1
vt 1 0.88548511
vt 0.78966534 0
vt 0.86473352 1
vt 1 0.80726445
vt 0.09309152 0
vt 0 0.13264219
vt 0.01771212 0.14840823
vt 1 1
vt 0 1
vt 0.08168204 0.09211201
vt 0.08168204 0.00000000
vt 1 0
vt 0.77538770 0.62459087
vt 0.99407113 0.99407113
vt 0.00592885 0.00592885
vt 0.88043767 0.00734056
vt 1 0
vt 0.24223442 1
vt 0 1
vt 0.05003892 0.88842976
vt 0 1
vt 0.81294286 1
vt 0.99403578 0
vt 0.00000000 0.00000000
vt 0 0.00000000
vt 0.10478390 0.41672540
vt 0.92550981 1
vt 0.94721359 1
vt 1 0.88548511
vt 0.78966534 0
vt 0.86473352 1
vt 1 0.80726445
vt 0.09309152 0
vt 0 0.13264219
vt 0.01771212 0.14840823
vt 1 1
vt 0 1
vt 0.08168204 0.09211201
vt 0.08168204 0
vt 1 0.00000000
vt 0.77538770 0.62459087
vt 0.99407113 0.99407113
vt 0.00592885 0.00592885
vn -0.01593365 0.01338370 0.99978346
vn -0.01593365 0.01338370 0.99978346
vn -0.01593365 0.01338370 0.99978346
vn 0.44352749 0.55090821 0.70695364
vn 0.44352749 0.55090821 0.70695364
vn 0.44352749 0.55090821 0.70695364
vn 0.44352749 0.55090821 0.70695364
vn 0.44352749 0.55090821 0.70695364
vn -0.25917143 0.21769486 0.94097775
vn -0.25917143 0.21769486 0.94097775
vn -0.25917143 0.21769486 0.94097775
vn -0.69787818 -0.43516073 0.56885952
vn -0.69787818 -0.43516073 0.56885952
vn -0.69787818 -0.43516073 0.56885952
vn -0.69787818 -0.43516073 0.56885952
vn -0.69787818 -0.43516073 0.56885952
vn -0.69787818 -0.43516073 0.56885952
vn 0.64317626 0.76571816 -0.00000000
vn 0.64317626 0.76571816 -0.00000000
vn 0.64317626 0.76571816 -0.00000000
vn 0.64317626 0.76571816 -0.00000000
vn 0.64317626 0.76571816 -0.00000000
vn 0.64317626 0.76571816 -0.00000000
vn -0.15987167 0.13428655 0.97796124
vn -0.15987167 0.13428655 0.97796124
vn -0.15987167 0.13428655 0.97796124
vn -0.15987167 0.13428655 0.97796124
vn -0.50000000 0 0.86602539
vn -0.50000000 0 0.86602539
vn -0.50000000 0 0.86602539
vn -0.50000000 0 0.86602539
vn -0.50000000 0 0.86602539
vn -0.86602539 0 0.50000000
vn -0.86602539 0 0.50000000
vn -0.86602539 0 0.50000000
vn -0.86602539 0 0.50000000
vn -0.86602539 0 0.50000000
vn -0.86602539 0 0.50000000
vn -1 0 0
vn -1 0 0
vn -1 0 0
vn -1 0 0
vn -0.86602539 0 -0.50000000
vn -0.86602539 0 -0.50000000
vn -0.86602539 0 -0.50000000
vn -0.86602539 0 -0.50000000
vn -0.86602539 0 -0.50000000
vn -0.50000000 0 -0.86602539
vn -0.50000000 0 -0.86602539
vn -0.50000000 0 -0.86602539
vn -0.50000000 0 -0.86602539
vn -0.50000000 0 -0.86602539
vn 0 -0.61131990 -0.79138356
vn 0 -0.61131990 -0.79138356
vn 0 -0.61131990 -0.79138356
vn 0 -0.61131990 -0.79138356
vn 0.50000000 0 -0.86602539
vn 0.50000000 0 -0.86602539
vn 0.50000000 0 -0.86602539
vn 0.50000000 0 -0.86602539
vn 0.50000000 0 -0.86602539
vn 0.50000000 0 -0.86602539
vn 0.86602539 0 -0.50000000
vn 0.86602539 0 -0.50000000
vn 0.86602539 0 -0.50000000
vn 0.86602539 0 -0.50000000
vn 1 0 0
vn 1 0 0
vn 1 0 0
vn 1 0 0
vn 0.79577637 -0.60559058 0
vn 0.79577637 -0.60559058 0
vn 0.79577637 -0.60559058 0
vn 0.79577637 -0.60559058 0
vn 0.79577637 -0.60559058 0
vn 0 0 -1
vn 0 0 -1
vn 0 0 -1
vn 0 0 -1
vn 0.60559058 0.79577637 0
vn 0.60559058 0.79577637 0
vn 0.60559058 0.79577637 0
vn 0.60559058 0.79577637 0
vn 0.60559058 0.79577637 0
vn 0.60559058 0.79577637 0
vn 0.79577637 -0.60559058 0
vn 0.79577637 -0.60559058 0
vn 0.79577637 -0.60559058 0
vn 0.79577637 -0.60559058 0
vn 0 0 -1
vn 0 0 -1
vn 0 0 -1
vn 0 0 -1
vn 0 0 -1
vn 0 0 -1
vn 0 0 -1
vn 0 0 -1
vn 0 0 -1
vn 0 0 -1
vn 0 0 -1
vn -0.67223436 0.51157439 -0.53515661
vn -0.67223436 0.51157439 -0.53515661
vn -0.67223436 0.51157439 -0.53515661
vn -0.67223436 0.51157439 -0.53515661
vn 0.60559058 0.79577637 0
vn 0.60559058 0.79577637 0
vn 0.60559058 0.79577637 0
vn 0.60559058 0.79577637 0
vn 0.60559058 0.79577637 0
vn 0.60559058 0.79577637 0
vn -0.79515296 0.60511613 -0.03957574
vn -0.79515296 0.60511613 -0.03957574
vn -0.79515296 0.60511613 -0.03957574
vn -0.79515296 0.60511613 -0.03957574
vn 0.42478356 -0.32326284 0.84561223
vn 0.42478356 -0.32326284 0.84561223
vn 0.42478356 -0.32326284 0.84561223
vn 0.42478356 -0.32326284 0.84561223
vn 0.42478356 -0.32326284 0.84561223
vn 0.42478356 -0.32326284 0.84561223
vn 0.79577637 -0.60559058 0
vn 0.79577637 -0.60559058 0
vn 0.79577637 -0.60559058 0
vn 0.79577637 -0.60559058 0
vn 0.79577637 -0.60559058 0
vn 0.79577637 -0.60559058 0
vn -0.70381004 0.53560364 0.46666917
vn -0.70381004 0.53560364 0.46666917
vn -0.70381004 0.53560364 0.46666917
vn -0.70381004 0.53560364 0.46666917
vn -0.70381004 0.53560364 0.46666917
vn -0.70381004 0.53560364 0.46666917
vn 0.60332972 0.79748982 0.00179075
vn 0.60332972 0.79748982 0.00179075
vn 0.60332972 0.79748982 0.00179075
vn 0.60332972 0.79748982 0.00179075
vn 0.60332972 0.79748982 0.00179075
vn 0.60332972 0.79748982 0.00179075
vn 0.42478356 -0.32326284 0.84561223
vn 0.42478356 -0.32326284 0.84561223
vn 0.42478356 -0.32326284 0.84561223
vn 0.42478356 -0.32326284 0.84561223
vn 0.66046184 -0.50261545 0.55782425
vn 0.66046184 -0.50261545 0.55782425
vn 0.66046184 -0.50261545 0.55782425
vn 0.66046184 -0.50261545 0.55782425
vn -0.20542064 0.15632634 0.96610790
vn -0.20542064 0.15632634 0.96610790
vn -0.20542064 0.15632634 0.96610790
vn -0.20542064 0.15632634 0.96610790
vn 0 1 0
vn 0 1 0
vn 0 1 0
vn 0 1 0
vn 0 1 0
vn 0 1 0
vn 0 1 0
vn -0.15987167 0.13428655 0.97796124
vn -0.15987167 0.13428655 0.97796124
vn -0.15987167 0.13428655 0.97796124
vn -0.15987167 0.13428655 0.97796124
vn -0.15987167 0.13428655 0.97796124
vn 0.60559058 0.79577637 0
vn 0.60559058 0.79577637 0
vn 0.60559058 0.79577637 0
vn 0.60559058 0.79577637 0
vn 0.60559058 0.79577637 0
vn 0.60559058 0.79577637 0
vn 0.60559058 0.79577637 0
vn 0.60559058 0.79577637 0
vn 0.60559058 0.79577637 0
vn 0.60559058 0.79577637 0
vn 0.60559058 0.79577637 0
vn 0.60559058 0.79577637 0
vn 0.60559058 0.79577637 0
vn 0.60559058 0.79577637 0
vn 0.60559058 0.79577637 0
vn 0.60559058 0.79577637 0
vn 0.60559058 0.79577637 0
vn 0.60559058 0.79577637 0
vn 0.86602539 0 0.50000000
vn 0.86602539 0 0.50000000
vn 0.86602539 0 0.50000000
vn 0.86602539 0 0.50000000
vn 0.86602539 0 0.50000000
vn 0.50000000 0 0.86602539
vn 0.50000000 0 0.86602539
vn 0.50000000 0 0.86602539
vn 0.50000000 0 0.86602539
vn -0.76571816 0.64317626 0
vn -0.76571816 0.64317626 0
vn -0.76571816 0.64317626 0
vn -0.76571816 0.64317626 0
vn -0.76571816 0.64317626 0
vn -0.76571816 0.64317626 0
vn -0.76571816 0.64317626 0
vn -0.76571816 0.64317626 0
vn -0.76571816 0.64317626 0
vn -0.54144448 0.45479429 -0.70710677
vn -0.54144448 0.45479429 -0.70710677
vn -0.54144448 0.45479429 -0.70710677
vn -0.54144448 0.45479429 -0.70710677
vn -0.54144448 0.45479429 -0.70710677
vn -0.54144448 0.45479429 -0.70710677
vn -0.54144448 0.45479429 -0.70710677
vn -0.54144448 0.45479429 -0.70710677
vn 0.64317626 0.76571816 0
vn 0.64317626 0.76571816 0
vn 0.64317626 0.76571816 0
vn 0.64317626 0.76571816 0
vn -0.64317626 -0.76571816 0
vn -0.64317626 -0.76571816 0
vn -0.64317626 -0.76571816 0
vn -0.64317626 -0.76571816 0
vn -0.76571816 0.64317626 0
vn -0.76571816 0.64317626 0
vn -0.76571816 0.64317626 0
vn -0.76571816 0.64317626 0
vn 0.76564586 -0.64311552 0.01374229
vn 0.76564586 -0.64311552 0.01374229
vn 0.76564586 -0.64311552 0.01374229
vn 0.76564586 -0.64311552 0.01374229
vn 0.52771205 0.62825501 -0.57167792
vn 0.52771205 0.62825501 -0.57167792
vn 0.52771205 0.62825501 -0.57167792
vn 0.52771205 0.62825501 -0.57167792
vn -0.71618092 0.60156673 -0.35383949
vn -0.71618092 0.60156673 -0.35383949
vn -0.71618092 0.60156673 -0.35383949
vn -0.71618092 0.60156673 -0.35383949
vn -0.61635906 -0.73379159 0.28574705
vn -0.61635906 -0.73379159 0.28574705
vn -0.61635906 -0.73379159 0.28574705
vn -0.61635906 -0.73379159 0.28574705
vn -0.00000000 0.60583168 0.79559284
vn -0.00000000 0.60583168 0.79559284
vn -0.00000000 0.60583168 0.79559284
vn -0.00000000 0.60583168 0.79559284
vn -0.00000000 0.60583168 0.79559284
vn -0.00000000 0.60583168 0.79559284
vn -0.00000000 0.60583168 0.79559284
vn -0.00000000 0.60583168 0.79559284
vn -0.77903879 0.62697572 -0.00000000
vn -0.77903879 0.62697572 -0.00000000
vn -0.77903879 0.62697572 -0.00000000
vn -0.77903879 0.62697572 -0.00000000
vn -1 0 -0.00000000
vn -1 0 -0.00000000
vn -1 0 -0.00000000
vn -1 0 -0.00000000
vn -1 0 -0.00000000
vn -0.00000000 0 1
vn -0.00000000 0 1
vn -0.00000000 0 1
vn -0.00000000 0 1
vn -0.00000000 0 1
vn -0.00000000 0 1
vn 0.70710677 0.70710677 0.00000000
vn 0.70710677 0.70710677 0.00000000
vn 0.70710677 0.70710677 0.00000000
vn 0.70710677 0.70710677 0.00000000
vn -0.00000000 -0.06933745 0.99759328
vn -0.00000000 -0.06933745 0.99759328
vn -0.00000000 -0.06933745 0.99759328
vn -0.00000000 -0.06933745 0.99759328
vn 0.70710677 0.70710677 0.00000000
vn 0.70710677 0.70710677 0.00000000
vn 0.77903879 -0.62697572 0.00000000
vn 0.77903879 -0.62697572 0.00000000
vn 0.77903879 -0.62697572 0.00000000
vn 0.77903879 -0.62697572 0.00000000
vn 0.77903879 -0.62697572 0.00000000
vn 0.77903879 -0.62697572 0.00000000
vn 0.77903879 -0.62697572 0.00000000
vn 0.77903879 -0.62697572 0.00000000
vn -0.62697572 -0.77903879 0
vn -0.62697572 -0.77903879 0
vn -0.62697572 -0.77903879 0
vn -0.62697572 -0.77903879 0
vn 0.62697572 0.77903879 0
vn 0.62697572 0.77903879 0
vn 0.62697572 0.77903879 0
vn 0.62697572 0.77903879 0
vn 0 0 1
vn 0 0 1
vn 0 0 1
vn 0 0 1
vn 0 0 1
vn 0 0 1
vn -1 0 0
vn -1 0 0
vn -1 0 0
vn -1 0 0
vn -0.43187052 0.90193564 0
vn -0.43187052 0.90193564 0
vn -0.43187052 0.90193564 0
vn -0.43187052 0.90193564 0
vn -0.79622900 0.60499537 0
vn -0.79622900 0.60499537 0
vn -0.79622900 0.60499537 0
vn -0.79622900 0.60499537 0
vn -0.00000000 0 1
vn -0.00000000 0 1
vn -0.00000000 0 1
vn -0.00000000 0 1
vn -0.00000000 0 1
vn -0.00000000 0 1
vn -0.00000000 0 1
vn -0.00000000 0 1
vn -0.00000000 0 1
vn -0.00000000 0 1
vn -0.00000000 0 1
vn -0.00000000 0 1
vn -0.00000000 0 1
vn -0.00000000 0 1
vn -0.00000000 0 1
vn -0.00000000 0 1
vn -0.00000000 0 1
vn -0.00000000 0 1
vn -0.00000000 0 1
vn -0.00000000 0 1
vn -0.00000000 0 1
vn -0.00000000 0 1
vn -0.00000000 0 1
vn -0.00000000 0 1
vn -0.00000000 0 1
vn -0.00000000 0 1
vn -0.00000000 0 1
vn 0.38750622 -0.01948055 0.92166126
vn 0.38000035 -0.07836004 0.92166126
vn 0.38000035 -0.07836004 0.92166126
vn 0.38504288 -0.04777617 0.92166126
vn -0.38504288 -0.04777617 0.92166126
vn -0.38000035 -0.07836004 0.92166126
vn -0.38000035 -0.07836004 0.92166126
vn -0.38750622 -0.01948055 0.92166126
vn 0.34903386 -0.16945778 0.92166126
vn 0.34903386 -0.16945778 0.92166126
vn 0.29660296 -0.25013444 0.92166126
vn 0.29660296 -0.25013444 0.92166126
vn 0.22593205 -0.31542873 0.92166126
vn 0.22593205 -0.31542873 0.92166126
vn 0.14136708 -0.36132523 0.92166126
vn 0.14136708 -0.36132523 0.92166126
vn 0.04810853 -0.38500148 0.92166126
vn 0.04810853 -0.38500148 0.92166126
vn -0.04810853 -0.38500148 0.92166126
vn -0.04810853 -0.38500148 0.92166126
vn -0.14136708 -0.36132523 0.92166126
vn -0.14136708 -0.36132523 0.92166126
vn -0.22593205 -0.31542873 0.92166126
vn -0.22593205 -0.31542873 0.92166126
vn -0.29660296 -0.25013444 0.92166126
vn -0.29660296 -0.25013444 0.92166126
vn -0.34903386 -0.16945778 0.92166126
vn -0.34903386 -0.16945778 0.92166126
vn 0.99965936 0.02609913 0
vn 0.97939354 -0.20196116 0.00000000
vn 0.97939354 -0.20196116 0.00000000
vn 0.99873877 -0.05020818 0
vn -0.99873877 -0.05020818 0
vn -0.97939354 -0.20196116 0.00000000
vn -0.97939354 -0.20196116 0.00000000
vn -0.99965936 0.02609913 0
vn 0.89958203 -0.43675181 0.00000000
vn 0.89958203 -0.43675181 0.00000000
vn 0.76444936 -0.64468378 0.00000000
vn 0.76444936 -0.64468378 0.00000000
vn 0.58230573 -0.81296986 0.00000000
vn 0.58230573 -0.81296986 0.00000000
vn 0.36435229 -0.93126118 0.00000000
vn 0.36435229 -0.93126118 0.00000000
vn 0.12399247 -0.99228317 0.00000000
vn 0.12399247 -0.99228317 0.00000000
vn -0.12399247 -0.99228317 0.00000000
vn -0.12399247 -0.99228317 0.00000000
vn -0.36435229 -0.93126118 0.00000000
vn -0.36435229 -0.93126118 0.00000000
vn -0.58230573 -0.81296986 0.00000000
vn -0.58230573 -0.81296986 0.00000000
vn -0.76444936 -0.64468378 0.00000000
vn -0.76444936 -0.64468378 0.00000000
vn -0.89958203 -0.43675181 0.00000000
vn -0.89958203 -0.43675181 0.00000000
vn 0 -0.52524716 0.85094970
vn 0 -0.52524716 0.85094970
vn 0 -0.52524716 0.85094970
vn 0 -0.52524716 0.85094970
vn 0 -0.52524716 0.85094970
vn 0 -0.52524716 0.85094970
vn 0 -0.52524716 0.85094970
vn 0 -0.52524716 0.85094970
vn 0 -0.52524716 0.85094970
vn 0 -0.52524716 0.85094970
vn 0 -0.52524716 0.85094970
vn 0 -0.52524716 0.85094970
vn 0 -0.52524716 0.85094970
vn 0 -0.52524716 0.85094970
vn 0 -0.52524716 0.85094970
vn 0 -0.52524716 0.85094970
vn 0 -0.52524716 0.85094970
vn 0 -0.52524716 0.85094970
vn 0 -0.52524716 0.85094970
vn 0 -0.52524716 0.85094970
vn 0.00000000 0 -1
vn 0.00000000 0 -1
vn 0.00000000 0 -1
vn 0.00000000 0 -1
vn 0.00000000 0 -1
vn 0.00000000 0 -1
vn 0.00000000 0 -1
vn 0.00000000 0 -1
vn 0.00000000 0 -1
vn 0.00000000 0 -1
vn 0.00000000 0 -1
vn 0.00000000 0 -1
vn 0.00000000 0 -1
vn 0.00000000 0 -1
vn 0.00000000 0 -1
vn 0.00000000 0 -1
vn 0.00000000 0 -1
vn 0.00000000 0 -1
vn -0.86602539 0 -0.50000000
vn -0.86602539 0 -0.50000000
vn -0.86602539 0 -0.50000000
vn -0.86602539 0 -0.50000000
vn -0.86602539 0 -0.50000000
vn 0.86602539 0 -0.50000000
vn 0.86602539 0 -0.50000000
vn 0.86602539 0 -0.50000000
vn 0.86602539 0 -0.50000000
vn 0.86602539 0 -0.50000000
vn 0 -0.81838828 0.57466561
vn 0 -0.81838828 0.57466561
vn 0 -0.81838828 0.57466561
vn 0 -0.81838828 0.57466561
vn 0 -0.81838828 0.57466561
vn 0 -0.81838828 0.57466561
vn 0 -0.81838828 0.57466561
vn 0 -0.81838828 0.57466561
vn 0 -0.81838828 0.57466561
vn 0 -0.81838828 0.57466561
vn 0 -0.81838828 0.57466561
vn 0 -0.81838828 0.57466561
vn 0 -0.81838828 0.57466561
vn 0 -0.81838828 0.57466561
vn 0 -0.81838828 0.57466561
vn 0 -0.81838828 0.57466561
vn 0 -0.81838828 0.57466561
vn 0 -0.81838828 0.57466561
vn 0 -0.81838828 0.57466561
vn 0 -0.81838828 0.57466561
vn 0 -0.81838828 0.57466561
vn 0 -0.81838828 0.57466561
vn 0.86602539 0 0.50000000
vn 0.86602539 0 0.50000000
vn 0.86602539 0 0.50000000
vn 0.86602539 0 0.50000000
vn 0 0 1
vn 0 0 1
vn 0 0 1
vn 0 0 1
vn -0.86602539 0 0.50000000
vn -0.86602539 0 0.50000000
vn -0.86602539 0 0.50000000
vn -0.86602539 0 0.50000000
vn 0 0 1
vn 0 0 1
vn 0 0 1
vn 0 0 1
vn 0 0 1
vn 0 0 1
vn 0 0 1
vn 0 0 1
vn -0.76564586 0.64311552 -0.01374229
vn -0.76564586 0.64311552 -0.01374229
vn -0.76564586 0.64311552 -0.01374229
vn -0.76564586 0.64311552 -0.01374229
vn -0.52771205 -0.62825501 0.57167792
vn -0.52771205 -0.62825501 0.57167792
vn -0.52771205 -0.62825501 0.57167792
vn -0.52771205 -0.62825501 0.57167792
vn 0.71618092 -0.60156673 0.35383949
vn 0.71618092 -0.60156673 0.35383949
vn 0.71618092 -0.60156673 0.35383949
vn 0.71618092 -0.60156673 0.35383949
vn 0.61635906 0.73379159 -0.28574705
vn 0.61635906 0.73379159 -0.28574705
vn 0.61635906 0.73379159 -0.28574705
vn 0.61635906 0.73379159 -0.28574705
vn 0.00000000 0.00000000 1
vn 0.00000000 0.00000000 1
vn 0.00000000 0.00000000 1
vn 0.00000000 0.00000000 1
vn -0.69787818 -0.43516073 0.56885952
vn -0.69787818 -0.43516073 0.56885952
vn -0.69787818 -0.43516073 0.56885952
vn -0.69787818 -0.43516073 0.56885952
vn -0.69787818 -0.43516073 0.56885952
vn -0.69787818 -0.43516073 0.56885952
vn -0.69787818 -0.43516073 0.56885952
vn -0.64317626 -0.76571816 0.00000000
vn -0.64317626 -0.76571816 0.00000000
vn -0.64317626 -0.76571816 0.00000000
vn -0.46172184 0.38783005 0.79774731
vn -0.46172184 0.38783005 0.79774731
vn -0.46172184 0.38783005 0.79774731
vn -0.46172184 0.38783005 0.79774731
vn -0.46172184 0.38783005 0.79774731
vn -0.25917143 0.21769486 0.94097775
vn -0.25917143 0.21769486 0.94097775
vn -0.25917143 0.21769486 0.94097775
vn -0.25917143 0.21769486 0.94097775
vn -0.25917143 0.21769486 0.94097775
vn -0.25917143 0.21769486 0.94097775
vn 0.64317626 0.76571816 -0.00000000
vn 0.64317626 0.76571816 -0.00000000
vn 0.64317626 0.76571816 -0.00000000
vn 0.64317626 0.76571816 -0.00000000
vn 0.64317626 0.76571816 -0.00000000
vn -0.25020519 -0.75542802 0.60557896
vn -0.25020519 -0.75542802 0.60557896
vn -0.25020519 -0.75542802 0.60557896
vn -0.25020519 -0.75542802 0.60557896
vn -0.01593365 0.01338370 0.99978346
vn -0.01593365 0.01338370 0.99978346
vn -0.01593365 0.01338370 0.99978346
vn -0.01593365 0.01338370 0.99978346
vn -0.31269658 0.26265410 0.91281635
vn -0.31269658 0.26265410 0.91281635
vn -0.31269658 0.26265410 0.91281635
vn -0.31269658 0.26265410 0.91281635
vn -0.31269658 0.26265410 0.91281635
vn -0.31269658 0.26265410 0.91281635
vn -0.31269658 0.26265410 0.91281635
vn -0.31269658 0.26265410 0.91281635
vn -0.31269658 0.26265410 0.91281635
vn -0.31269658 0.26265410 0.91281635
vn -0.31269658 0.26265410 0.91281635
vn -0.31269658 0.26265410 0.91281635
vn -0.31269658 0.26265410 0.91281635
vn -0.31269658 0.26265410 0.91281635
vn -0.31269658 0.26265410 0.91281635
vn -0.31269658 0.26265410 0.91281635
vn -0.31269658 0.26265410 0.91281635
vn -0.31269658 0.26265410 0.91281635
vn -0.31269658 0.26265410 0.91281635
vn -0.31269658 0.26265410 0.91281635
vn -0.31269658 0.26265410 0.91281635
vn -0.31269658 0.26265410 0.91281635
vn -0.31269658 0.26265410 0.91281635
vn -0.31269658 0.26265410 0.91281635
vn -0.31269658 0.26265410 0.91281635
vn -0.31269658 0.26265410 0.91281635
vn -0.31269658 0.26265410 0.91281635
vn -0.31269658 0.26265410 0.91281635
vn -0.31269658 0.26265410 0.91281635
vn -0.31269658 0.26265410 0.91281635
vn -0.31269658 0.26265410 0.91281635
vn -0.01593365 0.01338370 0.99978346
vn -0.01593365 0.01338370 0.99978346
vn -0.01593365 0.01338370 0.99978346
vn -0.01593365 0.01338370 0.99978346
vn 0.64317626 0.76571816 -0.00000000
vn 0.64317626 0.76571816 -0.00000000
vn 0.64317626 0.76571816 -0.00000000
vn 0.64317626 0.76571816 -0.00000000
vn 0.64317626 0.76571816 -0.00000000
vn -0.69787818 -0.43516073 0.56885952
vn -0.69787818 -0.43516073 0.56885952
vn -0.69787818 -0.43516073 0.56885952
vn -0.69787818 -0.43516073 0.56885952
vn -0.69787818 -0.43516073 0.56885952
vn -0.69787818 -0.43516073 0.56885952
vn -0.25917143 0.21769486 0.94097775
vn -0.25917143 0.21769486 0.94097775
vn -0.25917143 0.21769486 0.94097775
vn -0.25917143 0.21769486 0.94097775
vn -0.25917143 0.21769486 0.94097775
vn -0.46172184 0.38783005 0.79774731
vn -0.46172184 0.38783005 0.79774731
vn -0.46172184 0.38783005 0.79774731
vn -0.46172184 0.38783005 0.79774731
vn -0.46172184 0.38783005 0.79774731
vn -0.64317626 -0.76571816 0.00000000
vn -0.64317626 -0.76571816 0.00000000
vn -0.64317626 -0.76571816 0.00000000
vn -0.01593365 0.01338370 0.99978346
vn -0.01593365 0.01338370 0.99978346
vn -0.01593365 0.01338370 0.99978346
vn -0.01593365 0.01338370 0.99978346
vn 0.64317626 0.76571816 -0.00000000
vn 0.64317626 0.76571816 -0.00000000
vn 0.64317626 0.76571816 -0.00000000
vn 0.64317626 0.76571816 -0.00000000
vn 0.64317626 0.76571816 -0.00000000
vn -0.69787818 -0.43516073 0.56885952
vn -0.69787818 -0.43516073 0.56885952
vn -0.69787818 -0.43516073 0.56885952
vn -0.69787818 -0.43516073 0.56885952
vn -0.69787818 -0.43516073 0.56885952
vn -0.69787818 -0.43516073 0.56885952
vn -0.25917143 0.21769486 0.94097775
vn -0.25917143 0.21769486 0.94097775
vn -0.25917143 0.21769486 0.94097775
vn -0.25917143 0.21769486 0.94097775
vn -0.25917143 0.21769486 0.94097775
vn -0.46172184 0.38783005 0.79774731
vn -0.46172184 0.38783005 0.79774731
vn -0.46172184 0.38783005 0.79774731
vn -0.46172184 0.38783005 0.79774731
vn -0.46172184 0.38783005 0.79774731
vn -0.64317626 -0.76571816 0.00000000
vn -0.64317626 -0.76571816 0.00000000
vn -0.64317626 -0.76571816 0.00000000
vn -0.01593365 0.01338370 0.99978346
vn -0.01593365 0.01338370 0.99978346
vn -0.01593365 0.01338370 0.99978346
vn -0.01593365 0.01338370 0.99978346
vn 0.64317626 0.76571816 -0.00000000
vn 0.64317626 0.76571816 -0.00000000
vn 0.64317626 0.76571816 -0.00000000
vn 0.64317626 0.76571816 -0.00000000
vn 0.64317626 0.76571816 -0.00000000
vn -0.00000000 0 1
vn -0.00000000 0 1
vn -0.00000000 0 1
vn -0.00000000 0 1
vn -0.00000000 0 1
vn -0.00000000 0 1
vn -0.00000000 0 1
vn -0.00000000 0 1
vn -0.00000000 0 1
vn -0.00000000 0 1
vn -0.00000000 0 1
vn -0.00000000 0 1
vn -0.00000000 0 1
vn -0.00000000 0 1
vn -0.00000000 0 1
vn -0.00000000 0 1
vn -0.00000000 0 1
vn -0.00000000 0 1
vn -0.00000000 0 1
vn -0.00000000 0 1
vn -0.00000000 0 1
vn -0.00000000 0 1
vn -0.00000000 0 1
vn -0.00000000 0 1
vn -0.00000000 0 1
vn -0.00000000 0 1
vn -0.00000000 0 1
vn -0.00000000 0 1
vn -0.00000000 0 1
vn -0.69787818 -0.43516073 0.56885952
vn -0.69787818 -0.43516073 0.56885952
vn -0.69787818 -0.43516073 0.56885952
vn -0.69787818 -0.43516073 0.56885952
vn -0.69787818 -0.43516073 0.56885952
vn -0.69787818 -0.43516073 0.56885952
vn -0.25917143 0.21769486 0.94097775
vn -0.25917143 0.21769486 0.94097775
vn -0.25917143 0.21769486 0.94097775
vn -0.25917143 0.21769486 0.94097775
vn -0.25917143 0.21769486 0.94097775
vn -0.46172184 0.38783005 0.79774731
vn -0.46172184 0.38783005 0.79774731
vn -0.46172184 0.38783005 0.79774731
vn -0.46172184 0.38783005 0.79774731
vn -0.46172184 0.38783005 0.79774731
vn -0.64317626 -0.76571816 0.00000000
vn -0.64317626 -0.76571816 0.00000000
vn -0.64317626 -0.76571816 0.00000000
vn 0.64317626 0.76571816 -0.00000000
vn 0.64317626 0.76571816 -0.00000000
vn 0.64317626 0.76571816 -0.00000000
vn 0.64317626 0.76571816 -0.00000000
vn 0.64317626 0.76571816 -0.00000000
vn -0.01593365 0.01338370 0.99978346
vn -0.01593365 0.01338370 0.99978346
vn -0.01593365 0.01338370 0.99978346
vn -0.01593365 0.01338370 0.99978346
vn -0.69787818 -0.43516073 0.56885952
vn -0.69787818 -0.43516073 0.56885952
vn -0.69787818 -0.43516073 0.56885952
vn -0.69787818 -0.43516073 0.56885952
vn -0.69787818 -0.43516073 0.56885952
vn -0.69787818 -0.43516073 0.56885952
vn -0.25917143 0.21769486 0.94097775
vn -0.25917143 0.21769486 0.94097775
vn -0.25917143 0.21769486 0.94097775
vn -0.25917143 0.21769486 0.94097775
vn -0.25917143 0.21769486 0.94097775
vn -0.46172184 0.38783005 0.79774731
vn -0.46172184 0.38783005 0.79774731
vn -0.46172184 0.38783005 0.79774731
vn -0.46172184 0.38783005 0.79774731
vn -0.46172184 0.38783005 0.79774731
vn -0.64317626 -0.76571816 0.00000000
vn -0.64317626 -0.76571816 0.00000000
vn -0.64317626 -0.76571816 0.00000000
f 564/1555/1555 565/1556/1556 566/1557/1557
f 565/1558/1558 564/1559/1559 567/1560/1560 568/1561/1561 569/1562/1562
f 569/1563/1563 568/1564/1564 570/1565/1565
f 565/1566/1566 569/1567/1567 570/1568/1568 571/1569/1569 572/1570/1570 566/1571/1571
f 568/1572/1572 567/1573/1573 573/1574/1574 574/1575/1575 571/1576/1576 570/1577/1577
f 575/1578/1578 574/1579/1579 573/1580/1580 576/1581/1581
f 575/1582/1582 576/1583/1583 577/1584/1584 578/1585/1585 579/1586/1586
f 580/1587/1587 581/1588/1588 582/1589/1589 578/1590/1590 577/1591/1591 583/1592/1592
f 581/1593/1593 580/1594/1594 584/1595/1595 585/1596/1596
f 585/1597/1597 584/1598/1598 586/1599/1599 587/1600/1600 588/1601/1601
f 588/1602/1602 587/1603/1603 589/1604/1604 590/1605/1605 591/1606/1606
f 592/1607/1607 593/1608/1608 591/1609/1609 590/1610/1610
f 594/1611/1611 595/1612/1612 596/1613/1613 597/1614/1614 593/1615/1615 592/1616/1616
f 598/1617/1617 599/1618/1618 597/1619/1619 596/1620/1620
f 599/1621/1621 598/1622/1622 600/1623/1623 601/1624/1624
f 602/1625/1625 595/1626/1626 594/1627/1627 603/1628/1628 604/1629/1629
f 604/1630/1630 605/1631/1631 606/1632/1632 602/1633/1633
f 607/1634/1634 605/1635/1635 604/1636/1636 603/1637/1637 608/1638/1638 609/1639/1639
f 609/1640/1640 608/1641/1641 610/1642/1642 611/1643/1643
f 594/1644/1644 592/1645/1645 590/1646/1646 589/1647/1647 612/1648/1648 613/1649/1649 614/1650/1650 615/1651/1651 610/1652/1652 608/1653/1653 603/1654/1654
f 616/1655/1655 617/1656/1656 615/1657/1657 614/1658/1658
f 617/1659/1659 618/1660/1660 619/1661/1661 611/1662/1662 610/1663/1663 615/1664/1664
f 620/1665/1665 618/1666/1666 617/1667/1667 616/1668/1668
f 621/1669/1669 607/1670/1670 609/1671/1671 611/1672/1672 619/1673/1673 622/1674/1674
f 623/1675/1675 624/1676/1676 606/1677/1677 605/1678/1678 607/1679/1679 621/1680/1680
f 625/1681/1681 626/1682/1682 622/1683/1683 619/1684/1684 618/1685/1685 620/1686/1686
f 623/1687/1687 621/1688/1688 622/1689/1689 626/1690/1690 627/1691/1691 628/1692/1692
f 627/1693/1693 629/1694/1694 630/1695/1695 628/1696/1696
f 623/1697/1697 628/1698/1698 630/1699/1699 624/1700/1700
f 629/1701/1701 627/1702/1702 626/1703/1703 625/1704/1704
f 631/1705/1705 632/1706/1706 613/1707/1707 612/1708/1708 633/1709/1709 634/1710/1710 635/1711/1711
f 636/1712/1712 631/1713/1713 635/1714/1714 637/1715/1715 638/1716/1716
f 624/1717/1717 630/1718/1718 629/1719/1719 625/1720/1720 620/1721/1721 616/1722/1722 614/1723/1723 613/1724/1724 632/1725/1725 639/1726/1726 640/1727/1727 641/1728/1728 600/1729/1729 598/1730/1730 596/1731/1731 595/1732/1732 602/1733/1733 606/1734/1734
f 601/1735/1735 600/1736/1736 641/1737/1737 642/1738/1738 643/1739/1739
f 642/1740/1740 641/1741/1741 640/1742/1742 644/1743/1743
f 645/1744/1744 586/1745/1745 584/1746/1746 580/1747/1747 583/1748/1748 634/1749/1749 633/1750/1750 646/1751/1751 647/1752/1752
f 589/1753/1753 587/1754/1754 586/1755/1755 648/1756/1756 649/1757/1757 646/1758/1758 633/1759/1759 612/1760/1760
f 646/1761/1761 649/1762/1762 650/1763/1763 647/1764/1764
f 645/1765/1765 651/1766/1766 648/1767/1767 586/1768/1768
f 651/1769/1769 650/1770/1770 649/1771/1771 648/1772/1772
f 647/1773/1773 652/1774/1774 653/1775/1775 645/1776/1776
f 650/1777/1777 654/1778/1778 652/1779/1779 647/1780/1780
f 651/1781/1781 655/1782/1782 654/1783/1783 650/1784/1784
f 645/1785/1785 653/1786/1786 655/1787/1787 651/1788/1788
f 632/1789/1789 631/1790/1790 636/1791/1791 656/1792/1792 657/1793/1793 658/1794/1794 659/1795/1795 639/1796/1796
f 657/1797/1797 656/1798/1798 660/1799/1799 661/1800/1800
f 662/1801/1801 663/1802/1802 661/1803/1803 660/1804/1804 664/1805/1805
f 658/1806/1806 657/1807/1807 661/1808/1808 663/1809/1809 665/1810/1810 666/1811/1811
f 665/1812/1812 667/1813/1813 668/1814/1814 666/1815/1815
f 669/1816/1816 665/1817/1817 663/1818/1818 662/1819/1819
f 665/1812/1812 669/1820/1820 670/1821/1821 667/1813/1813
f 658/1822/1822 666/1823/1823 668/1824/1824 671/1825/1825 672/1826/1826 673/1827/1827 674/1828/1828 659/1829/1829
f 673/1830/1830 675/1831/1831 676/1832/1832 674/1833/1833
f 677/1834/1834 678/1835/1835 672/1836/1836 671/1837/1837
f 679/1838/1838 680/1839/1839 675/1840/1840 673/1841/1841 672/1842/1842 678/1843/1843
f 680/1844/1844 681/1845/1845 676/1846/1846 675/1847/1847
f 682/1848/1848 679/1849/1849 678/1850/1850 677/1851/1851
f 679/1852/1852 682/1853/1853 681/1854/1854 680/1855/1855
f 674/1856/1856 676/1857/1857 681/1858/1858 682/1859/1859 677/1860/1860 671/1861/1861 668/1862/1862 667/1863/1863 670/1864/1864 683/1865/1865 684/1866/1866 685/1867/1867 686/1868/1868 687/1869/1869 688/1870/1870 689/1871/1871 690/1872/1872 691/1873/1873 692/1874/1874 693/1875/1875 694/1876/1876 695/1877/1877 696/1878/1878 644/1879/1879 640/1880/1880 639/1881/1881 659/1882/1882
f 697/1883/1883 698/1884/1884 684/1885/1885 683/1886/1886
f 696/1887/1887 695/1888/1888 699/1889/1889 700/1890/1890
f 698/1884/1884 701/1891/1891 685/1892/1892 684/1885/1885
f 701/1891/1891 702/1893/1893 686/1894/1894 685/1892/1892
f 702/1893/1893 703/1895/1895 687/1896/1896 686/1894/1894
f 703/1895/1895 704/1897/1897 688/1898/1898 687/1896/1896
f 704/1897/1897 705/1899/1899 689/1900/1900 688/1898/1898
f 705/1899/1899 706/1901/1901 690/1902/1902 689/1900/1900
f 706/1901/1901 707/1903/1903 691/1904/1904 690/1902/1902
f 707/1903/1903 708/1905/1905 692/1906/1906 691/1904/1904
f 708/1905/1905 709/1907/1907 693/1908/1908 692/1906/1906
f 709/1907/1907 710/1909/1909 694/1910/1910 693/1908/1908
f 710/1909/1909 699/1889/1889 695/1888/1888 694/1910/1910
f 711/1911/1911 712/1912/1912 698/1913/1913 697/1914/1914
f 700/1915/1915 699/1916/1916 713/1917/1917 714/1918/1918
f 715/1919/1919 701/1920/1920 698/1913/1913 712/1912/1912
f 716/1921/1921 702/1922/1922 701/1920/1920 715/1919/1919
f 717/1923/1923 703/1924/1924 702/1922/1922 716/1921/1921
f 718/1925/1925 704/1926/1926 703/1924/1924 717/1923/1923
f 719/1927/1927 705/1928/1928 704/1926/1926 718/1925/1925
f 720/1929/1929 706/1930/1930 705/1928/1928 719/1927/1927
f 721/1931/1931 707/1932/1932 706/1930/1930 720/1929/1929
f 722/1933/1933 708/1934/1934 707/1932/1932 721/1931/1931
f 723/1935/1935 709/1936/1936 708/1934/1934 722/1933/1933
f 724/1937/1937 710/1938/1938 709/1936/1936 723/1935/1935
f 713/1917/1917 699/1916/1916 710/1938/1938 724/1937/1937
f 683/1939/1939 670/1940/1940 669/1941/1941 662/1942/1942 664/1943/1943 579/1944/1944 578/1945/1945 582/1946/1946 725/1947/1947 726/1948/1948 711/1949/1949 697/1950/1950
f 642/1951/1951 644/1952/1952 696/1953/1953 700/1954/1954 714/1955/1955 727/1956/1956 728/1957/1957 643/1958/1958
f 727/1959/1959 714/1960/1960 713/1961/1961 724/1962/1962 723/1963/1963 722/1964/1964 721/1965/1965 720/1966/1966 719/1967/1967 718/1968/1968 717/1969/1969 716/1970/1970 715/1971/1971 712/1972/1972 711/1973/1973 726/1974/1974 729/1975/1975 730/1976/1976
f 728/1977/1977 727/1978/1978 730/1979/1979 731/1980/1980 732/1981/1981
f 726/1982/1982 725/1983/1983 733/1984/1984 734/1985/1985 729/1986/1986
f 599/1987/1987 601/1988/1988 643/1989/1989 728/1990/1990 732/1991/1991 735/1992/1992 736/1993/1993 733/1994/1994 725/1995/1995 582/1996/1996 581/1997/1997 585/1998/1998 588/1999/1999 591/2000/2000 593/2001/2001 597/2002/2002
f 737/2003/2003 731/2004/2004 730/2005/2005 729/2006/2006 734/2007/2007 738/2008/2008
f 736/2009/2009 738/2010/2010 734/2011/2011 733/2012/2012
f 735/2013/2013 737/2014/2014 738/2015/2015 736/2016/2016
f 732/2017/2017 731/2018/2018 737/2019/2019 735/2020/2020
f 655/2021/2021 653/2022/2022 739/2023/2023 740/2024/2024
f 740/2024/2024 741/2025/2025 742/2026/2026 739/2023/2023 653/2022/2022 652/2027/2027 654/2028/2028 655/2021/2021
f 743/2029/2029 739/2030/2030 742/2031/2031 744/2032/2032
f 744/2033/2033 742/2034/2034 741/2035/2035 745/2036/2036
f 745/2037/2037 741/2038/2038 740/2039/2039 746/2040/2040
f 746/2041/2041 740/2042/2042 739/2043/2043 743/2044/2044
f 744/2045/2045 745/2046/2046 746/2047/2047 743/2048/2048
f 638/2049/2049 637/2050/2050 747/2051/2051 748/2052/2052 749/2053/2053 750/2054/2054 751/2055/2055
f 752/2056/2056 750/2057/2057 749/2058/2058
f 753/2059/2059 751/2060/2060 750/2061/2061 752/2062/2062 754/2063/2063
f 755/2064/2064 756/2065/2065 754/2066/2066 752/2067/2067 749/2068/2068 748/2069/2069
f 756/2070/2070 757/2071/2071 758/2072/2072 753/2073/2073 754/2074/2074
f 759/2075/2075 755/2076/2076 748/2077/2077 747/2078/2078
f 756/2079/2079 755/2080/2080 759/2081/2081 757/2082/2082
f 567/2083/2083 564/2084/2084 566/2085/2085 572/2086/2086 760/2087/2087 761/2088/2088 762/2089/2089 763/2090/2090 764/2091/2091 765/2092/2092 766/2093/2093 767/2094/2094 768/2095/2095 769/2096/2096 770/2097/2097 771/2098/2098 772/2099/2099 773/2100/2100 774/2101/2101 775/2102/2102 758/2103/2103 757/2104/2104 759/2105/2105 747/2106/2106 637/2107/2107 635/2108/2108 634/2109/2109 583/2110/2110 577/2111/2111 576/2112/2112 573/2113/2113
f 776/2114/2114 777/2115/2115 770/2116/2116 769/2117/2117
f 776/2118/2118 769/2119/2119 768/2120/2120 778/2121/2121 779/2122/2122
f 770/2123/2123 777/2124/2124 780/2125/2125 781/2126/2126 782/2127/2127 771/2128/2128
f 777/2129/2129 776/2130/2130 779/2131/2131 783/2132/2132 780/2133/2133
f 778/2134/2134 782/2135/2135 781/2136/2136 783/2137/2137 779/2138/2138
f 783/2139/2139 781/2140/2140 780/2141/2141
f 784/2142/2142 785/2143/2143 762/2144/2144 761/2145/2145
f 784/2146/2146 761/2147/2147 760/2148/2148 786/2149/2149 787/2150/2150
f 762/2151/2151 785/2152/2152 788/2153/2153 789/2154/2154 790/2155/2155 763/2156/2156
f 785/2157/2157 784/2158/2158 787/2159/2159 791/2160/2160 788/2161/2161
f 786/2162/2162 790/2163/2163 789/2164/2164 791/2165/2165 787/2166/2166
f 791/2167/2167 789/2168/2168 788/2169/2169
f 792/2170/2170 793/2171/2171 766/2172/2172 765/2173/2173
f 792/2174/2174 765/2175/2175 764/2176/2176 794/2177/2177 795/2178/2178
f 656/2179/2179 636/2180/2180 638/2181/2181 751/2182/2182 753/2183/2183 758/2184/2184 775/2185/2185 796/2186/2186 797/2187/2187 772/2188/2188 771/2189/2189 782/2190/2190 778/2191/2191 768/2192/2192 767/2193/2193 798/2194/2194 794/2195/2195 764/2196/2196 763/2197/2197 790/2198/2198 786/2199/2199 760/2200/2200 572/2201/2201 571/2202/2202 574/2203/2203 575/2204/2204 579/2205/2205 664/2206/2206 660/2207/2207
f 766/2208/2208 793/2209/2209 799/2210/2210 800/2211/2211 798/2212/2212 767/2213/2213
f 793/2214/2214 792/2215/2215 795/2216/2216 801/2217/2217 799/2218/2218
f 794/2219/2219 798/2220/2220 800/2221/2221 801/2222/2222 795/2223/2223
f 801/2224/2224 800/2225/2225 799/2226/2226
f 802/2227/2227 773/2228/2228 772/2229/2229 797/2230/2230 803/2231/2231
f 802/2232/2232 804/2233/2233 774/2234/2234 773/2235/2235
f 774/2236/2236 804/2237/2237 805/2238/2238 806/2239/2239 796/2240/2240 775/2241/2241
f 804/2242/2242 802/2243/2243 803/2244/2244 807/2245/2245 805/2246/2246
f 797/2247/2247 796/2248/2248 806/2249/2249 807/2250/2250 803/2251/2251
f 807/2252/2252 806/2253/2253 805/2254/2254
o Face_sheet.001
v -2.30932426 -2.35200930 0.24778539
v -2.23226929 -2.41064858 0.11082919
v -2.11388350 -2.50074100 0.11082919
v -2.11388350 -2.50074100 0.25967053
v -2.11388350 -2.50074100 0.35326469
v -2.18462944 -2.44690275 0.40851188
v -2.20635176 -2.43037200 0.40851188
v -2.22516751 -2.41605330 0.39736432
vt 1 0.46007445
vt 0.60573751 0.00000000
vt 0 0
vt 0 0.50000000
vt 0 0.81440914
vt 0.36198157 1
vt 0.47312683 1
vt 0.56939983 0.96255225
vn -0.60559058 -0.79577637 0
vn -0.60559058 -0.79577637 0
vn -0.60559058 -0.79577637 0
vn -0.60559058 -0.79577637 0
vn -0.60559058 -0.79577637 0
vn -0.60559058 -0.79577637 0
vn -0.60559058 -0.79577637 0
vn -0.60559058 -0.79577637 0
f 808/2255/2255 809/2256/2256 810/2257/2257 811/2258/2258
f 808/2255/2255 811/2258/2258 812/2259/2259 813/2260/2260 814/2261/2261 815/2262/2262
o Extruded.068
v -2.08214498 -2.35171652 0.42117572
v -2.09358668 -2.34736776 0.41886762
v -2.09358668 -2.36002493 0.41498750
v -2.09358668 -2.34702897 0.41868782
v -2.09358668 -2.35994554 0.41472819
v -2.08242297 -2.35201263 0.42133290
v -2.10632467 -2.37033129 0.41154441
v -2.10632467 -2.37150073 0.41535881
v -2.06232214 -2.34702897 0.41868782
v -2.06513119 -2.35201263 0.42133290
v -2.08187556 -2.37474871 0.41436312
v -2.08187556 -2.37357926 0.41054872
v -2.13142467 -2.37474871 0.41436312
v -2.13142467 -2.37357926 0.41054872
v -2.14435267 -2.35719442 0.41974443
v -2.14435267 -2.35602498 0.41593000
v -2.14435267 -2.35348558 0.42088139
v -2.14435267 -2.34378934 0.41968131
v -2.14435267 -2.34378934 0.41968092
v -2.13736105 -2.34378934 0.41968131
v -2.13736105 -2.34378934 0.41968092
v -2.13958740 -2.35348558 0.42088139
v -2.13736105 -2.34807420 0.42021164
v -2.13736105 -2.35791731 0.41719419
v -2.13736105 -2.35571456 0.41602519
v -2.13958740 -2.36069846 0.41867027
v -2.13664627 -2.36069846 0.41867027
v -2.13327575 -2.35571456 0.41602519
v -2.12449431 -2.35379410 0.42078680
v -2.12449431 -2.34694529 0.42288628
v -2.12108946 -2.35594296 0.41595519
v -2.12108946 -2.35611439 0.41651410
v -2.12273884 -2.34378934 0.41968092
v -2.12108946 -2.34378934 0.41968092
v -2.12273884 -2.34444427 0.42181700
v -2.12108946 -2.34396076 0.42023984
vt 0.26577780 0.00596421
vt 0.00592885 1
vt 0.99407113 1
vt 0.97408038 0.00000000
vt 0.99403578 1
vt 0 1
vt 0.00000000 0
vt 0.98850298 0
vt 1 0.05942205
vt 0.52680755 0.93202031
vt 0.52680755 1
vt 0 1
vt 0.00000000 0.00000000
vt 0 1
vt 1 1
vt 1 0.93202031
vt 0.63403398 0.05942205
vt 0.64292574 0
vt 0.08985214 0.00000000
vt 0.00596421 1
vt 0.14877403 0
vt 1 0.00000000
vt 1 1
vt -0.00000000 0.00000000
vt 1 0.00000000
vt 1 1
vt -0.00000000 1
vt 1 0.00000000
vt 1 1
vt 0.00000000 1
vt 0.00000000 0.00000000
vt 0.30312076 0
vt 1 0.99989784
vt 1 1
vt 0 1
vt 0.00000000 0.00000000
vt 0 0
vt 1 0
vt 1 1
vt 0 1
vt 0.31843275 0.00000000
vt 0 0.55810177
vt 0 1
vt 1 1
vt 1 0
vt 0.72316730 0.00000000
vt 0 0
vt 0.12385472 1
vt 1 1
vt 1 0.99976885
vt 0.60127705 1
vt 0.00592885 1
vt 0.18162397 0.00000000
vt 0.99407113 0
vt 0.64725506 0.44195524
vt 1 1
vt 0.53398770 1
vt 0 0.00000000
vt 0.64725506 0
vt 1 0.81774527
vt 0.78173125 0.81774527
vt 0.48002139 0.11682094
vt 0.25066918 0.75367278
vt 0.25066918 1
vt 0.09727907 0.50534660
vt 0.06015173 0.50534660
vt 0.06015173 0.76477152
vt 0 0.76477152
vt 0 0.63137323
vt 0.16318941 0
vt 0.78863949 0
vt 0 1
vt 0.81259835 1
vt 0.81259835 0.85346979
vt 1 0
vt 0.00000000 0.00000000
vt 0.61886805 0.89125252
vt 1 0.89125252
vt 0.76163214 0
vt 0.15760089 0
vt 0 0.58926648
vt 0 1
vt 0.08523268 1
vt 0.08523268 0.59968799
vt 0.13503374 0.59968799
vt 0.26348436 1
vt 0.28359398 1
vt 0.28359398 0.59202206
vt 0.46358278 0.10903006
vt 0.61886805 0.45766488
vt 0.12622328 0
vt 0.00000000 0.43999550
vt 0 1
vt 0.75765687 1
vt 1 0.00000000
vt 0.83653349 1
vt 0.27302393 1
vt 0 0
vt 1 0.00000000
vt 1 0.48446274
vt 1 0
vt 0.00000000 0.00000000
vt 0 1
vt 1 1
vt 1 0.00596421
vt 0 0.73990166
vt 0 1
vt 1 1
vn -0.29108980 -0.28039831 0.91468221
vn -0.29108980 -0.28039831 0.91468221
vn -0.29108980 -0.28039831 0.91468221
vn -1 0 0
vn -1 0 0
vn -1 0 0
vn -1 0 0
vn -0.64887691 0.72747856 0.22301053
vn -0.64887691 0.72747856 0.22301053
vn -0.64887691 0.72747856 0.22301053
vn -0.64887691 0.72747856 0.22301053
vn -0.64887691 0.72747856 0.22301053
vn -0.64887691 0.72747856 0.22301053
vn 0.00000000 0.46880782 0.88330019
vn 0.00000000 0.46880782 0.88330019
vn 0.00000000 0.46880782 0.88330019
vn 0.00000000 0.46880782 0.88330019
vn 0.00000000 0.46880782 0.88330019
vn 0.00000000 0.46880782 0.88330019
vn 0.81764483 -0.55043995 -0.16873886
vn 0.81764483 -0.55043995 -0.16873886
vn 0.81764483 -0.55043995 -0.16873886
vn 0.81764483 -0.55043995 -0.16873886
vn 0 -0.95608473 -0.29309037
vn 0 -0.95608473 -0.29309037
vn 0 -0.95608473 -0.29309037
vn 0 -0.95608473 -0.29309037
vn -0.81764483 -0.55043995 -0.16873886
vn -0.81764483 -0.55043995 -0.16873886
vn -0.81764483 -0.55043995 -0.16873886
vn -0.81764483 -0.55043995 -0.16873886
vn -1 0 0
vn -1 0 0
vn -1 0 0
vn -1 0 0
vn -1 0 0
vn 0 0.95608473 0.29309037
vn 0 0.95608473 0.29309037
vn 0 0.95608473 0.29309037
vn 0 0.95608473 0.29309037
vn 0.00000000 0.12283422 0.99242723
vn 0.00000000 0.12283422 0.99242723
vn 0.00000000 0.12283422 0.99242723
vn 0.00000000 0.12283422 0.99242723
vn 0.00000000 0.12283422 0.99242723
vn 1 0 0
vn 1 0 0
vn 1 0 0
vn 1 0 0
vn 1 0 0
vn 0.70710677 -0.20724618 0.67605400
vn 0.70710677 -0.20724618 0.67605400
vn 0.70710677 -0.20724618 0.67605400
vn 0.70710677 -0.20724618 0.67605400
vn 0.00000000 0.46880782 0.88330019
vn 0.00000000 0.46880782 0.88330019
vn 0.00000000 0.46880782 0.88330019
vn 0.00000000 0.46880782 0.88330019
vn 0.00000000 0.46880782 0.88330019
vn 0.00000000 -0.29309037 0.95608473
vn 0.00000000 -0.29309037 0.95608473
vn 0.00000000 -0.29309037 0.95608473
vn 0.00000000 -0.29309037 0.95608473
vn 0.00000000 -0.29309037 0.95608473
vn 0.00000000 -0.29309037 0.95608473
vn 0.00000000 -0.29309037 0.95608473
vn 0.00000000 -0.29309037 0.95608473
vn 0.00000000 -0.29309037 0.95608473
vn 0.00000000 -0.29309037 0.95608473
vn 0.00000000 -0.29309037 0.95608473
vn 0.00000000 -0.29309037 0.95608473
vn 0.71382481 0.66956937 0.20525829
vn 0.71382481 0.66956937 0.20525829
vn 0.71382481 0.66956937 0.20525829
vn 0.71382481 0.66956937 0.20525829
vn 0.71382481 0.66956937 0.20525829
vn -0.00000000 0.29309037 -0.95608473
vn -0.00000000 0.29309037 -0.95608473
vn -0.00000000 0.29309037 -0.95608473
vn -0.00000000 0.29309037 -0.95608473
vn -0.00000000 0.29309037 -0.95608473
vn -0.00000000 0.29309037 -0.95608473
vn -0.00000000 0.29309037 -0.95608473
vn -0.00000000 0.29309037 -0.95608473
vn -0.00000000 0.29309037 -0.95608473
vn -0.00000000 0.29309037 -0.95608473
vn -0.00000000 0.29309037 -0.95608473
vn -0.00000000 0.29309037 -0.95608473
vn -0.00000000 0.29309037 -0.95608473
vn -0.00000000 0.29309037 -0.95608473
vn -0.76390654 0.61698717 0.18913908
vn -0.76390654 0.61698717 0.18913908
vn -0.76390654 0.61698717 0.18913908
vn -0.76390654 0.61698717 0.18913908
vn -0.76390654 0.61698717 0.18913908
vn 0.70710677 -0.20724618 0.67605400
vn 0.70710677 -0.20724618 0.67605400
vn 0.70710677 -0.20724618 0.67605400
vn 0.70710677 -0.20724618 0.67605400
vn 0.70710677 -0.20724618 0.67605400
vn 1 0 0
vn 1 0 0
vn 1 0 0
vn 1 0 0
vn 0 0.95608473 0.29309037
vn 0 0.95608473 0.29309037
vn 0 0.95608473 0.29309037
vn 0 0.95608473 0.29309037
f 816/2263/2263 817/2264/2264 818/2265/2265
f 817/2266/2266 819/2267/2267 820/2268/2268 818/2269/2269
f 821/2270/2270 816/2271/2271 818/2272/2272 820/2273/2273 822/2274/2274 823/2275/2275
f 824/2276/2276 819/2277/2277 817/2278/2278 816/2279/2279 821/2280/2280 825/2281/2281
f 824/2282/2282 825/2283/2283 826/2284/2284 827/2285/2285
f 826/2286/2286 828/2287/2287 829/2288/2288 827/2289/2289
f 830/2290/2290 831/2291/2291 829/2292/2292 828/2293/2293
f 832/2294/2294 833/2295/2295 834/2296/2296 831/2297/2297 830/2298/2298
f 833/2299/2299 835/2300/2300 836/2301/2301 834/2302/2302
f 837/2303/2303 838/2304/2304 835/2305/2305 833/2306/2306 832/2307/2307
f 838/2308/2308 839/2309/2309 840/2310/2310 836/2311/2311 835/2312/2312
f 837/2313/2313 841/2314/2314 839/2315/2315 838/2316/2316
f 839/2317/2317 841/2318/2318 842/2319/2319 843/2320/2320 840/2321/2321
f 825/2322/2322 821/2323/2323 823/2324/2324 844/2325/2325 845/2326/2326 842/2327/2327 841/2328/2328 837/2329/2329 832/2330/2330 830/2331/2331 828/2332/2332 826/2333/2333
f 822/2334/2334 846/2335/2335 847/2336/2336 844/2337/2337 823/2338/2338
f 819/2339/2339 824/2340/2340 827/2341/2341 829/2342/2342 831/2343/2343 834/2344/2344 836/2345/2345 840/2346/2346 843/2347/2347 848/2348/2348 849/2349/2349 846/2350/2350 822/2351/2351 820/2352/2352
f 845/2353/2353 850/2354/2354 848/2355/2355 843/2356/2356 842/2357/2357
f 845/2358/2358 844/2359/2359 847/2360/2360 851/2361/2361 850/2362/2362
f 851/2363/2363 847/2364/2364 846/2365/2365 849/2366/2366
f 850/2367/2367 851/2368/2368 849/2369/2369 848/2370/2370
o Extruded.068
v -2.08204651 -2.33856916 0.42117572
v -2.09348822 -2.33422041 0.41886762
v -2.09348822 -2.34687757 0.41498750
v -2.09348822 -2.33388162 0.41868782
v -2.09348822 -2.34679818 0.41472819
v -2.08232450 -2.33886528 0.42133290
v -2.10622621 -2.35718393 0.41154441
v -2.10622621 -2.35835338 0.41535881
v -2.06222367 -2.33388162 0.41868782
v -2.06503272 -2.33886528 0.42133290
v -2.08177710 -2.36160135 0.41436312
v -2.08177710 -2.36043191 0.41054872
v -2.13132620 -2.36160135 0.41436312
v -2.13132620 -2.36043191 0.41054872
v -2.14425421 -2.34404707 0.41974443
v -2.14425421 -2.34287763 0.41593000
v -2.14425421 -2.34033823 0.42088139
v -2.14425421 -2.33064198 0.41968131
v -2.14425421 -2.33064198 0.41968092
v -2.13726258 -2.33064198 0.41968131
v -2.13726258 -2.33064198 0.41968092
v -2.13948894 -2.34033823 0.42088139
v -2.13726258 -2.33492684 0.42021164
v -2.13726258 -2.34476995 0.41719419
v -2.13726258 -2.34256721 0.41602519
v -2.13948894 -2.34755111 0.41867027
v -2.13654780 -2.34755111 0.41867027
v -2.13317728 -2.34256721 0.41602519
v -2.12439585 -2.34064674 0.42078680
v -2.12439585 -2.33379793 0.42288628
v -2.12099099 -2.34279561 0.41595519
v -2.12099099 -2.34296703 0.41651410
v -2.12264037 -2.33064198 0.41968092
v -2.12099099 -2.33064198 0.41968092
v -2.12264037 -2.33129692 0.42181700
v -2.12099099 -2.33081341 0.42023984
vt 0.26577780 0.00596421
vt 0.00592885 1
vt 0.99407113 1
vt 0.97408038 0.00000000
vt 0.99403578 1
vt 0 1
vt 0.00000000 0
vt 0.98850298 0
vt 1 0.05942205
vt 0.52680755 0.93202031
vt 0.52680755 1
vt 0 1
vt 0.00000000 0.00000000
vt 0 1
vt 1 1
vt 1 0.93202031
vt 0.63403398 0.05942205
vt 0.64292574 0
vt 0.08985214 0.00000000
vt 0.00596421 1
vt 0.14877403 0
vt 1 0.00000000
vt 1 1
vt -0.00000000 0.00000000
vt 1 0.00000000
vt 1 1
vt -0.00000000 1
vt 1 0.00000000
vt 1 1
vt 0.00000000 1
vt 0.00000000 0.00000000
vt 0.30312076 0
vt 1 0.99989784
vt 1 1
vt 0 1
vt 0.00000000 0.00000000
vt 0 0
vt 1 0
vt 1 1
vt 0 1
vt 0.31843275 0.00000000
vt 0 0.55810177
vt 0 1
vt 1 1
vt 1 0
vt 0.72316730 0.00000000
vt 0 0
vt 0.12385472 1
vt 1 1
vt 1 0.99976885
vt 0.60127705 1
vt 0.00592885 1
vt 0.18162397 0.00000000
vt 0.99407113 0
vt 0.64725506 0.44195524
vt 1 1
vt 0.53398770 1
vt 0 0.00000000
vt 0.64725506 0
vt 1 0.81774527
vt 0.78173125 0.81774527
vt 0.48002139 0.11682094
vt 0.25066918 0.75367278
vt 0.25066918 1
vt 0.09727907 0.50534660
vt 0.06015173 0.50534660
vt 0.06015173 0.76477152
vt 0 0.76477152
vt 0 0.63137323
vt 0.16318941 0
vt 0.78863949 0
vt 0 1
vt 0.81259835 1
vt 0.81259835 0.85346979
vt 1 0
vt 0.00000000 0.00000000
vt 0.61886805 0.89125252
vt 1 0.89125252
vt 0.76163214 0
vt 0.15760089 0
vt 0 0.58926648
vt 0 1
vt 0.08523268 1
vt 0.08523268 0.59968799
vt 0.13503374 0.59968799
vt 0.26348436 1
vt 0.28359398 1
vt 0.28359398 0.59202206
vt 0.46358278 0.10903006
vt 0.61886805 0.45766488
vt 0.12622328 0
vt 0.00000000 0.43999550
vt 0 1
vt 0.75765687 1
vt 1 0.00000000
vt 0.83653349 1
vt 0.27302393 1
vt 0 0
vt 1 0.00000000
vt 1 0.48446274
vt 1 0
vt 0.00000000 0.00000000
vt 0 1
vt 1 1
vt 1 0.00596421
vt 0 0.73990166
vt 0 1
vt 1 1
vn -0.29108980 -0.28039831 0.91468221
vn -0.29108980 -0.28039831 0.91468221
vn -0.29108980 -0.28039831 0.91468221
vn -1 0 0
vn -1 0 0
vn -1 0 0
vn -1 0 0
vn -0.64887691 0.72747856 0.22301053
vn -0.64887691 0.72747856 0.22301053
vn -0.64887691 0.72747856 0.22301053
vn -0.64887691 0.72747856 0.22301053
vn -0.64887691 0.72747856 0.22301053
vn -0.64887691 0.72747856 0.22301053
vn 0.00000000 0.46880782 0.88330019
vn 0.00000000 0.46880782 0.88330019
vn 0.00000000 0.46880782 0.88330019
vn 0.00000000 0.46880782 0.88330019
vn 0.00000000 0.46880782 0.88330019
vn 0.00000000 0.46880782 0.88330019
vn 0.81764483 -0.55043995 -0.16873886
vn 0.81764483 -0.55043995 -0.16873886
vn 0.81764483 -0.55043995 -0.16873886
vn 0.81764483 -0.55043995 -0.16873886
vn 0 -0.95608473 -0.29309037
vn 0 -0.95608473 -0.29309037
vn 0 -0.95608473 -0.29309037
vn 0 -0.95608473 -0.29309037
vn -0.81764483 -0.55043995 -0.16873886
vn -0.81764483 -0.55043995 -0.16873886
vn -0.81764483 -0.55043995 -0.16873886
vn -0.81764483 -0.55043995 -0.16873886
vn -1 0 0
vn -1 0 0
vn -1 0 0
vn -1 0 0
vn -1 0 0
vn 0 0.95608473 0.29309037
vn 0 0.95608473 0.29309037
vn 0 0.95608473 0.29309037
vn 0 0.95608473 0.29309037
vn 0.00000000 0.12283422 0.99242723
vn 0.00000000 0.12283422 0.99242723
vn 0.00000000 0.12283422 0.99242723
vn 0.00000000 0.12283422 0.99242723
vn 0.00000000 0.12283422 0.99242723
vn 1 0 0
vn 1 0 0
vn 1 0 0
vn 1 0 0
vn 1 0 0
vn 0.70710677 -0.20724618 0.67605400
vn 0.70710677 -0.20724618 0.67605400
vn 0.70710677 -0.20724618 0.67605400
vn 0.70710677 -0.20724618 0.67605400
vn 0.00000000 0.46880782 0.88330019
vn 0.00000000 0.46880782 0.88330019
vn 0.00000000 0.46880782 0.88330019
vn 0.00000000 0.46880782 0.88330019
vn 0.00000000 0.46880782 0.88330019
vn 0.00000000 -0.29309037 0.95608473
vn 0.00000000 -0.29309037 0.95608473
vn 0.00000000 -0.29309037 0.95608473
vn 0.00000000 -0.29309037 0.95608473
vn 0.00000000 -0.29309037 0.95608473
vn 0.00000000 -0.29309037 0.95608473
vn 0.00000000 -0.29309037 0.95608473
vn 0.00000000 -0.29309037 0.95608473
vn 0.00000000 -0.29309037 0.95608473
vn 0.00000000 -0.29309037 0.95608473
vn 0.00000000 -0.29309037 0.95608473
vn 0.00000000 -0.29309037 0.95608473
vn 0.71382481 0.66956937 0.20525829
vn 0.71382481 0.66956937 0.20525829
vn 0.71382481 0.66956937 0.20525829
vn 0.71382481 0.66956937 0.20525829
vn 0.71382481 0.66956937 0.20525829
vn -0.00000000 0.29309037 -0.95608473
vn -0.00000000 0.29309037 -0.95608473
vn -0.00000000 0.29309037 -0.95608473
vn -0.00000000 0.29309037 -0.95608473
vn -0.00000000 0.29309037 -0.95608473
vn -0.00000000 0.29309037 -0.95608473
vn -0.00000000 0.29309037 -0.95608473
vn -0.00000000 0.29309037 -0.95608473
vn -0.00000000 0.29309037 -0.95608473
vn -0.00000000 0.29309037 -0.95608473
vn -0.00000000 0.29309037 -0.95608473
vn -0.00000000 0.29309037 -0.95608473
vn -0.00000000 0.29309037 -0.95608473
vn -0.00000000 0.29309037 -0.95608473
vn -0.76390654 0.61698717 0.18913908
vn -0.76390654 0.61698717 0.18913908
vn -0.76390654 0.61698717 0.18913908
vn -0.76390654 0.61698717 0.18913908
vn -0.76390654 0.61698717 0.18913908
vn 0.70710677 -0.20724618 0.67605400
vn 0.70710677 -0.20724618 0.67605400
vn 0.70710677 -0.20724618 0.67605400
vn 0.70710677 -0.20724618 0.67605400
vn 0.70710677 -0.20724618 0.67605400
vn 1 0 0
vn 1 0 0
vn 1 0 0
vn 1 0 0
vn 0 0.95608473 0.29309037
vn 0 0.95608473 0.29309037
vn 0 0.95608473 0.29309037
vn 0 0.95608473 0.29309037
f 852/2371/2371 853/2372/2372 854/2373/2373
f 853/2374/2374 855/2375/2375 856/2376/2376 854/2377/2377
f 857/2378/2378 852/2379/2379 854/2380/2380 856/2381/2381 858/2382/2382 859/2383/2383
f 860/2384/2384 855/2385/2385 853/2386/2386 852/2387/2387 857/2388/2388 861/2389/2389
f 860/2390/2390 861/2391/2391 862/2392/2392 863/2393/2393
f 862/2394/2394 864/2395/2395 865/2396/2396 863/2397/2397
f 866/2398/2398 867/2399/2399 865/2400/2400 864/2401/2401
f 868/2402/2402 869/2403/2403 870/2404/2404 867/2405/2405 866/2406/2406
f 869/2407/2407 871/2408/2408 872/2409/2409 870/2410/2410
f 873/2411/2411 874/2412/2412 871/2413/2413 869/2414/2414 868/2415/2415
f 874/2416/2416 875/2417/2417 876/2418/2418 872/2419/2419 871/2420/2420
f 873/2421/2421 877/2422/2422 875/2423/2423 874/2424/2424
f 875/2425/2425 877/2426/2426 878/2427/2427 879/2428/2428 876/2429/2429
f 861/2430/2430 857/2431/2431 859/2432/2432 880/2433/2433 881/2434/2434 878/2435/2435 877/2436/2436 873/2437/2437 868/2438/2438 866/2439/2439 864/2440/2440 862/2441/2441
f 858/2442/2442 882/2443/2443 883/2444/2444 880/2445/2445 859/2446/2446
f 855/2447/2447 860/2448/2448 863/2449/2449 865/2450/2450 867/2451/2451 870/2452/2452 872/2453/2453 876/2454/2454 879/2455/2455 884/2456/2456 885/2457/2457 882/2458/2458 858/2459/2459 856/2460/2460
f 881/2461/2461 886/2462/2462 884/2463/2463 879/2464/2464 878/2465/2465
f 881/2466/2466 880/2467/2467 883/2468/2468 887/2469/2469 886/2470/2470
f 887/2471/2471 883/2472/2472 882/2473/2473 885/2474/2474
f 886/2475/2475 887/2476/2476 885/2477/2477 884/2478/2478
o Extruded.068
v -2.08194804 -2.32542205 0.42117572
v -2.09338975 -2.32107329 0.41886762
v -2.09338975 -2.33373046 0.41498750
v -2.09338975 -2.32073450 0.41868782
v -2.09338975 -2.33365107 0.41472819
v -2.08222604 -2.32571816 0.42133290
v -2.10612774 -2.34403682 0.41154441
v -2.10612774 -2.34520626 0.41535881
v -2.06212521 -2.32073450 0.41868782
v -2.06493425 -2.32571816 0.42133290
v -2.08167863 -2.34845424 0.41436312
v -2.08167863 -2.34728479 0.41054872
v -2.13122773 -2.34845424 0.41436312
v -2.13122773 -2.34728479 0.41054872
v -2.14415574 -2.33089995 0.41974443
v -2.14415574 -2.32973051 0.41593000
v -2.14415574 -2.32719111 0.42088139
v -2.14415574 -2.31749487 0.41968131
v -2.14415574 -2.31749487 0.41968092
v -2.13716412 -2.31749487 0.41968131
v -2.13716412 -2.31749487 0.41968092
v -2.13939047 -2.32719111 0.42088139
v -2.13716412 -2.32177973 0.42021164
v -2.13716412 -2.33162284 0.41719419
v -2.13716412 -2.32942009 0.41602519
v -2.13939047 -2.33440399 0.41867027
v -2.13644934 -2.33440399 0.41867027
v -2.13307881 -2.32942009 0.41602519
v -2.12429738 -2.32749963 0.42078680
v -2.12429738 -2.32065082 0.42288628
v -2.12089252 -2.32964849 0.41595519
v -2.12089252 -2.32981992 0.41651410
v -2.12254190 -2.31749487 0.41968092
v -2.12089252 -2.31749487 0.41968092
v -2.12254190 -2.31814981 0.42181700
v -2.12089252 -2.31766629 0.42023984
vt 0.26577780 0.00596421
vt 0.00592885 1
vt 0.99407113 1
vt 0.97408038 0.00000000
vt 0.99403578 1
vt 0 1
vt 0.00000000 0
vt 0.98850298 0
vt 1 0.05942205
vt 0.52680755 0.93202031
vt 0.52680755 1
vt 0 1
vt 0.00000000 0.00000000
vt 0 1
vt 1 1
vt 1 0.93202031
vt 0.63403398 0.05942205
vt 0.64292574 0
vt 0.08985214 0.00000000
vt 0.00596421 1
vt 0.14877403 0
vt 1 0.00000000
vt 1 1
vt -0.00000000 0.00000000
vt 1 0.00000000
vt 1 1
vt -0.00000000 1
vt 1 0.00000000
vt 1 1
vt 0.00000000 1
vt 0.00000000 0.00000000
vt 0.30312076 0
vt 1 0.99989784
vt 1 1
vt 0 1
vt 0.00000000 0.00000000
vt 0 0
vt 1 0
vt 1 1
vt 0 1
vt 0.31843275 0.00000000
vt 0 0.55810177
vt 0 1
vt 1 1
vt 1 0
vt 0.72316730 0.00000000
vt 0 0
vt 0.12385472 1
vt 1 1
vt 1 0.99976885
vt 0.60127705 1
vt 0.00592885 1
vt 0.18162397 0.00000000
vt 0.99407113 0
vt 0.64725506 0.44195524
vt 1 1
vt 0.53398770 1
vt 0 0.00000000
vt 0.64725506 0
vt 1 0.81774527
vt 0.78173125 0.81774527
vt 0.48002139 0.11682094
vt 0.25066918 0.75367278
vt 0.25066918 1
vt 0.09727907 0.50534660
vt 0.06015173 0.50534660
vt 0.06015173 0.76477152
vt 0 0.76477152
vt 0 0.63137323
vt 0.16318941 0
vt 0.78863949 0
vt 0 1
vt 0.81259835 1
vt 0.81259835 0.85346979
vt 1 0
vt 0.00000000 0.00000000
vt 0.61886805 0.89125252
vt 1 0.89125252
vt 0.76163214 0
vt 0.15760089 0
vt 0 0.58926648
vt 0 1
vt 0.08523268 1
vt 0.08523268 0.59968799
vt 0.13503374 0.59968799
vt 0.26348436 1
vt 0.28359398 1
vt 0.28359398 0.59202206
vt 0.46358278 0.10903006
vt 0.61886805 0.45766488
vt 0.12622328 0
vt 0.00000000 0.43999550
vt 0 1
vt 0.75765687 1
vt 1 0.00000000
vt 0.83653349 1
vt 0.27302393 1
vt 0 0
vt 1 0.00000000
vt 1 0.48446274
vt 1 0
vt 0.00000000 0.00000000
vt 0 1
vt 1 1
vt 1 0.00596421
vt 0 0.73990166
vt 0 1
vt 1 1
vn -0.29108980 -0.28039831 0.91468221
vn -0.29108980 -0.28039831 0.91468221
vn -0.29108980 -0.28039831 0.91468221
vn -1 0 0
vn -1 0 0
vn -1 0 0
vn -1 0 0
vn -0.64887691 0.72747856 0.22301053
vn -0.64887691 0.72747856 0.22301053
vn -0.64887691 0.72747856 0.22301053
vn -0.64887691 0.72747856 0.22301053
vn -0.64887691 0.72747856 0.22301053
vn -0.64887691 0.72747856 0.22301053
vn 0.00000000 0.46880782 0.88330019
vn 0.00000000 0.46880782 0.88330019
vn 0.00000000 0.46880782 0.88330019
vn 0.00000000 0.46880782 0.88330019
vn 0.00000000 0.46880782 0.88330019
vn 0.00000000 0.46880782 0.88330019
vn 0.81764483 -0.55043995 -0.16873886
vn 0.81764483 -0.55043995 -0.16873886
vn 0.81764483 -0.55043995 -0.16873886
vn 0.81764483 -0.55043995 -0.16873886
vn 0 -0.95608473 -0.29309037
vn 0 -0.95608473 -0.29309037
vn 0 -0.95608473 -0.29309037
vn 0 -0.95608473 -0.29309037
vn -0.81764483 -0.55043995 -0.16873886
vn -0.81764483 -0.55043995 -0.16873886
vn -0.81764483 -0.55043995 -0.16873886
vn -0.81764483 -0.55043995 -0.16873886
vn -1 0 0
vn -1 0 0
vn -1 0 0
vn -1 0 0
vn -1 0 0
vn 0 0.95608473 0.29309037
vn 0 0.95608473 0.29309037
vn 0 0.95608473 0.29309037
vn 0 0.95608473 0.29309037
vn 0.00000000 0.12283422 0.99242723
vn 0.00000000 0.12283422 0.99242723
vn 0.00000000 0.12283422 0.99242723
vn 0.00000000 0.12283422 0.99242723
vn 0.00000000 0.12283422 0.99242723
vn 1 0 0
vn 1 0 0
vn 1 0 0
vn 1 0 0
vn 1 0 0
vn 0.70710677 -0.20724618 0.67605400
vn 0.70710677 -0.20724618 0.67605400
vn 0.70710677 -0.20724618 0.67605400
vn 0.70710677 -0.20724618 0.67605400
vn 0.00000000 0.46880782 0.88330019
vn 0.00000000 0.46880782 0.88330019
vn 0.00000000 0.46880782 0.88330019
vn 0.00000000 0.46880782 0.88330019
vn 0.00000000 0.46880782 0.88330019
vn 0.00000000 -0.29309037 0.95608473
vn 0.00000000 -0.29309037 0.95608473
vn 0.00000000 -0.29309037 0.95608473
vn 0.00000000 -0.29309037 0.95608473
vn 0.00000000 -0.29309037 0.95608473
vn 0.00000000 -0.29309037 0.95608473
vn 0.00000000 -0.29309037 0.95608473
vn 0.00000000 -0.29309037 0.95608473
vn 0.00000000 -0.29309037 0.95608473
vn 0.00000000 -0.29309037 0.95608473
vn 0.00000000 -0.29309037 0.95608473
vn 0.00000000 -0.29309037 0.95608473
vn 0.71382481 0.66956937 0.20525829
vn 0.71382481 0.66956937 0.20525829
vn 0.71382481 0.66956937 0.20525829
vn 0.71382481 0.66956937 0.20525829
vn 0.71382481 0.66956937 0.20525829
vn -0.00000000 0.29309037 -0.95608473
vn -0.00000000 0.29309037 -0.95608473
vn -0.00000000 0.29309037 -0.95608473
vn -0.00000000 0.29309037 -0.95608473
vn -0.00000000 0.29309037 -0.95608473
vn -0.00000000 0.29309037 -0.95608473
vn -0.00000000 0.29309037 -0.95608473
vn -0.00000000 0.29309037 -0.95608473
vn -0.00000000 0.29309037 -0.95608473
vn -0.00000000 0.29309037 -0.95608473
vn -0.00000000 0.29309037 -0.95608473
vn -0.00000000 0.29309037 -0.95608473
vn -0.00000000 0.29309037 -0.95608473
vn -0.00000000 0.29309037 -0.95608473
vn -0.76390654 0.61698717 0.18913908
vn -0.76390654 0.61698717 0.18913908
vn -0.76390654 0.61698717 0.18913908
vn -0.76390654 0.61698717 0.18913908
vn -0.76390654 0.61698717 0.18913908
vn 0.70710677 -0.20724618 0.67605400
vn 0.70710677 -0.20724618 0.67605400
vn 0.70710677 -0.20724618 0.67605400
vn 0.70710677 -0.20724618 0.67605400
vn 0.70710677 -0.20724618 0.67605400
vn 1 0 0
vn 1 0 0
vn 1 0 0
vn 1 0 0
vn 0 0.95608473 0.29309037
vn 0 0.95608473 0.29309037
vn 0 0.95608473 0.29309037
vn 0 0.95608473 0.29309037
f 888/2479/2479 889/2480/2480 890/2481/2481
f 889/2482/2482 891/2483/2483 892/2484/2484 890/2485/2485
f 893/2486/2486 888/2487/2487 890/2488/2488 892/2489/2489 894/2490/2490 895/2491/2491
f 896/2492/2492 891/2493/2493 889/2494/2494 888/2495/2495 893/2496/2496 897/2497/2497
f 896/2498/2498 897/2499/2499 898/2500/2500 899/2501/2501
f 898/2502/2502 900/2503/2503 901/2504/2504 899/2505/2505
f 902/2506/2506 903/2507/2507 901/2508/2508 900/2509/2509
f 904/2510/2510 905/2511/2511 906/2512/2512 903/2513/2513 902/2514/2514
f 905/2515/2515 907/2516/2516 908/2517/2517 906/2518/2518
f 909/2519/2519 910/2520/2520 907/2521/2521 905/2522/2522 904/2523/2523
f 910/2524/2524 911/2525/2525 912/2526/2526 908/2527/2527 907/2528/2528
f 909/2529/2529 913/2530/2530 911/2531/2531 910/2532/2532
f 911/2533/2533 913/2534/2534 914/2535/2535 915/2536/2536 912/2537/2537
f 897/2538/2538 893/2539/2539 895/2540/2540 916/2541/2541 917/2542/2542 914/2543/2543 913/2544/2544 909/2545/2545 904/2546/2546 902/2547/2547 900/2548/2548 898/2549/2549
f 894/2550/2550 918/2551/2551 919/2552/2552 916/2553/2553 895/2554/2554
f 891/2555/2555 896/2556/2556 899/2557/2557 901/2558/2558 903/2559/2559 906/2560/2560 908/2561/2561 912/2562/2562 915/2563/2563 920/2564/2564 921/2565/2565 918/2566/2566 894/2567/2567 892/2568/2568
f 917/2569/2569 922/2570/2570 920/2571/2571 915/2572/2572 914/2573/2573
f 917/2574/2574 916/2575/2575 919/2576/2576 923/2577/2577 922/2578/2578
f 923/2579/2579 919/2580/2580 918/2581/2581 921/2582/2582
f 922/2583/2583 923/2584/2584 921/2585/2585 920/2586/2586
o Extruded.068
v -2.08184958 -2.31227493 0.42117572
v -2.09329128 -2.30792618 0.41886762
v -2.09329128 -2.32058334 0.41498750
v -2.09329128 -2.30758739 0.41868782
v -2.09329128 -2.32050395 0.41472819
v -2.08212757 -2.31257105 0.42133290
v -2.10602927 -2.33088970 0.41154441
v -2.10602927 -2.33205914 0.41535881
v -2.06202674 -2.30758739 0.41868782
v -2.06483579 -2.31257105 0.42133290
v -2.08158016 -2.33530712 0.41436312
v -2.08158016 -2.33413768 0.41054872
v -2.13112926 -2.33530712 0.41436312
v -2.13112926 -2.33413768 0.41054872
v -2.14405727 -2.31775284 0.41974443
v -2.14405727 -2.31658340 0.41593000
v -2.14405727 -2.31404400 0.42088139
v -2.14405727 -2.30434775 0.41968131
v -2.14405727 -2.30434775 0.41968092
v -2.13706565 -2.30434775 0.41968131
v -2.13706565 -2.30434775 0.41968092
v -2.13929200 -2.31404400 0.42088139
v -2.13706565 -2.30863261 0.42021164
v -2.13706565 -2.31847572 0.41719419
v -2.13706565 -2.31627297 0.41602519
v -2.13929200 -2.32125688 0.41867027
v -2.13635087 -2.32125688 0.41867027
v -2.13298035 -2.31627297 0.41602519
v -2.12419891 -2.31435251 0.42078680
v -2.12419891 -2.30750370 0.42288628
v -2.12079406 -2.31650138 0.41595519
v -2.12079406 -2.31667280 0.41651410
v -2.12244344 -2.30434775 0.41968092
v -2.12079406 -2.30434775 0.41968092
v -2.12244344 -2.30500269 0.42181700
v -2.12079406 -2.30451918 0.42023984
vt 0.26577780 0.00596421
vt 0.00592885 1
vt 0.99407113 1
vt 0.97408038 0.00000000
vt 0.99403578 1
vt 0 1
vt 0.00000000 0
vt 0.98850298 0
vt 1 0.05942205
vt 0.52680755 0.93202031
vt 0.52680755 1
vt 0 1
vt 0.00000000 0.00000000
vt 0 1
vt 1 1
vt 1 0.93202031
vt 0.63403398 0.05942205
vt 0.64292574 0
vt 0.08985214 0.00000000
vt 0.00596421 1
vt 0.14877403 0
vt 1 0.00000000
vt 1 1
vt -0.00000000 0.00000000
vt 1 0.00000000
vt 1 1
vt -0.00000000 1
vt 1 0.00000000
vt 1 1
vt 0.00000000 1
vt 0.00000000 0.00000000
vt 0.30312076 0
vt 1 0.99989784
vt 1 1
vt 0 1
vt 0.00000000 0.00000000
vt 0 0
vt 1 0
vt 1 1
vt 0 1
vt 0.31843275 0.00000000
vt 0 0.55810177
vt 0 1
vt 1 1
vt 1 0
vt 0.72316730 0.00000000
vt 0 0
vt 0.12385472 1
vt 1 1
vt 1 0.99976885
vt 0.60127705 1
vt 0.00592885 1
vt 0.18162397 0.00000000
vt 0.99407113 0
vt 0.64725506 0.44195524
vt 1 1
vt 0.53398770 1
vt 0 0.00000000
vt 0.64725506 0
vt 1 0.81774527
vt 0.78173125 0.81774527
vt 0.48002139 0.11682094
vt 0.25066918 0.75367278
vt 0.25066918 1
vt 0.09727907 0.50534660
vt 0.06015173 0.50534660
vt 0.06015173 0.76477152
vt 0 0.76477152
vt 0 0.63137323
vt 0.16318941 0
vt 0.78863949 0
vt 0 1
vt 0.81259835 1
vt 0.81259835 0.85346979
vt 1 0
vt 0.00000000 0.00000000
vt 0.61886805 0.89125252
vt 1 0.89125252
vt 0.76163214 0
vt 0.15760089 0
vt 0 0.58926648
vt 0 1
vt 0.08523268 1
vt 0.08523268 0.59968799
vt 0.13503374 0.59968799
vt 0.26348436 1
vt 0.28359398 1
vt 0.28359398 0.59202206
vt 0.46358278 0.10903006
vt 0.61886805 0.45766488
vt 0.12622328 0
vt 0.00000000 0.43999550
vt 0 1
vt 0.75765687 1
vt 1 0.00000000
vt 0.83653349 1
vt 0.27302393 1
vt 0 0
vt 1 0.00000000
vt 1 0.48446274
vt 1 0
vt 0.00000000 0.00000000
vt 0 1
vt 1 1
vt 1 0.00596421
vt 0 0.73990166
vt 0 1
vt 1 1
vn -0.29108980 -0.28039831 0.91468221
vn -0.29108980 -0.28039831 0.91468221
vn -0.29108980 -0.28039831 0.91468221
vn -1 0 0
vn -1 0 0
vn -1 0 0
vn -1 0 0
vn -0.64887691 0.72747856 0.22301053
vn -0.64887691 0.72747856 0.22301053
vn -0.64887691 0.72747856 0.22301053
vn -0.64887691 0.72747856 0.22301053
vn -0.64887691 0.72747856 0.22301053
vn -0.64887691 0.72747856 0.22301053
vn 0.00000000 0.46880782 0.88330019
vn 0.00000000 0.46880782 0.88330019
vn 0.00000000 0.46880782 0.88330019
vn 0.00000000 0.46880782 0.88330019
vn 0.00000000 0.46880782 0.88330019
vn 0.00000000 0.46880782 0.88330019
vn 0.81764483 -0.55043995 -0.16873886
vn 0.81764483 -0.55043995 -0.16873886
vn 0.81764483 -0.55043995 -0.16873886
vn 0.81764483 -0.55043995 -0.16873886
vn 0 -0.95608473 -0.29309037
vn 0 -0.95608473 -0.29309037
vn 0 -0.95608473 -0.29309037
vn 0 -0.95608473 -0.29309037
vn -0.81764483 -0.55043995 -0.16873886
vn -0.81764483 -0.55043995 -0.16873886
vn -0.81764483 -0.55043995 -0.16873886
vn -0.81764483 -0.55043995 -0.16873886
vn -1 0 0
vn -1 0 0
vn -1 0 0
vn -1 0 0
vn -1 0 0
vn 0 0.95608473 0.29309037
vn 0 0.95608473 0.29309037
vn 0 0.95608473 0.29309037
vn 0 0.95608473 0.29309037
vn 0.00000000 0.12283422 0.99242723
vn 0.00000000 0.12283422 0.99242723
vn 0.00000000 0.12283422 0.99242723
vn 0.00000000 0.12283422 0.99242723
vn 0.00000000 0.12283422 0.99242723
vn 1 0 0
vn 1 0 0
vn 1 0 0
vn 1 0 0
vn 1 0 0
vn 0.70710677 -0.20724618 0.67605400
vn 0.70710677 -0.20724618 0.67605400
vn 0.70710677 -0.20724618 0.67605400
vn 0.70710677 -0.20724618 0.67605400
vn 0.00000000 0.46880782 0.88330019
vn 0.00000000 0.46880782 0.88330019
vn 0.00000000 0.46880782 0.88330019
vn 0.00000000 0.46880782 0.88330019
vn 0.00000000 0.46880782 0.88330019
vn 0.00000000 -0.29309037 0.95608473
vn 0.00000000 -0.29309037 0.95608473
vn 0.00000000 -0.29309037 0.95608473
vn 0.00000000 -0.29309037 0.95608473
vn 0.00000000 -0.29309037 0.95608473
vn 0.00000000 -0.29309037 0.95608473
vn 0.00000000 -0.29309037 0.95608473
vn 0.00000000 -0.29309037 0.95608473
vn 0.00000000 -0.29309037 0.95608473
vn 0.00000000 -0.29309037 0.95608473
vn 0.00000000 -0.29309037 0.95608473
vn 0.00000000 -0.29309037 0.95608473
vn 0.71382481 0.66956937 0.20525829
vn 0.71382481 0.66956937 0.20525829
vn 0.71382481 0.66956937 0.20525829
vn 0.71382481 0.66956937 0.20525829
vn 0.71382481 0.66956937 0.20525829
vn -0.00000000 0.29309037 -0.95608473
vn -0.00000000 0.29309037 -0.95608473
vn -0.00000000 0.29309037 -0.95608473
vn -0.00000000 0.29309037 -0.95608473
vn -0.00000000 0.29309037 -0.95608473
vn -0.00000000 0.29309037 -0.95608473
vn -0.00000000 0.29309037 -0.95608473
vn -0.00000000 0.29309037 -0.95608473
vn -0.00000000 0.29309037 -0.95608473
vn -0.00000000 0.29309037 -0.95608473
vn -0.00000000 0.29309037 -0.95608473
vn -0.00000000 0.29309037 -0.95608473
vn -0.00000000 0.29309037 -0.95608473
vn -0.00000000 0.29309037 -0.95608473
vn -0.76390654 0.61698717 0.18913908
vn -0.76390654 0.61698717 0.18913908
vn -0.76390654 0.61698717 0.18913908
vn -0.76390654 0.61698717 0.18913908
vn -0.76390654 0.61698717 0.18913908
vn 0.70710677 -0.20724618 0.67605400
vn 0.70710677 -0.20724618 0.67605400
vn 0.70710677 -0.20724618 0.67605400
vn 0.70710677 -0.20724618 0.67605400
vn 0.70710677 -0.20724618 0.67605400
vn 1 0 0
vn 1 0 0
vn 1 0 0
vn 1 0 0
vn 0 0.95608473 0.29309037
vn 0 0.95608473 0.29309037
vn 0 0.95608473 0.29309037
vn 0 0.95608473 0.29309037
f 924/2587/2587 925/2588/2588 926/2589/2589
f 925/2590/2590 927/2591/2591 928/2592/2592 926/2593/2593
f 929/2594/2594 924/2595/2595 926/2596/2596 928/2597/2597 930/2598/2598 931/2599/2599
f 932/2600/2600 927/2601/2601 925/2602/2602 924/2603/2603 929/2604/2604 933/2605/2605
f 932/2606/2606 933/2607/2607 934/2608/2608 935/2609/2609
f 934/2610/2610 936/2611/2611 937/2612/2612 935/2613/2613
f 938/2614/2614 939/2615/2615 937/2616/2616 936/2617/2617
f 940/2618/2618 941/2619/2619 942/2620/2620 939/2621/2621 938/2622/2622
f 941/2623/2623 943/2624/2624 944/2625/2625 942/2626/2626
f 945/2627/2627 946/2628/2628 943/2629/2629 941/2630/2630 940/2631/2631
f 946/2632/2632 947/2633/2633 948/2634/2634 944/2635/2635 943/2636/2636
f 945/2637/2637 949/2638/2638 947/2639/2639 946/2640/2640
f 947/2641/2641 949/2642/2642 950/2643/2643 951/2644/2644 948/2645/2645
f 933/2646/2646 929/2647/2647 931/2648/2648 952/2649/2649 953/2650/2650 950/2651/2651 949/2652/2652 945/2653/2653 940/2654/2654 938/2655/2655 936/2656/2656 934/2657/2657
f 930/2658/2658 954/2659/2659 955/2660/2660 952/2661/2661 931/2662/2662
f 927/2663/2663 932/2664/2664 935/2665/2665 937/2666/2666 939/2667/2667 942/2668/2668 944/2669/2669 948/2670/2670 951/2671/2671 956/2672/2672 957/2673/2673 954/2674/2674 930/2675/2675 928/2676/2676
f 953/2677/2677 958/2678/2678 956/2679/2679 951/2680/2680 950/2681/2681
f 953/2682/2682 952/2683/2683 955/2684/2684 959/2685/2685 958/2686/2686
f 959/2687/2687 955/2688/2688 954/2689/2689 957/2690/2690
f 958/2691/2691 959/2692/2692 957/2693/2693 956/2694/2694
o Extruded.068
v -2.08175111 -2.29912758 0.42117572
v -2.09319282 -2.29477882 0.41886762
v -2.09319282 -2.30743599 0.41498750
v -2.09319282 -2.29444003 0.41868782
v -2.09319282 -2.30735660 0.41472819
v -2.08202910 -2.29942369 0.42133290
v -2.10593081 -2.31774235 0.41154441
v -2.10593081 -2.31891179 0.41535881
v -2.06192827 -2.29444003 0.41868782
v -2.06473732 -2.29942369 0.42133290
v -2.08148170 -2.32215977 0.41436312
v -2.08148170 -2.32099032 0.41054872
v -2.13103080 -2.32215977 0.41436312
v -2.13103080 -2.32099032 0.41054872
v -2.14395881 -2.30460548 0.41974443
v -2.14395881 -2.30343604 0.41593000
v -2.14395881 -2.30089664 0.42088139
v -2.14395881 -2.29120040 0.41968131
v -2.14395881 -2.29120040 0.41968092
v -2.13696718 -2.29120040 0.41968131
v -2.13696718 -2.29120040 0.41968092
v -2.13919353 -2.30089664 0.42088139
v -2.13696718 -2.29548526 0.42021164
v -2.13696718 -2.30532837 0.41719419
v -2.13696718 -2.30312562 0.41602519
v -2.13919353 -2.30810952 0.41867027
v -2.13625240 -2.30810952 0.41867027
v -2.13288188 -2.30312562 0.41602519
v -2.12410045 -2.30120516 0.42078680
v -2.12410045 -2.29435635 0.42288628
v -2.12069559 -2.30335402 0.41595519
v -2.12069559 -2.30352545 0.41651410
v -2.12234497 -2.29120040 0.41968092
v -2.12069559 -2.29120040 0.41968092
v -2.12234497 -2.29185534 0.42181700
v -2.12069559 -2.29137182 0.42023984
vt 0.26577780 0.00596421
vt 0.00592885 1
vt 0.99407113 1
vt 0.97408038 0.00000000
vt 0.99403578 1
vt 0 1
vt 0.00000000 0
vt 0.98850298 0
vt 1 0.05942205
vt 0.52680755 0.93202031
vt 0.52680755 1
vt 0 1
vt 0.00000000 0.00000000
vt 0 1
vt 1 1
vt 1 0.93202031
vt 0.63403398 0.05942205
vt 0.64292574 0
vt 0.08985214 0.00000000
vt 0.00596421 1
vt 0.14877403 0
vt 1 0.00000000
vt 1 1
vt -0.00000000 0.00000000
vt 1 0.00000000
vt 1 1
vt -0.00000000 1
vt 1 0.00000000
vt 1 1
vt 0.00000000 1
vt 0.00000000 0.00000000
vt 0.30312076 0
vt 1 0.99989784
vt 1 1
vt 0 1
vt 0.00000000 0.00000000
vt 0 0
vt 1 0
vt 1 1
vt 0 1
vt 0.31843275 0.00000000
vt 0 0.55810177
vt 0 1
vt 1 1
vt 1 0
vt 0.72316730 0.00000000
vt 0 0
vt 0.12385472 1
vt 1 1
vt 1 0.99976885
vt 0.60127705 1
vt 0.00592885 1
vt 0.18162397 0.00000000
vt 0.99407113 0
vt 0.64725506 0.44195524
vt 1 1
vt 0.53398770 1
vt 0 0.00000000
vt 0.64725506 0
vt 1 0.81774527
vt 0.78173125 0.81774527
vt 0.48002139 0.11682094
vt 0.25066918 0.75367278
vt 0.25066918 1
vt 0.09727907 0.50534660
vt 0.06015173 0.50534660
vt 0.06015173 0.76477152
vt 0 0.76477152
vt 0 0.63137323
vt 0.16318941 0
vt 0.78863949 0
vt 0 1
vt 0.81259835 1
vt 0.81259835 0.85346979
vt 1 0
vt 0.00000000 0.00000000
vt 0.61886805 0.89125252
vt 1 0.89125252
vt 0.76163214 0
vt 0.15760089 0
vt 0 0.58926648
vt 0 1
vt 0.08523268 1
vt 0.08523268 0.59968799
vt 0.13503374 0.59968799
vt 0.26348436 1
vt 0.28359398 1
vt 0.28359398 0.59202206
vt 0.46358278 0.10903006
vt 0.61886805 0.45766488
vt 0.12622328 0
vt 0.00000000 0.43999550
vt 0 1
vt 0.75765687 1
vt 1 0.00000000
vt 0.83653349 1
vt 0.27302393 1
vt 0 0
vt 1 0.00000000
vt 1 0.48446274
vt 1 0
vt 0.00000000 0.00000000
vt 0 1
vt 1 1
vt 1 0.00596421
vt 0 0.73990166
vt 0 1
vt 1 1
vn -0.29108980 -0.28039831 0.91468221
vn -0.29108980 -0.28039831 0.91468221
vn -0.29108980 -0.28039831 0.91468221
vn -1 0 0
vn -1 0 0
vn -1 0 0
vn -1 0 0
vn -0.64887691 0.72747856 0.22301053
vn -0.64887691 0.72747856 0.22301053
vn -0.64887691 0.72747856 0.22301053
vn -0.64887691 0.72747856 0.22301053
vn -0.64887691 0.72747856 0.22301053
vn -0.64887691 0.72747856 0.22301053
vn 0.00000000 0.46880782 0.88330019
vn 0.00000000 0.46880782 0.88330019
vn 0.00000000 0.46880782 0.88330019
vn 0.00000000 0.46880782 0.88330019
vn 0.00000000 0.46880782 0.88330019
vn 0.00000000 0.46880782 0.88330019
vn 0.81764483 -0.55043995 -0.16873886
vn 0.81764483 -0.55043995 -0.16873886
vn 0.81764483 -0.55043995 -0.16873886
vn 0.81764483 -0.55043995 -0.16873886
vn 0 -0.95608473 -0.29309037
vn 0 -0.95608473 -0.29309037
vn 0 -0.95608473 -0.29309037
vn 0 -0.95608473 -0.29309037
vn -0.81764483 -0.55043995 -0.16873886
vn -0.81764483 -0.55043995 -0.16873886
vn -0.81764483 -0.55043995 -0.16873886
vn -0.81764483 -0.55043995 -0.16873886
vn -1 0 0
vn -1 0 0
vn -1 0 0
vn -1 0 0
vn -1 0 0
vn 0 0.95608473 0.29309037
vn 0 0.95608473 0.29309037
vn 0 0.95608473 0.29309037
vn 0 0.95608473 0.29309037
vn 0.00000000 0.12283422 0.99242723
vn 0.00000000 0.12283422 0.99242723
vn 0.00000000 0.12283422 0.99242723
vn 0.00000000 0.12283422 0.99242723
vn 0.00000000 0.12283422 0.99242723
vn 1 0 0
vn 1 0 0
vn 1 0 0
vn 1 0 0
vn 1 0 0
vn 0.70710677 -0.20724618 0.67605400
vn 0.70710677 -0.20724618 0.67605400
vn 0.70710677 -0.20724618 0.67605400
vn 0.70710677 -0.20724618 0.67605400
vn 0.00000000 0.46880782 0.88330019
vn 0.00000000 0.46880782 0.88330019
vn 0.00000000 0.46880782 0.88330019
vn 0.00000000 0.46880782 0.88330019
vn 0.00000000 0.46880782 0.88330019
vn 0.00000000 -0.29309037 0.95608473
vn 0.00000000 -0.29309037 0.95608473
vn 0.00000000 -0.29309037 0.95608473
vn 0.00000000 -0.29309037 0.95608473
vn 0.00000000 -0.29309037 0.95608473
vn 0.00000000 -0.29309037 0.95608473
vn 0.00000000 -0.29309037 0.95608473
vn 0.00000000 -0.29309037 0.95608473
vn 0.00000000 -0.29309037 0.95608473
vn 0.00000000 -0.29309037 0.95608473
vn 0.00000000 -0.29309037 0.95608473
vn 0.00000000 -0.29309037 0.95608473
vn 0.71382481 0.66956937 0.20525829
vn 0.71382481 0.66956937 0.20525829
vn 0.71382481 0.66956937 0.20525829
vn 0.71382481 0.66956937 0.20525829
vn 0.71382481 0.66956937 0.20525829
vn -0.00000000 0.29309037 -0.95608473
vn -0.00000000 0.29309037 -0.95608473
vn -0.00000000 0.29309037 -0.95608473
vn -0.00000000 0.29309037 -0.95608473
vn -0.00000000 0.29309037 -0.95608473
vn -0.00000000 0.29309037 -0.95608473
vn -0.00000000 0.29309037 -0.95608473
vn -0.00000000 0.29309037 -0.95608473
vn -0.00000000 0.29309037 -0.95608473
vn -0.00000000 0.29309037 -0.95608473
vn -0.00000000 0.29309037 -0.95608473
vn -0.00000000 0.29309037 -0.95608473
vn -0.00000000 0.29309037 -0.95608473
vn -0.00000000 0.29309037 -0.95608473
vn -0.76390654 0.61698717 0.18913908
vn -0.76390654 0.61698717 0.18913908
vn -0.76390654 0.61698717 0.18913908
vn -0.76390654 0.61698717 0.18913908
vn -0.76390654 0.61698717 0.18913908
vn 0.70710677 -0.20724618 0.67605400
vn 0.70710677 -0.20724618 0.67605400
vn 0.70710677 -0.20724618 0.67605400
vn 0.70710677 -0.20724618 0.67605400
vn 0.70710677 -0.20724618 0.67605400
vn 1 0 0
vn 1 0 0
vn 1 0 0
vn 1 0 0
vn 0 0.95608473 0.29309037
vn 0 0.95608473 0.29309037
vn 0 0.95608473 0.29309037
vn 0 0.95608473 0.29309037
f 960/2695/2695 961/2696/2696 962/2697/2697
f 961/2698/2698 963/2699/2699 964/2700/2700 962/2701/2701
f 965/2702/2702 960/2703/2703 962/2704/2704 964/2705/2705 966/2706/2706 967/2707/2707
f 968/2708/2708 963/2709/2709 961/2710/2710 960/2711/2711 965/2712/2712 969/2713/2713
f 968/2714/2714 969/2715/2715 970/2716/2716 971/2717/2717
f 970/2718/2718 972/2719/2719 973/2720/2720 971/2721/2721
f 974/2722/2722 975/2723/2723 973/2724/2724 972/2725/2725
f 976/2726/2726 977/2727/2727 978/2728/2728 975/2729/2729 974/2730/2730
f 977/2731/2731 979/2732/2732 980/2733/2733 978/2734/2734
f 981/2735/2735 982/2736/2736 979/2737/2737 977/2738/2738 976/2739/2739
f 982/2740/2740 983/2741/2741 984/2742/2742 980/2743/2743 979/2744/2744
f 981/2745/2745 985/2746/2746 983/2747/2747 982/2748/2748
f 983/2749/2749 985/2750/2750 986/2751/2751 987/2752/2752 984/2753/2753
f 969/2754/2754 965/2755/2755 967/2756/2756 988/2757/2757 989/2758/2758 986/2759/2759 985/2760/2760 981/2761/2761 976/2762/2762 974/2763/2763 972/2764/2764 970/2765/2765
f 966/2766/2766 990/2767/2767 991/2768/2768 988/2769/2769 967/2770/2770
f 963/2771/2771 968/2772/2772 971/2773/2773 973/2774/2774 975/2775/2775 978/2776/2776 980/2777/2777 984/2778/2778 987/2779/2779 992/2780/2780 993/2781/2781 990/2782/2782 966/2783/2783 964/2784/2784
f 989/2785/2785 994/2786/2786 992/2787/2787 987/2788/2788 986/2789/2789
f 989/2790/2790 988/2791/2791 991/2792/2792 995/2793/2793 994/2794/2794
f 995/2795/2795 991/2796/2796 990/2797/2797 993/2798/2798
f 994/2799/2799 995/2800/2800 993/2801/2801 992/2802/2802
o Extruded.068
v -2.08165264 -2.28598046 0.42117572
v -2.09309435 -2.28163171 0.41886762
v -2.09309435 -2.29428887 0.41498750
v -2.09309435 -2.28129292 0.41868782
v -2.09309435 -2.29420948 0.41472819
v -2.08193064 -2.28627658 0.42133290
v -2.10583234 -2.30459523 0.41154441
v -2.10583234 -2.30576468 0.41535881
v -2.06182981 -2.28129292 0.41868782
v -2.06463885 -2.28627658 0.42133290
v -2.08138323 -2.30901265 0.41436312
v -2.08138323 -2.30784321 0.41054872
v -2.13093233 -2.30901265 0.41436312
v -2.13093233 -2.30784321 0.41054872
v -2.14386034 -2.29145837 0.41974443
v -2.14386034 -2.29028893 0.41593000
v -2.14386034 -2.28774953 0.42088139
v -2.14386034 -2.27805328 0.41968131
v -2.14386034 -2.27805328 0.41968092
v -2.13686872 -2.27805328 0.41968131
v -2.13686872 -2.27805328 0.41968092
v -2.13909507 -2.28774953 0.42088139
v -2.13686872 -2.28233814 0.42021164
v -2.13686872 -2.29218125 0.41719419
v -2.13686872 -2.28997850 0.41602519
v -2.13909507 -2.29496241 0.41867027
v -2.13615394 -2.29496241 0.41867027
v -2.13278341 -2.28997850 0.41602519
v -2.12400198 -2.28805804 0.42078680
v -2.12400198 -2.28120923 0.42288628
v -2.12059712 -2.29020691 0.41595519
v -2.12059712 -2.29037833 0.41651410
v -2.12224650 -2.27805328 0.41968092
v -2.12059712 -2.27805328 0.41968092
v -2.12224650 -2.27870822 0.42181700
v -2.12059712 -2.27822471 0.42023984
vt 0.26577780 0.00596421
vt 0.00592885 1
vt 0.99407113 1
vt 0.97408038 0.00000000
vt 0.99403578 1
vt 0 1
vt 0.00000000 0
vt 0.98850298 0
vt 1 0.05942205
vt 0.52680755 0.93202031
vt 0.52680755 1
vt 0 1
vt 0.00000000 0.00000000
vt 0 1
vt 1 1
vt 1 0.93202031
vt 0.63403398 0.05942205
vt 0.64292574 0
vt 0.08985214 0.00000000
vt 0.00596421 1
vt 0.14877403 0
vt 1 0.00000000
vt 1 1
vt -0.00000000 0.00000000
vt 1 0.00000000
vt 1 1
vt -0.00000000 1
vt 1 0.00000000
vt 1 1
vt 0.00000000 1
vt 0.00000000 0.00000000
vt 0.30312076 0
vt 1 0.99989784
vt 1 1
vt 0 1
vt 0.00000000 0.00000000
vt 0 0
vt 1 0
vt 1 1
vt 0 1
vt 0.31843275 0.00000000
vt 0 0.55810177
vt 0 1
vt 1 1
vt 1 0
vt 0.72316730 0.00000000
vt 0 0
vt 0.12385472 1
vt 1 1
vt 1 0.99976885
vt 0.60127705 1
vt 0.00592885 1
vt 0.18162397 0.00000000
vt 0.99407113 0
vt 0.64725506 0.44195524
vt 1 1
vt 0.53398770 1
vt 0 0.00000000
vt 0.64725506 0
vt 1 0.81774527
vt 0.78173125 0.81774527
vt 0.48002139 0.11682094
vt 0.25066918 0.75367278
vt 0.25066918 1
vt 0.09727907 0.50534660
vt 0.06015173 0.50534660
vt 0.06015173 0.76477152
vt 0 0.76477152
vt 0 0.63137323
vt 0.16318941 0
vt 0.78863949 0
vt 0 1
vt 0.81259835 1
vt 0.81259835 0.85346979
vt 1 0
vt 0.00000000 0.00000000
vt 0.61886805 0.89125252
vt 1 0.89125252
vt 0.76163214 0
vt 0.15760089 0
vt 0 0.58926648
vt 0 1
vt 0.08523268 1
vt 0.08523268 0.59968799
vt 0.13503374 0.59968799
vt 0.26348436 1
vt 0.28359398 1
vt 0.28359398 0.59202206
vt 0.46358278 0.10903006
vt 0.61886805 0.45766488
vt 0.12622328 0
vt 0.00000000 0.43999550
vt 0 1
vt 0.75765687 1
vt 1 0.00000000
vt 0.83653349 1
vt 0.27302393 1
vt 0 0
vt 1 0.00000000
vt 1 0.48446274
vt 1 0
vt 0.00000000 0.00000000
vt 0 1
vt 1 1
vt 1 0.00596421
vt 0 0.73990166
vt 0 1
vt 1 1
vn -0.29108980 -0.28039831 0.91468221
vn -0.29108980 -0.28039831 0.91468221
vn -0.29108980 -0.28039831 0.91468221
vn -1 0 0
vn -1 0 0
vn -1 0 0
vn -1 0 0
vn -0.64887691 0.72747856 0.22301053
vn -0.64887691 0.72747856 0.22301053
vn -0.64887691 0.72747856 0.22301053
vn -0.64887691 0.72747856 0.22301053
vn -0.64887691 0.72747856 0.22301053
vn -0.64887691 0.72747856 0.22301053
vn 0.00000000 0.46880782 0.88330019
vn 0.00000000 0.46880782 0.88330019
vn 0.00000000 0.46880782 0.88330019
vn 0.00000000 0.46880782 0.88330019
vn 0.00000000 0.46880782 0.88330019
vn 0.00000000 0.46880782 0.88330019
vn 0.81764483 -0.55043995 -0.16873886
vn 0.81764483 -0.55043995 -0.16873886
vn 0.81764483 -0.55043995 -0.16873886
vn 0.81764483 -0.55043995 -0.16873886
vn 0 -0.95608473 -0.29309037
vn 0 -0.95608473 -0.29309037
vn 0 -0.95608473 -0.29309037
vn 0 -0.95608473 -0.29309037
vn -0.81764483 -0.55043995 -0.16873886
vn -0.81764483 -0.55043995 -0.16873886
vn -0.81764483 -0.55043995 -0.16873886
vn -0.81764483 -0.55043995 -0.16873886
vn -1 0 0
vn -1 0 0
vn -1 0 0
vn -1 0 0
vn -1 0 0
vn 0 0.95608473 0.29309037
vn 0 0.95608473 0.29309037
vn 0 0.95608473 0.29309037
vn 0 0.95608473 0.29309037
vn 0.00000000 0.12283422 0.99242723
vn 0.00000000 0.12283422 0.99242723
vn 0.00000000 0.12283422 0.99242723
vn 0.00000000 0.12283422 0.99242723
vn 0.00000000 0.12283422 0.99242723
vn 1 0 0
vn 1 0 0
vn 1 0 0
vn 1 0 0
vn 1 0 0
vn 0.70710677 -0.20724618 0.67605400
vn 0.70710677 -0.20724618 0.67605400
vn 0.70710677 -0.20724618 0.67605400
vn 0.70710677 -0.20724618 0.67605400
vn 0.00000000 0.46880782 0.88330019
vn 0.00000000 0.46880782 0.88330019
vn 0.00000000 0.46880782 0.88330019
vn 0.00000000 0.46880782 0.88330019
vn 0.00000000 0.46880782 0.88330019
vn 0.00000000 -0.29309037 0.95608473
vn 0.00000000 -0.29309037 0.95608473
vn 0.00000000 -0.29309037 0.95608473
vn 0.00000000 -0.29309037 0.95608473
vn 0.00000000 -0.29309037 0.95608473
vn 0.00000000 -0.29309037 0.95608473
vn 0.00000000 -0.29309037 0.95608473
vn 0.00000000 -0.29309037 0.95608473
vn 0.00000000 -0.29309037 0.95608473
vn 0.00000000 -0.29309037 0.95608473
vn 0.00000000 -0.29309037 0.95608473
vn 0.00000000 -0.29309037 0.95608473
vn 0.71382481 0.66956937 0.20525829
vn 0.71382481 0.66956937 0.20525829
vn 0.71382481 0.66956937 0.20525829
vn 0.71382481 0.66956937 0.20525829
vn 0.71382481 0.66956937 0.20525829
vn -0.00000000 0.29309037 -0.95608473
vn -0.00000000 0.29309037 -0.95608473
vn -0.00000000 0.29309037 -0.95608473
vn -0.00000000 0.29309037 -0.95608473
vn -0.00000000 0.29309037 -0.95608473
vn -0.00000000 0.29309037 -0.95608473
vn -0.00000000 0.29309037 -0.95608473
vn -0.00000000 0.29309037 -0.95608473
vn -0.00000000 0.29309037 -0.95608473
vn -0.00000000 0.29309037 -0.95608473
vn -0.00000000 0.29309037 -0.95608473
vn -0.00000000 0.29309037 -0.95608473
vn -0.00000000 0.29309037 -0.95608473
vn -0.00000000 0.29309037 -0.95608473
vn -0.76390654 0.61698717 0.18913908
vn -0.76390654 0.61698717 0.18913908
vn -0.76390654 0.61698717 0.18913908
vn -0.76390654 0.61698717 0.18913908
vn -0.76390654 0.61698717 0.18913908
vn 0.70710677 -0.20724618 0.67605400
vn 0.70710677 -0.20724618 0.67605400
vn 0.70710677 -0.20724618 0.67605400
vn 0.70710677 -0.20724618 0.67605400
vn 0.70710677 -0.20724618 0.67605400
vn 1 0 0
vn 1 0 0
vn 1 0 0
vn 1 0 0
vn 0 0.95608473 0.29309037
vn 0 0.95608473 0.29309037
vn 0 0.95608473 0.29309037
vn 0 0.95608473 0.29309037
f 996/2803/2803 997/2804/2804 998/2805/2805
f 997/2806/2806 999/2807/2807 1000/2808/2808 998/2809/2809
f 1001/2810/2810 996/2811/2811 998/2812/2812 1000/2813/2813 1002/2814/2814 1003/2815/2815
f 1004/2816/2816 999/2817/2817 997/2818/2818 996/2819/2819 1001/2820/2820 1005/2821/2821
f 1004/2822/2822 1005/2823/2823 1006/2824/2824 1007/2825/2825
f 1006/2826/2826 1008/2827/2827 1009/2828/2828 1007/2829/2829
f 1010/2830/2830 1011/2831/2831 1009/2832/2832 1008/2833/2833
f 1012/2834/2834 1013/2835/2835 1014/2836/2836 1011/2837/2837 1010/2838/2838
f 1013/2839/2839 1015/2840/2840 1016/2841/2841 1014/2842/2842
f 1017/2843/2843 1018/2844/2844 1015/2845/2845 1013/2846/2846 1012/2847/2847
f 1018/2848/2848 1019/2849/2849 1020/2850/2850 1016/2851/2851 1015/2852/2852
f 1017/2853/2853 1021/2854/2854 1019/2855/2855 1018/2856/2856
f 1019/2857/2857 1021/2858/2858 1022/2859/2859 1023/2860/2860 1020/2861/2861
f 1005/2862/2862 1001/2863/2863 1003/2864/2864 1024/2865/2865 1025/2866/2866 1022/2867/2867 1021/2868/2868 1017/2869/2869 1012/2870/2870 1010/2871/2871 1008/2872/2872 1006/2873/2873
f 1002/2874/2874 1026/2875/2875 1027/2876/2876 1024/2877/2877 1003/2878/2878
f 999/2879/2879 1004/2880/2880 1007/2881/2881 1009/2882/2882 1011/2883/2883 1014/2884/2884 1016/2885/2885 1020/2886/2886 1023/2887/2887 1028/2888/2888 1029/2889/2889 1026/2890/2890 1002/2891/2891 1000/2892/2892
f 1025/2893/2893 1030/2894/2894 1028/2895/2895 1023/2896/2896 1022/2897/2897
f 1025/2898/2898 1024/2899/2899 1027/2900/2900 1031/2901/2901 1030/2902/2902
f 1031/2903/2903 1027/2904/2904 1026/2905/2905 1029/2906/2906
f 1030/2907/2907 1031/2908/2908 1029/2909/2909 1028/2910/2910
o Extruded.068
v -2.08155417 -2.27283311 0.42117572
v -2.09299588 -2.26848435 0.41886762
v -2.09299588 -2.28114152 0.41498750
v -2.09299588 -2.26814556 0.41868782
v -2.09299588 -2.28106213 0.41472819
v -2.08183217 -2.27312922 0.42133290
v -2.10573387 -2.29144788 0.41154441
v -2.10573387 -2.29261732 0.41535881
v -2.06173134 -2.26814556 0.41868782
v -2.06454039 -2.27312922 0.42133290
v -2.08128476 -2.29586530 0.41436312
v -2.08128476 -2.29469585 0.41054872
v -2.13083386 -2.29586530 0.41436312
v -2.13083386 -2.29469585 0.41054872
v -2.14376187 -2.27831101 0.41974443
v -2.14376187 -2.27714157 0.41593000
v -2.14376187 -2.27460217 0.42088139
v -2.14376187 -2.26490593 0.41968131
v -2.14376187 -2.26490593 0.41968092
v -2.13677025 -2.26490593 0.41968131
v -2.13677025 -2.26490593 0.41968092
v -2.13899660 -2.27460217 0.42088139
v -2.13677025 -2.26919079 0.42021164
v -2.13677025 -2.27903390 0.41719419
v -2.13677025 -2.27683115 0.41602519
v -2.13899660 -2.28181505 0.41867027
v -2.13605547 -2.28181505 0.41867027
v -2.13268495 -2.27683115 0.41602519
v -2.12390351 -2.27491069 0.42078680
v -2.12390351 -2.26806188 0.42288628
v -2.12049866 -2.27705956 0.41595519
v -2.12049866 -2.27723098 0.41651410
v -2.12214804 -2.26490593 0.41968092
v -2.12049866 -2.26490593 0.41968092
v -2.12214804 -2.26556087 0.42181700
v -2.12049866 -2.26507735 0.42023984
vt 0.26577780 0.00596421
vt 0.00592885 1
vt 0.99407113 1
vt 0.97408038 0.00000000
vt 0.99403578 1
vt 0 1
vt 0.00000000 0
vt 0.98850298 0
vt 1 0.05942205
vt 0.52680755 0.93202031
vt 0.52680755 1
vt 0 1
vt 0.00000000 0.00000000
vt 0 1
vt 1 1
vt 1 0.93202031
vt 0.63403398 0.05942205
vt 0.64292574 0
vt 0.08985214 0.00000000
vt 0.00596421 1
vt 0.14877403 0
vt 1 0.00000000
vt 1 1
vt -0.00000000 0.00000000
vt 1 0.00000000
vt 1 1
vt -0.00000000 1
vt 1 0.00000000
vt 1 1
vt 0.00000000 1
vt 0.00000000 0.00000000
vt 0.30312076 0
vt 1 0.99989784
vt 1 1
vt 0 1
vt 0.00000000 0.00000000
vt 0 0
vt 1 0
vt 1 1
vt 0 1
vt 0.31843275 0.00000000
vt 0 0.55810177
vt 0 1
vt 1 1
vt 1 0
vt 0.72316730 0.00000000
vt 0 0
vt 0.12385472 1
vt 1 1
vt 1 0.99976885
vt 0.60127705 1
vt 0.00592885 1
vt 0.18162397 0.00000000
vt 0.99407113 0
vt 0.64725506 0.44195524
vt 1 1
vt 0.53398770 1
vt 0 0.00000000
vt 0.64725506 0
vt 1 0.81774527
vt 0.78173125 0.81774527
vt 0.48002139 0.11682094
vt 0.25066918 0.75367278
vt 0.25066918 1
vt 0.09727907 0.50534660
vt 0.06015173 0.50534660
vt 0.06015173 0.76477152
vt 0 0.76477152
vt 0 0.63137323
vt 0.16318941 0
vt 0.78863949 0
vt 0 1
vt 0.81259835 1
vt 0.81259835 0.85346979
vt 1 0
vt 0.00000000 0.00000000
vt 0.61886805 0.89125252
vt 1 0.89125252
vt 0.76163214 0
vt 0.15760089 0
vt 0 0.58926648
vt 0 1
vt 0.08523268 1
vt 0.08523268 0.59968799
vt 0.13503374 0.59968799
vt 0.26348436 1
vt 0.28359398 1
vt 0.28359398 0.59202206
vt 0.46358278 0.10903006
vt 0.61886805 0.45766488
vt 0.12622328 0
vt 0.00000000 0.43999550
vt 0 1
vt 0.75765687 1
vt 1 0.00000000
vt 0.83653349 1
vt 0.27302393 1
vt 0 0
vt 1 0.00000000
vt 1 0.48446274
vt 1 0
vt 0.00000000 0.00000000
vt 0 1
vt 1 1
vt 1 0.00596421
vt 0 0.73990166
vt 0 1
vt 1 1
vn -0.29108980 -0.28039831 0.91468221
vn -0.29108980 -0.28039831 0.91468221
vn -0.29108980 -0.28039831 0.91468221
vn -1 0 0
vn -1 0 0
vn -1 0 0
vn -1 0 0
vn -0.64887691 0.72747856 0.22301053
vn -0.64887691 0.72747856 0.22301053
vn -0.64887691 0.72747856 0.22301053
vn -0.64887691 0.72747856 0.22301053
vn -0.64887691 0.72747856 0.22301053
vn -0.64887691 0.72747856 0.22301053
vn 0.00000000 0.46880782 0.88330019
vn 0.00000000 0.46880782 0.88330019
vn 0.00000000 0.46880782 0.88330019
vn 0.00000000 0.46880782 0.88330019
vn 0.00000000 0.46880782 0.88330019
vn 0.00000000 0.46880782 0.88330019
vn 0.81764483 -0.55043995 -0.16873886
vn 0.81764483 -0.55043995 -0.16873886
vn 0.81764483 -0.55043995 -0.16873886
vn 0.81764483 -0.55043995 -0.16873886
vn 0 -0.95608473 -0.29309037
vn 0 -0.95608473 -0.29309037
vn 0 -0.95608473 -0.29309037
vn 0 -0.95608473 -0.29309037
vn -0.81764483 -0.55043995 -0.16873886
vn -0.81764483 -0.55043995 -0.16873886
vn -0.81764483 -0.55043995 -0.16873886
vn -0.81764483 -0.55043995 -0.16873886
vn -1 0 0
vn -1 0 0
vn -1 0 0
vn -1 0 0
vn -1 0 0
vn 0 0.95608473 0.29309037
vn 0 0.95608473 0.29309037
vn 0 0.95608473 0.29309037
vn 0 0.95608473 0.29309037
vn 0.00000000 0.12283422 0.99242723
vn 0.00000000 0.12283422 0.99242723
vn 0.00000000 0.12283422 0.99242723
vn 0.00000000 0.12283422 0.99242723
vn 0.00000000 0.12283422 0.99242723
vn 1 0 0
vn 1 0 0
vn 1 0 0
vn 1 0 0
vn 1 0 0
vn 0.70710677 -0.20724618 0.67605400
vn 0.70710677 -0.20724618 0.67605400
vn 0.70710677 -0.20724618 0.67605400
vn 0.70710677 -0.20724618 0.67605400
vn 0.00000000 0.46880782 0.88330019
vn 0.00000000 0.46880782 0.88330019
vn 0.00000000 0.46880782 0.88330019
vn 0.00000000 0.46880782 0.88330019
vn 0.00000000 0.46880782 0.88330019
vn 0.00000000 -0.29309037 0.95608473
vn 0.00000000 -0.29309037 0.95608473
vn 0.00000000 -0.29309037 0.95608473
vn 0.00000000 -0.29309037 0.95608473
vn 0.00000000 -0.29309037 0.95608473
vn 0.00000000 -0.29309037 0.95608473
vn 0.00000000 -0.29309037 0.95608473
vn 0.00000000 -0.29309037 0.95608473
vn 0.00000000 -0.29309037 0.95608473
vn 0.00000000 -0.29309037 0.95608473
vn 0.00000000 -0.29309037 0.95608473
vn 0.00000000 -0.29309037 0.95608473
vn 0.71382481 0.66956937 0.20525829
vn 0.71382481 0.66956937 0.20525829
vn 0.71382481 0.66956937 0.20525829
vn 0.71382481 0.66956937 0.20525829
vn 0.71382481 0.66956937 0.20525829
vn -0.00000000 0.29309037 -0.95608473
vn -0.00000000 0.29309037 -0.95608473
vn -0.00000000 0.29309037 -0.95608473
vn -0.00000000 0.29309037 -0.95608473
vn -0.00000000 0.29309037 -0.95608473
vn -0.00000000 0.29309037 -0.95608473
vn -0.00000000 0.29309037 -0.95608473
vn -0.00000000 0.29309037 -0.95608473
vn -0.00000000 0.29309037 -0.95608473
vn -0.00000000 0.29309037 -0.95608473
vn -0.00000000 0.29309037 -0.95608473
vn -0.00000000 0.29309037 -0.95608473
vn -0.00000000 0.29309037 -0.95608473
vn -0.00000000 0.29309037 -0.95608473
vn -0.76390654 0.61698717 0.18913908
vn -0.76390654 0.61698717 0.18913908
vn -0.76390654 0.61698717 0.18913908
vn -0.76390654 0.61698717 0.18913908
vn -0.76390654 0.61698717 0.18913908
vn 0.70710677 -0.20724618 0.67605400
vn 0.70710677 -0.20724618 0.67605400
vn 0.70710677 -0.20724618 0.67605400
vn 0.70710677 -0.20724618 0.67605400
vn 0.70710677 -0.20724618 0.67605400
vn 1 0 0
vn 1 0 0
vn 1 0 0
vn 1 0 0
vn 0 0.95608473 0.29309037
vn 0 0.95608473 0.29309037
vn 0 0.95608473 0.29309037
vn 0 0.95608473 0.29309037
f 1032/2911/2911 1033/2912/2912 1034/2913/2913
f 1033/2914/2914 1035/2915/2915 1036/2916/2916 1034/2917/2917
f 1037/2918/2918 1032/2919/2919 1034/2920/2920 1036/2921/2921 1038/2922/2922 1039/2923/2923
f 1040/2924/2924 1035/2925/2925 1033/2926/2926 1032/2927/2927 1037/2928/2928 1041/2929/2929
f 1040/2930/2930 1041/2931/2931 1042/2932/2932 1043/2933/2933
f 1042/2934/2934 1044/2935/2935 1045/2936/2936 1043/2937/2937
f 1046/2938/2938 1047/2939/2939 1045/2940/2940 1044/2941/2941
f 1048/2942/2942 1049/2943/2943 1050/2944/2944 1047/2945/2945 1046/2946/2946
f 1049/2947/2947 1051/2948/2948 1052/2949/2949 1050/2950/2950
f 1053/2951/2951 1054/2952/2952 1051/2953/2953 1049/2954/2954 1048/2955/2955
f 1054/2956/2956 1055/2957/2957 1056/2958/2958 1052/2959/2959 1051/2960/2960
f 1053/2961/2961 1057/2962/2962 1055/2963/2963 1054/2964/2964
f 1055/2965/2965 1057/2966/2966 1058/2967/2967 1059/2968/2968 1056/2969/2969
f 1041/2970/2970 1037/2971/2971 1039/2972/2972 1060/2973/2973 1061/2974/2974 1058/2975/2975 1057/2976/2976 1053/2977/2977 1048/2978/2978 1046/2979/2979 1044/2980/2980 1042/2981/2981
f 1038/2982/2982 1062/2983/2983 1063/2984/2984 1060/2985/2985 1039/2986/2986
f 1035/2987/2987 1040/2988/2988 1043/2989/2989 1045/2990/2990 1047/2991/2991 1050/2992/2992 1052/2993/2993 1056/2994/2994 1059/2995/2995 1064/2996/2996 1065/2997/2997 1062/2998/2998 1038/2999/2999 1036/3000/3000
f 1061/3001/3001 1066/3002/3002 1064/3003/3003 1059/3004/3004 1058/3005/3005
f 1061/3006/3006 1060/3007/3007 1063/3008/3008 1067/3009/3009 1066/3010/3010
f 1067/3011/3011 1063/3012/3012 1062/3013/3013 1065/3014/3014
f 1066/3015/3015 1067/3016/3016 1065/3017/3017 1064/3018/3018
o Extruded.068
v -2.08145571 -2.25968599 0.42117572
v -2.09289742 -2.25533724 0.41886762
v -2.09289742 -2.26799440 0.41498750
v -2.09289742 -2.25499845 0.41868782
v -2.09289742 -2.26791501 0.41472819
v -2.08173370 -2.25998211 0.42133290
v -2.10563540 -2.27830076 0.41154441
v -2.10563540 -2.27947021 0.41535881
v -2.06163287 -2.25499845 0.41868782
v -2.06444192 -2.25998211 0.42133290
v -2.08118629 -2.28271818 0.41436312
v -2.08118629 -2.28154874 0.41054872
v -2.13073540 -2.28271818 0.41436312
v -2.13073540 -2.28154874 0.41054872
v -2.14366341 -2.26516390 0.41974443
v -2.14366341 -2.26399446 0.41593000
v -2.14366341 -2.26145506 0.42088139
v -2.14366341 -2.25175881 0.41968131
v -2.14366341 -2.25175881 0.41968092
v -2.13667178 -2.25175881 0.41968131
v -2.13667178 -2.25175881 0.41968092
v -2.13889813 -2.26145506 0.42088139
v -2.13667178 -2.25604367 0.42021164
v -2.13667178 -2.26588678 0.41719419
v -2.13667178 -2.26368403 0.41602519
v -2.13889813 -2.26866794 0.41867027
v -2.13595700 -2.26866794 0.41867027
v -2.13258648 -2.26368403 0.41602519
v -2.12380505 -2.26176357 0.42078680
v -2.12380505 -2.25491476 0.42288628
v -2.12040019 -2.26391244 0.41595519
v -2.12040019 -2.26408386 0.41651410
v -2.12204957 -2.25175881 0.41968092
v -2.12040019 -2.25175881 0.41968092
v -2.12204957 -2.25241375 0.42181700
v -2.12040019 -2.25193024 0.42023984
vt 0.26577780 0.00596421
vt 0.00592885 1
vt 0.99407113 1
vt 0.97408038 0.00000000
vt 0.99403578 1
vt 0 1
vt 0.00000000 0
vt 0.98850298 0
vt 1 0.05942205
vt 0.52680755 0.93202031
vt 0.52680755 1
vt 0 1
vt 0.00000000 0.00000000
vt 0 1
vt 1 1
vt 1 0.93202031
vt 0.63403398 0.05942205
vt 0.64292574 0
vt 0.08985214 0.00000000
vt 0.00596421 1
vt 0.14877403 0
vt 1 0.00000000
vt 1 1
vt -0.00000000 0.00000000
vt 1 0.00000000
vt 1 1
vt -0.00000000 1
vt 1 0.00000000
vt 1 1
vt 0.00000000 1
vt 0.00000000 0.00000000
vt 0.30312076 0
vt 1 0.99989784
vt 1 1
vt 0 1
vt 0.00000000 0.00000000
vt 0 0
vt 1 0
vt 1 1
vt 0 1
vt 0.31843275 0.00000000
vt 0 0.55810177
vt 0 1
vt 1 1
vt 1 0
vt 0.72316730 0.00000000
vt 0 0
vt 0.12385472 1
vt 1 1
vt 1 0.99976885
vt 0.60127705 1
vt 0.00592885 1
vt 0.18162397 0.00000000
vt 0.99407113 0
vt 0.64725506 0.44195524
vt 1 1
vt 0.53398770 1
vt 0 0.00000000
vt 0.64725506 0
vt 1 0.81774527
vt 0.78173125 0.81774527
vt 0.48002139 0.11682094
vt 0.25066918 0.75367278
vt 0.25066918 1
vt 0.09727907 0.50534660
vt 0.06015173 0.50534660
vt 0.06015173 0.76477152
vt 0 0.76477152
vt 0 0.63137323
vt 0.16318941 0
vt 0.78863949 0
vt 0 1
vt 0.81259835 1
vt 0.81259835 0.85346979
vt 1 0
vt 0.00000000 0.00000000
vt 0.61886805 0.89125252
vt 1 0.89125252
vt 0.76163214 0
vt 0.15760089 0
vt 0 0.58926648
vt 0 1
vt 0.08523268 1
vt 0.08523268 0.59968799
vt 0.13503374 0.59968799
vt 0.26348436 1
vt 0.28359398 1
vt 0.28359398 0.59202206
vt 0.46358278 0.10903006
vt 0.61886805 0.45766488
vt 0.12622328 0
vt 0.00000000 0.43999550
vt 0 1
vt 0.75765687 1
vt 1 0.00000000
vt 0.83653349 1
vt 0.27302393 1
vt 0 0
vt 1 0.00000000
vt 1 0.48446274
vt 1 0
vt 0.00000000 0.00000000
vt 0 1
vt 1 1
vt 1 0.00596421
vt 0 0.73990166
vt 0 1
vt 1 1
vn -0.29108980 -0.28039831 0.91468221
vn -0.29108980 -0.28039831 0.91468221
vn -0.29108980 -0.28039831 0.91468221
vn -1 0 0
vn -1 0 0
vn -1 0 0
vn -1 0 0
vn -0.64887691 0.72747856 0.22301053
vn -0.64887691 0.72747856 0.22301053
vn -0.64887691 0.72747856 0.22301053
vn -0.64887691 0.72747856 0.22301053
vn -0.64887691 0.72747856 0.22301053
vn -0.64887691 0.72747856 0.22301053
vn 0.00000000 0.46880782 0.88330019
vn 0.00000000 0.46880782 0.88330019
vn 0.00000000 0.46880782 0.88330019
vn 0.00000000 0.46880782 0.88330019
vn 0.00000000 0.46880782 0.88330019
vn 0.00000000 0.46880782 0.88330019
vn 0.81764483 -0.55043995 -0.16873886
vn 0.81764483 -0.55043995 -0.16873886
vn 0.81764483 -0.55043995 -0.16873886
vn 0.81764483 -0.55043995 -0.16873886
vn 0 -0.95608473 -0.29309037
vn 0 -0.95608473 -0.29309037
vn 0 -0.95608473 -0.29309037
vn 0 -0.95608473 -0.29309037
vn -0.81764483 -0.55043995 -0.16873886
vn -0.81764483 -0.55043995 -0.16873886
vn -0.81764483 -0.55043995 -0.16873886
vn -0.81764483 -0.55043995 -0.16873886
vn -1 0 0
vn -1 0 0
vn -1 0 0
vn -1 0 0
vn -1 0 0
vn 0 0.95608473 0.29309037
vn 0 0.95608473 0.29309037
vn 0 0.95608473 0.29309037
vn 0 0.95608473 0.29309037
vn 0.00000000 0.12283422 0.99242723
vn 0.00000000 0.12283422 0.99242723
vn 0.00000000 0.12283422 0.99242723
vn 0.00000000 0.12283422 0.99242723
vn 0.00000000 0.12283422 0.99242723
vn 1 0 0
vn 1 0 0
vn 1 0 0
vn 1 0 0
vn 1 0 0
vn 0.70710677 -0.20724618 0.67605400
vn 0.70710677 -0.20724618 0.67605400
vn 0.70710677 -0.20724618 0.67605400
vn 0.70710677 -0.20724618 0.67605400
vn 0.00000000 0.46880782 0.88330019
vn 0.00000000 0.46880782 0.88330019
vn 0.00000000 0.46880782 0.88330019
vn 0.00000000 0.46880782 0.88330019
vn 0.00000000 0.46880782 0.88330019
vn 0.00000000 -0.29309037 0.95608473
vn 0.00000000 -0.29309037 0.95608473
vn 0.00000000 -0.29309037 0.95608473
vn 0.00000000 -0.29309037 0.95608473
vn 0.00000000 -0.29309037 0.95608473
vn 0.00000000 -0.29309037 0.95608473
vn 0.00000000 -0.29309037 0.95608473
vn 0.00000000 -0.29309037 0.95608473
vn 0.00000000 -0.29309037 0.95608473
vn 0.00000000 -0.29309037 0.95608473
vn 0.00000000 -0.29309037 0.95608473
vn 0.00000000 -0.29309037 0.95608473
vn 0.71382481 0.66956937 0.20525829
vn 0.71382481 0.66956937 0.20525829
vn 0.71382481 0.66956937 0.20525829
vn 0.71382481 0.66956937 0.20525829
vn 0.71382481 0.66956937 0.20525829
vn -0.00000000 0.29309037 -0.95608473
vn -0.00000000 0.29309037 -0.95608473
vn -0.00000000 0.29309037 -0.95608473
vn -0.00000000 0.29309037 -0.95608473
vn -0.00000000 0.29309037 -0.95608473
vn -0.00000000 0.29309037 -0.95608473
vn -0.00000000 0.29309037 -0.95608473
vn -0.00000000 0.29309037 -0.95608473
vn -0.00000000 0.29309037 -0.95608473
vn -0.00000000 0.29309037 -0.95608473
vn -0.00000000 0.29309037 -0.95608473
vn -0.00000000 0.29309037 -0.95608473
vn -0.00000000 0.29309037 -0.95608473
vn -0.00000000 0.29309037 -0.95608473
vn -0.76390654 0.61698717 0.18913908
vn -0.76390654 0.61698717 0.18913908
vn -0.76390654 0.61698717 0.18913908
vn -0.76390654 0.61698717 0.18913908
vn -0.76390654 0.61698717 0.18913908
vn 0.70710677 -0.20724618 0.67605400
vn 0.70710677 -0.20724618 0.67605400
vn 0.70710677 -0.20724618 0.67605400
vn 0.70710677 -0.20724618 0.67605400
vn 0.70710677 -0.20724618 0.67605400
vn 1 0 0
vn 1 0 0
vn 1 0 0
vn 1 0 0
vn 0 0.95608473 0.29309037
vn 0 0.95608473 0.29309037
vn 0 0.95608473 0.29309037
vn 0 0.95608473 0.29309037
f 1068/3019/3019 1069/3020/3020 1070/3021/3021
f 1069/3022/3022 1071/3023/3023 1072/3024/3024 1070/3025/3025
f 1073/3026/3026 1068/3027/3027 1070/3028/3028 1072/3029/3029 1074/3030/3030 1075/3031/3031
f 1076/3032/3032 1071/3033/3033 1069/3034/3034 1068/3035/3035 1073/3036/3036 1077/3037/3037
f 1076/3038/3038 1077/3039/3039 1078/3040/3040 1079/3041/3041
f 1078/3042/3042 1080/3043/3043 1081/3044/3044 1079/3045/3045
f 1082/3046/3046 1083/3047/3047 1081/3048/3048 1080/3049/3049
f 1084/3050/3050 1085/3051/3051 1086/3052/3052 1083/3053/3053 1082/3054/3054
f 1085/3055/3055 1087/3056/3056 1088/3057/3057 1086/3058/3058
f 1089/3059/3059 1090/3060/3060 1087/3061/3061 1085/3062/3062 1084/3063/3063
f 1090/3064/3064 1091/3065/3065 1092/3066/3066 1088/3067/3067 1087/3068/3068
f 1089/3069/3069 1093/3070/3070 1091/3071/3071 1090/3072/3072
f 1091/3073/3073 1093/3074/3074 1094/3075/3075 1095/3076/3076 1092/3077/3077
f 1077/3078/3078 1073/3079/3079 1075/3080/3080 1096/3081/3081 1097/3082/3082 1094/3083/3083 1093/3084/3084 1089/3085/3085 1084/3086/3086 1082/3087/3087 1080/3088/3088 1078/3089/3089
f 1074/3090/3090 1098/3091/3091 1099/3092/3092 1096/3093/3093 1075/3094/3094
f 1071/3095/3095 1076/3096/3096 1079/3097/3097 1081/3098/3098 1083/3099/3099 1086/3100/3100 1088/3101/3101 1092/3102/3102 1095/3103/3103 1100/3104/3104 1101/3105/3105 1098/3106/3106 1074/3107/3107 1072/3108/3108
f 1097/3109/3109 1102/3110/3110 1100/3111/3111 1095/3112/3112 1094/3113/3113
f 1097/3114/3114 1096/3115/3115 1099/3116/3116 1103/3117/3117 1102/3118/3118
f 1103/3119/3119 1099/3120/3120 1098/3121/3121 1101/3122/3122
f 1102/3123/3123 1103/3124/3124 1101/3125/3125 1100/3126/3126
o Extruded.068
v -2.08135724 -2.24653888 0.42117572
v -2.09279895 -2.24219012 0.41886762
v -2.09279895 -2.25484729 0.41498750
v -2.09279895 -2.24185133 0.41868782
v -2.09279895 -2.25476789 0.41472819
v -2.08163524 -2.24683499 0.42133290
v -2.10553694 -2.26515365 0.41154441
v -2.10553694 -2.26632309 0.41535881
v -2.06153440 -2.24185133 0.41868782
v -2.06434345 -2.24683499 0.42133290
v -2.08108783 -2.26957107 0.41436312
v -2.08108783 -2.26840162 0.41054872
v -2.13063693 -2.26957107 0.41436312
v -2.13063693 -2.26840162 0.41054872
v -2.14356494 -2.25201678 0.41974443
v -2.14356494 -2.25084734 0.41593000
v -2.14356494 -2.24830794 0.42088139
v -2.14356494 -2.23861170 0.41968131
v -2.14356494 -2.23861170 0.41968092
v -2.13657331 -2.23861170 0.41968131
v -2.13657331 -2.23861170 0.41968092
v -2.13879967 -2.24830794 0.42088139
v -2.13657331 -2.24289656 0.42021164
v -2.13657331 -2.25273967 0.41719419
v -2.13657331 -2.25053692 0.41602519
v -2.13879967 -2.25552082 0.41867027
v -2.13585854 -2.25552082 0.41867027
v -2.13248801 -2.25053692 0.41602519
v -2.12370658 -2.24861646 0.42078680
v -2.12370658 -2.24176764 0.42288628
v -2.12030172 -2.25076532 0.41595519
v -2.12030172 -2.25093675 0.41651410
v -2.12195110 -2.23861170 0.41968092
v -2.12030172 -2.23861170 0.41968092
v -2.12195110 -2.23926663 0.42181700
v -2.12030172 -2.23878312 0.42023984
vt 0.26577780 0.00596421
vt 0.00592885 1
vt 0.99407113 1
vt 0.97408038 0.00000000
vt 0.99403578 1
vt 0 1
vt 0.00000000 0
vt 0.98850298 0
vt 1 0.05942205
vt 0.52680755 0.93202031
vt 0.52680755 1
vt 0 1
vt 0.00000000 0.00000000
vt 0 1
vt 1 1
vt 1 0.93202031
vt 0.63403398 0.05942205
vt 0.64292574 0
vt 0.08985214 0.00000000
vt 0.00596421 1
vt 0.14877403 0
vt 1 0.00000000
vt 1 1
vt -0.00000000 0.00000000
vt 1 0.00000000
vt 1 1
vt -0.00000000 1
vt 1 0.00000000
vt 1 1
vt 0.00000000 1
vt 0.00000000 0.00000000
vt 0.30312076 0
vt 1 0.99989784
vt 1 1
vt 0 1
vt 0.00000000 0.00000000
vt 0 0
vt 1 0
vt 1 1
vt 0 1
vt 0.31843275 0.00000000
vt 0 0.55810177
vt 0 1
vt 1 1
vt 1 0
vt 0.72316730 0.00000000
vt 0 0
vt 0.12385472 1
vt 1 1
vt 1 0.99976885
vt 0.60127705 1
vt 0.00592885 1
vt 0.18162397 0.00000000
vt 0.99407113 0
vt 0.64725506 0.44195524
vt 1 1
vt 0.53398770 1
vt 0 0.00000000
vt 0.64725506 0
vt 1 0.81774527
vt 0.78173125 0.81774527
vt 0.48002139 0.11682094
vt 0.25066918 0.75367278
vt 0.25066918 1
vt 0.09727907 0.50534660
vt 0.06015173 0.50534660
vt 0.06015173 0.76477152
vt 0 0.76477152
vt 0 0.63137323
vt 0.16318941 0
vt 0.78863949 0
vt 0 1
vt 0.81259835 1
vt 0.81259835 0.85346979
vt 1 0
vt 0.00000000 0.00000000
vt 0.61886805 0.89125252
vt 1 0.89125252
vt 0.76163214 0
vt 0.15760089 0
vt 0 0.58926648
vt 0 1
vt 0.08523268 1
vt 0.08523268 0.59968799
vt 0.13503374 0.59968799
vt 0.26348436 1
vt 0.28359398 1
vt 0.28359398 0.59202206
vt 0.46358278 0.10903006
vt 0.61886805 0.45766488
vt 0.12622328 0
vt 0.00000000 0.43999550
vt 0 1
vt 0.75765687 1
vt 1 0.00000000
vt 0.83653349 1
vt 0.27302393 1
vt 0 0
vt 1 0.00000000
vt 1 0.48446274
vt 1 0
vt 0.00000000 0.00000000
vt 0 1
vt 1 1
vt 1 0.00596421
vt 0 0.73990166
vt 0 1
vt 1 1
vn -0.29108980 -0.28039831 0.91468221
vn -0.29108980 -0.28039831 0.91468221
vn -0.29108980 -0.28039831 0.91468221
vn -1 0 0
vn -1 0 0
vn -1 0 0
vn -1 0 0
vn -0.64887691 0.72747856 0.22301053
vn -0.64887691 0.72747856 0.22301053
vn -0.64887691 0.72747856 0.22301053
vn -0.64887691 0.72747856 0.22301053
vn -0.64887691 0.72747856 0.22301053
vn -0.64887691 0.72747856 0.22301053
vn 0.00000000 0.46880782 0.88330019
vn 0.00000000 0.46880782 0.88330019
vn 0.00000000 0.46880782 0.88330019
vn 0.00000000 0.46880782 0.88330019
vn 0.00000000 0.46880782 0.88330019
vn 0.00000000 0.46880782 0.88330019
vn 0.81764483 -0.55043995 -0.16873886
vn 0.81764483 -0.55043995 -0.16873886
vn 0.81764483 -0.55043995 -0.16873886
vn 0.81764483 -0.55043995 -0.16873886
vn 0 -0.95608473 -0.29309037
vn 0 -0.95608473 -0.29309037
vn 0 -0.95608473 -0.29309037
vn 0 -0.95608473 -0.29309037
vn -0.81764483 -0.55043995 -0.16873886
vn -0.81764483 -0.55043995 -0.16873886
vn -0.81764483 -0.55043995 -0.16873886
vn -0.81764483 -0.55043995 -0.16873886
vn -1 0 0
vn -1 0 0
vn -1 0 0
vn -1 0 0
vn -1 0 0
vn 0 0.95608473 0.29309037
vn 0 0.95608473 0.29309037
vn 0 0.95608473 0.29309037
vn 0 0.95608473 0.29309037
vn 0.00000000 0.12283422 0.99242723
vn 0.00000000 0.12283422 0.99242723
vn 0.00000000 0.12283422 0.99242723
vn 0.00000000 0.12283422 0.99242723
vn 0.00000000 0.12283422 0.99242723
vn 1 0 0
vn 1 0 0
vn 1 0 0
vn 1 0 0
vn 1 0 0
vn 0.70710677 -0.20724618 0.67605400
vn 0.70710677 -0.20724618 0.67605400
vn 0.70710677 -0.20724618 0.67605400
vn 0.70710677 -0.20724618 0.67605400
vn 0.00000000 0.46880782 0.88330019
vn 0.00000000 0.46880782 0.88330019
vn 0.00000000 0.46880782 0.88330019
vn 0.00000000 0.46880782 0.88330019
vn 0.00000000 0.46880782 0.88330019
vn 0.00000000 -0.29309037 0.95608473
vn 0.00000000 -0.29309037 0.95608473
vn 0.00000000 -0.29309037 0.95608473
vn 0.00000000 -0.29309037 0.95608473
vn 0.00000000 -0.29309037 0.95608473
vn 0.00000000 -0.29309037 0.95608473
vn 0.00000000 -0.29309037 0.95608473
vn 0.00000000 -0.29309037 0.95608473
vn 0.00000000 -0.29309037 0.95608473
vn 0.00000000 -0.29309037 0.95608473
vn 0.00000000 -0.29309037 0.95608473
vn 0.00000000 -0.29309037 0.95608473
vn 0.71382481 0.66956937 0.20525829
vn 0.71382481 0.66956937 0.20525829
vn 0.71382481 0.66956937 0.20525829
vn 0.71382481 0.66956937 0.20525829
vn 0.71382481 0.66956937 0.20525829
vn -0.00000000 0.29309037 -0.95608473
vn -0.00000000 0.29309037 -0.95608473
vn -0.00000000 0.29309037 -0.95608473
vn -0.00000000 0.29309037 -0.95608473
vn -0.00000000 0.29309037 -0.95608473
vn -0.00000000 0.29309037 -0.95608473
vn -0.00000000 0.29309037 -0.95608473
vn -0.00000000 0.29309037 -0.95608473
vn -0.00000000 0.29309037 -0.95608473
vn -0.00000000 0.29309037 -0.95608473
vn -0.00000000 0.29309037 -0.95608473
vn -0.00000000 0.29309037 -0.95608473
vn -0.00000000 0.29309037 -0.95608473
vn -0.00000000 0.29309037 -0.95608473
vn -0.76390654 0.61698717 0.18913908
vn -0.76390654 0.61698717 0.18913908
vn -0.76390654 0.61698717 0.18913908
vn -0.76390654 0.61698717 0.18913908
vn -0.76390654 0.61698717 0.18913908
vn 0.70710677 -0.20724618 0.67605400
vn 0.70710677 -0.20724618 0.67605400
vn 0.70710677 -0.20724618 0.67605400
vn 0.70710677 -0.20724618 0.67605400
vn 0.70710677 -0.20724618 0.67605400
vn 1 0 0
vn 1 0 0
vn 1 0 0
vn 1 0 0
vn 0 0.95608473 0.29309037
vn 0 0.95608473 0.29309037
vn 0 0.95608473 0.29309037
vn 0 0.95608473 0.29309037
f 1104/3127/3127 1105/3128/3128 1106/3129/3129
f 1105/3130/3130 1107/3131/3131 1108/3132/3132 1106/3133/3133
f 1109/3134/3134 1104/3135/3135 1106/3136/3136 1108/3137/3137 1110/3138/3138 1111/3139/3139
f 1112/3140/3140 1107/3141/3141 1105/3142/3142 1104/3143/3143 1109/3144/3144 1113/3145/3145
f 1112/3146/3146 1113/3147/3147 1114/3148/3148 1115/3149/3149
f 1114/3150/3150 1116/3151/3151 1117/3152/3152 1115/3153/3153
f 1118/3154/3154 1119/3155/3155 1117/3156/3156 1116/3157/3157
f 1120/3158/3158 1121/3159/3159 1122/3160/3160 1119/3161/3161 1118/3162/3162
f 1121/3163/3163 1123/3164/3164 1124/3165/3165 1122/3166/3166
f 1125/3167/3167 1126/3168/3168 1123/3169/3169 1121/3170/3170 1120/3171/3171
f 1126/3172/3172 1127/3173/3173 1128/3174/3174 1124/3175/3175 1123/3176/3176
f 1125/3177/3177 1129/3178/3178 1127/3179/3179 1126/3180/3180
f 1127/3181/3181 1129/3182/3182 1130/3183/3183 1131/3184/3184 1128/3185/3185
f 1113/3186/3186 1109/3187/3187 1111/3188/3188 1132/3189/3189 1133/3190/3190 1130/3191/3191 1129/3192/3192 1125/3193/3193 1120/3194/3194 1118/3195/3195 1116/3196/3196 1114/3197/3197
f 1110/3198/3198 1134/3199/3199 1135/3200/3200 1132/3201/3201 1111/3202/3202
f 1107/3203/3203 1112/3204/3204 1115/3205/3205 1117/3206/3206 1119/3207/3207 1122/3208/3208 1124/3209/3209 1128/3210/3210 1131/3211/3211 1136/3212/3212 1137/3213/3213 1134/3214/3214 1110/3215/3215 1108/3216/3216
f 1133/3217/3217 1138/3218/3218 1136/3219/3219 1131/3220/3220 1130/3221/3221
f 1133/3222/3222 1132/3223/3223 1135/3224/3224 1139/3225/3225 1138/3226/3226
f 1139/3227/3227 1135/3228/3228 1134/3229/3229 1137/3230/3230
f 1138/3231/3231 1139/3232/3232 1137/3233/3233 1136/3234/3234
o Extruded.068
v -2.08125877 -2.23339152 0.42117572
v -2.09270048 -2.22904277 0.41886762
v -2.09270048 -2.24169993 0.41498750
v -2.09270048 -2.22870398 0.41868782
v -2.09270048 -2.24162054 0.41472819
v -2.08153677 -2.23368764 0.42133290
v -2.10543847 -2.25200629 0.41154441
v -2.10543847 -2.25317574 0.41535881
v -2.06143594 -2.22870398 0.41868782
v -2.06424499 -2.23368764 0.42133290
v -2.08098936 -2.25642371 0.41436312
v -2.08098936 -2.25525427 0.41054872
v -2.13053846 -2.25642371 0.41436312
v -2.13053846 -2.25525427 0.41054872
v -2.14346647 -2.23886943 0.41974443
v -2.14346647 -2.23769999 0.41593000
v -2.14346647 -2.23516059 0.42088139
v -2.14346647 -2.22546434 0.41968131
v -2.14346647 -2.22546434 0.41968092
v -2.13647485 -2.22546434 0.41968131
v -2.13647485 -2.22546434 0.41968092
v -2.13870120 -2.23516059 0.42088139
v -2.13647485 -2.22974920 0.42021164
v -2.13647485 -2.23959231 0.41719419
v -2.13647485 -2.23738956 0.41602519
v -2.13870120 -2.24237347 0.41867027
v -2.13576007 -2.24237347 0.41867027
v -2.13238955 -2.23738956 0.41602519
v -2.12360811 -2.23546910 0.42078680
v -2.12360811 -2.22862029 0.42288628
v -2.12020326 -2.23761797 0.41595519
v -2.12020326 -2.23778939 0.41651410
v -2.12185264 -2.22546434 0.41968092
v -2.12020326 -2.22546434 0.41968092
v -2.12185264 -2.22611928 0.42181700
v -2.12020326 -2.22563577 0.42023984
vt 0.26577780 0.00596421
vt 0.00592885 1
vt 0.99407113 1
vt 0.97408038 0.00000000
vt 0.99403578 1
vt 0 1
vt 0.00000000 0
vt 0.98850298 0
vt 1 0.05942205
vt 0.52680755 0.93202031
vt 0.52680755 1
vt 0 1
vt 0.00000000 0.00000000
vt 0 1
vt 1 1
vt 1 0.93202031
vt 0.63403398 0.05942205
vt 0.64292574 0
vt 0.08985214 0.00000000
vt 0.00596421 1
vt 0.14877403 0
vt 1 0.00000000
vt 1 1
vt -0.00000000 0.00000000
vt 1 0.00000000
vt 1 1
vt -0.00000000 1
vt 1 0.00000000
vt 1 1
vt 0.00000000 1
vt 0.00000000 0.00000000
vt 0.30312076 0
vt 1 0.99989784
vt 1 1
vt 0 1
vt 0.00000000 0.00000000
vt 0 0
vt 1 0
vt 1 1
vt 0 1
vt 0.31843275 0.00000000
vt 0 0.55810177
vt 0 1
vt 1 1
vt 1 0
vt 0.72316730 0.00000000
vt 0 0
vt 0.12385472 1
vt 1 1
vt 1 0.99976885
vt 0.60127705 1
vt 0.00592885 1
vt 0.18162397 0.00000000
vt 0.99407113 0
vt 0.64725506 0.44195524
vt 1 1
vt 0.53398770 1
vt 0 0.00000000
vt 0.64725506 0
vt 1 0.81774527
vt 0.78173125 0.81774527
vt 0.48002139 0.11682094
vt 0.25066918 0.75367278
vt 0.25066918 1
vt 0.09727907 0.50534660
vt 0.06015173 0.50534660
vt 0.06015173 0.76477152
vt 0 0.76477152
vt 0 0.63137323
vt 0.16318941 0
vt 0.78863949 0
vt 0 1
vt 0.81259835 1
vt 0.81259835 0.85346979
vt 1 0
vt 0.00000000 0.00000000
vt 0.61886805 0.89125252
vt 1 0.89125252
vt 0.76163214 0
vt 0.15760089 0
vt 0 0.58926648
vt 0 1
vt 0.08523268 1
vt 0.08523268 0.59968799
vt 0.13503374 0.59968799
vt 0.26348436 1
vt 0.28359398 1
vt 0.28359398 0.59202206
vt 0.46358278 0.10903006
vt 0.61886805 0.45766488
vt 0.12622328 0
vt 0.00000000 0.43999550
vt 0 1
vt 0.75765687 1
vt 1 0.00000000
vt 0.83653349 1
vt 0.27302393 1
vt 0 0
vt 1 0.00000000
vt 1 0.48446274
vt 1 0
vt 0.00000000 0.00000000
vt 0 1
vt 1 1
vt 1 0.00596421
vt 0 0.73990166
vt 0 1
vt 1 1
vn -0.29108980 -0.28039831 0.91468221
vn -0.29108980 -0.28039831 0.91468221
vn -0.29108980 -0.28039831 0.91468221
vn -1 0 0
vn -1 0 0
vn -1 0 0
vn -1 0 0
vn -0.64887691 0.72747856 0.22301053
vn -0.64887691 0.72747856 0.22301053
vn -0.64887691 0.72747856 0.22301053
vn -0.64887691 0.72747856 0.22301053
vn -0.64887691 0.72747856 0.22301053
vn -0.64887691 0.72747856 0.22301053
vn 0.00000000 0.46880782 0.88330019
vn 0.00000000 0.46880782 0.88330019
vn 0.00000000 0.46880782 0.88330019
vn 0.00000000 0.46880782 0.88330019
vn 0.00000000 0.46880782 0.88330019
vn 0.00000000 0.46880782 0.88330019
vn 0.81764483 -0.55043995 -0.16873886
vn 0.81764483 -0.55043995 -0.16873886
vn 0.81764483 -0.55043995 -0.16873886
vn 0.81764483 -0.55043995 -0.16873886
vn 0 -0.95608473 -0.29309037
vn 0 -0.95608473 -0.29309037
vn 0 -0.95608473 -0.29309037
vn 0 -0.95608473 -0.29309037
vn -0.81764483 -0.55043995 -0.16873886
vn -0.81764483 -0.55043995 -0.16873886
vn -0.81764483 -0.55043995 -0.16873886
vn -0.81764483 -0.55043995 -0.16873886
vn -1 0 0
vn -1 0 0
vn -1 0 0
vn -1 0 0
vn -1 0 0
vn 0 0.95608473 0.29309037
vn 0 0.95608473 0.29309037
vn 0 0.95608473 0.29309037
vn 0 0.95608473 0.29309037
vn 0.00000000 0.12283422 0.99242723
vn 0.00000000 0.12283422 0.99242723
vn 0.00000000 0.12283422 0.99242723
vn 0.00000000 0.12283422 0.99242723
vn 0.00000000 0.12283422 0.99242723
vn 1 0 0
vn 1 0 0
vn 1 0 0
vn 1 0 0
vn 1 0 0
vn 0.70710677 -0.20724618 0.67605400
vn 0.70710677 -0.20724618 0.67605400
vn 0.70710677 -0.20724618 0.67605400
vn 0.70710677 -0.20724618 0.67605400
vn 0.00000000 0.46880782 0.88330019
vn 0.00000000 0.46880782 0.88330019
vn 0.00000000 0.46880782 0.88330019
vn 0.00000000 0.46880782 0.88330019
vn 0.00000000 0.46880782 0.88330019
vn 0.00000000 -0.29309037 0.95608473
vn 0.00000000 -0.29309037 0.95608473
vn 0.00000000 -0.29309037 0.95608473
vn 0.00000000 -0.29309037 0.95608473
vn 0.00000000 -0.29309037 0.95608473
vn 0.00000000 -0.29309037 0.95608473
vn 0.00000000 -0.29309037 0.95608473
vn 0.00000000 -0.29309037 0.95608473
vn 0.00000000 -0.29309037 0.95608473
vn 0.00000000 -0.29309037 0.95608473
vn 0.00000000 -0.29309037 0.95608473
vn 0.00000000 -0.29309037 0.95608473
vn 0.71382481 0.66956937 0.20525829
vn 0.71382481 0.66956937 0.20525829
vn 0.71382481 0.66956937 0.20525829
vn 0.71382481 0.66956937 0.20525829
vn 0.71382481 0.66956937 0.20525829
vn -0.00000000 0.29309037 -0.95608473
vn -0.00000000 0.29309037 -0.95608473
vn -0.00000000 0.29309037 -0.95608473
vn -0.00000000 0.29309037 -0.95608473
vn -0.00000000 0.29309037 -0.95608473
vn -0.00000000 0.29309037 -0.95608473
vn -0.00000000 0.29309037 -0.95608473
vn -0.00000000 0.29309037 -0.95608473
vn -0.00000000 0.29309037 -0.95608473
vn -0.00000000 0.29309037 -0.95608473
vn -0.00000000 0.29309037 -0.95608473
vn -0.00000000 0.29309037 -0.95608473
vn -0.00000000 0.29309037 -0.95608473
vn -0.00000000 0.29309037 -0.95608473
vn -0.76390654 0.61698717 0.18913908
vn -0.76390654 0.61698717 0.18913908
vn -0.76390654 0.61698717 0.18913908
vn -0.76390654 0.61698717 0.18913908
vn -0.76390654 0.61698717 0.18913908
vn 0.70710677 -0.20724618 0.67605400
vn 0.70710677 -0.20724618 0.67605400
vn 0.70710677 -0.20724618 0.67605400
vn 0.70710677 -0.20724618 0.67605400
vn 0.70710677 -0.20724618 0.67605400
vn 1 0 0
vn 1 0 0
vn 1 0 0
vn 1 0 0
vn 0 0.95608473 0.29309037
vn 0 0.95608473 0.29309037
vn 0 0.95608473 0.29309037
vn 0 0.95608473 0.29309037
f 1140/3235/3235 1141/3236/3236 1142/3237/3237
f 1141/3238/3238 1143/3239/3239 1144/3240/3240 1142/3241/3241
f 1145/3242/3242 1140/3243/3243 1142/3244/3244 1144/3245/3245 1146/3246/3246 1147/3247/3247
f 1148/3248/3248 1143/3249/3249 1141/3250/3250 1140/3251/3251 1145/3252/3252 1149/3253/3253
f 1148/3254/3254 1149/3255/3255 1150/3256/3256 1151/3257/3257
f 1150/3258/3258 1152/3259/3259 1153/3260/3260 1151/3261/3261
f 1154/3262/3262 1155/3263/3263 1153/3264/3264 1152/3265/3265
f 1156/3266/3266 1157/3267/3267 1158/3268/3268 1155/3269/3269 1154/3270/3270
f 1157/3271/3271 1159/3272/3272 1160/3273/3273 1158/3274/3274
f 1161/3275/3275 1162/3276/3276 1159/3277/3277 1157/3278/3278 1156/3279/3279
f 1162/3280/3280 1163/3281/3281 1164/3282/3282 1160/3283/3283 1159/3284/3284
f 1161/3285/3285 1165/3286/3286 1163/3287/3287 1162/3288/3288
f 1163/3289/3289 1165/3290/3290 1166/3291/3291 1167/3292/3292 1164/3293/3293
f 1149/3294/3294 1145/3295/3295 1147/3296/3296 1168/3297/3297 1169/3298/3298 1166/3299/3299 1165/3300/3300 1161/3301/3301 1156/3302/3302 1154/3303/3303 1152/3304/3304 1150/3305/3305
f 1146/3306/3306 1170/3307/3307 1171/3308/3308 1168/3309/3309 1147/3310/3310
f 1143/3311/3311 1148/3312/3312 1151/3313/3313 1153/3314/3314 1155/3315/3315 1158/3316/3316 1160/3317/3317 1164/3318/3318 1167/3319/3319 1172/3320/3320 1173/3321/3321 1170/3322/3322 1146/3323/3323 1144/3324/3324
f 1169/3325/3325 1174/3326/3326 1172/3327/3327 1167/3328/3328 1166/3329/3329
f 1169/3330/3330 1168/3331/3331 1171/3332/3332 1175/3333/3333 1174/3334/3334
f 1175/3335/3335 1171/3336/3336 1170/3337/3337 1173/3338/3338
f 1174/3339/3339 1175/3340/3340 1173/3341/3341 1172/3342/3342
o Extruded.068
v -2.08116031 -2.22024441 0.42117572
v -2.09260201 -2.21589565 0.41886762
v -2.09260201 -2.22855282 0.41498750
v -2.09260201 -2.21555686 0.41868782
v -2.09260201 -2.22847342 0.41472819
v -2.08143830 -2.22054052 0.42133290
v -2.10534000 -2.23885918 0.41154441
v -2.10534000 -2.24002862 0.41535881
v -2.06133747 -2.21555686 0.41868782
v -2.06414652 -2.22054052 0.42133290
v -2.08089089 -2.24327660 0.41436312
v -2.08089089 -2.24210715 0.41054872
v -2.13044000 -2.24327660 0.41436312
v -2.13044000 -2.24210715 0.41054872
v -2.14336801 -2.22572231 0.41974443
v -2.14336801 -2.22455287 0.41593000
v -2.14336801 -2.22201347 0.42088139
v -2.14336801 -2.21231723 0.41968131
v -2.14336801 -2.21231723 0.41968092
v -2.13637638 -2.21231723 0.41968131
v -2.13637638 -2.21231723 0.41968092
v -2.13860273 -2.22201347 0.42088139
v -2.13637638 -2.21660209 0.42021164
v -2.13637638 -2.22644520 0.41719419
v -2.13637638 -2.22424245 0.41602519
v -2.13860273 -2.22922635 0.41867027
v -2.13566160 -2.22922635 0.41867027
v -2.13229108 -2.22424245 0.41602519
v -2.12350965 -2.22232199 0.42078680
v -2.12350965 -2.21547318 0.42288628
v -2.12010479 -2.22447085 0.41595519
v -2.12010479 -2.22464228 0.41651410
v -2.12175417 -2.21231723 0.41968092
v -2.12010479 -2.21231723 0.41968092
v -2.12175417 -2.21297216 0.42181700
v -2.12010479 -2.21248865 0.42023984
vt 0.26577780 0.00596421
vt 0.00592885 1
vt 0.99407113 1
vt 0.97408038 0.00000000
vt 0.99403578 1
vt 0 1
vt 0.00000000 0
vt 0.98850298 0
vt 1 0.05942205
vt 0.52680755 0.93202031
vt 0.52680755 1
vt 0 1
vt 0.00000000 0.00000000
vt 0 1
vt 1 1
vt 1 0.93202031
vt 0.63403398 0.05942205
vt 0.64292574 0
vt 0.08985214 0.00000000
vt 0.00596421 1
vt 0.14877403 0
vt 1 0.00000000
vt 1 1
vt -0.00000000 0.00000000
vt 1 0.00000000
vt 1 1
vt -0.00000000 1
vt 1 0.00000000
vt 1 1
vt 0.00000000 1
vt 0.00000000 0.00000000
vt 0.30312076 0
vt 1 0.99989784
vt 1 1
vt 0 1
vt 0.00000000 0.00000000
vt 0 0
vt 1 0
vt 1 1
vt 0 1
vt 0.31843275 0.00000000
vt 0 0.55810177
vt 0 1
vt 1 1
vt 1 0
vt 0.72316730 0.00000000
vt 0 0
vt 0.12385472 1
vt 1 1
vt 1 0.99976885
vt 0.60127705 1
vt 0.00592885 1
vt 0.18162397 0.00000000
vt 0.99407113 0
vt 0.64725506 0.44195524
vt 1 1
vt 0.53398770 1
vt 0 0.00000000
vt 0.64725506 0
vt 1 0.81774527
vt 0.78173125 0.81774527
vt 0.48002139 0.11682094
vt 0.25066918 0.75367278
vt 0.25066918 1
vt 0.09727907 0.50534660
vt 0.06015173 0.50534660
vt 0.06015173 0.76477152
vt 0 0.76477152
vt 0 0.63137323
vt 0.16318941 0
vt 0.78863949 0
vt 0 1
vt 0.81259835 1
vt 0.81259835 0.85346979
vt 1 0
vt 0.00000000 0.00000000
vt 0.61886805 0.89125252
vt 1 0.89125252
vt 0.76163214 0
vt 0.15760089 0
vt 0 0.58926648
vt 0 1
vt 0.08523268 1
vt 0.08523268 0.59968799
vt 0.13503374 0.59968799
vt 0.26348436 1
vt 0.28359398 1
vt 0.28359398 0.59202206
vt 0.46358278 0.10903006
vt 0.61886805 0.45766488
vt 0.12622328 0
vt 0.00000000 0.43999550
vt 0 1
vt 0.75765687 1
vt 1 0.00000000
vt 0.83653349 1
vt 0.27302393 1
vt 0 0
vt 1 0.00000000
vt 1 0.48446274
vt 1 0
vt 0.00000000 0.00000000
vt 0 1
vt 1 1
vt 1 0.00596421
vt 0 0.73990166
vt 0 1
vt 1 1
vn -0.29108980 -0.28039831 0.91468221
vn -0.29108980 -0.28039831 0.91468221
vn -0.29108980 -0.28039831 0.91468221
vn -1 0 0
vn -1 0 0
vn -1 0 0
vn -1 0 0
vn -0.64887691 0.72747856 0.22301053
vn -0.64887691 0.72747856 0.22301053
vn -0.64887691 0.72747856 0.22301053
vn -0.64887691 0.72747856 0.22301053
vn -0.64887691 0.72747856 0.22301053
vn -0.64887691 0.72747856 0.22301053
vn 0.00000000 0.46880782 0.88330019
vn 0.00000000 0.46880782 0.88330019
vn 0.00000000 0.46880782 0.88330019
vn 0.00000000 0.46880782 0.88330019
vn 0.00000000 0.46880782 0.88330019
vn 0.00000000 0.46880782 0.88330019
vn 0.81764483 -0.55043995 -0.16873886
vn 0.81764483 -0.55043995 -0.16873886
vn 0.81764483 -0.55043995 -0.16873886
vn 0.81764483 -0.55043995 -0.16873886
vn 0 -0.95608473 -0.29309037
vn 0 -0.95608473 -0.29309037
vn 0 -0.95608473 -0.29309037
vn 0 -0.95608473 -0.29309037
vn -0.81764483 -0.55043995 -0.16873886
vn -0.81764483 -0.55043995 -0.16873886
vn -0.81764483 -0.55043995 -0.16873886
vn -0.81764483 -0.55043995 -0.16873886
vn -1 0 0
vn -1 0 0
vn -1 0 0
vn -1 0 0
vn -1 0 0
vn 0 0.95608473 0.29309037
vn 0 0.95608473 0.29309037
vn 0 0.95608473 0.29309037
vn 0 0.95608473 0.29309037
vn 0.00000000 0.12283422 0.99242723
vn 0.00000000 0.12283422 0.99242723
vn 0.00000000 0.12283422 0.99242723
vn 0.00000000 0.12283422 0.99242723
vn 0.00000000 0.12283422 0.99242723
vn 1 0 0
vn 1 0 0
vn 1 0 0
vn 1 0 0
vn 1 0 0
vn 0.70710677 -0.20724618 0.67605400
vn 0.70710677 -0.20724618 0.67605400
vn 0.70710677 -0.20724618 0.67605400
vn 0.70710677 -0.20724618 0.67605400
vn 0.00000000 0.46880782 0.88330019
vn 0.00000000 0.46880782 0.88330019
vn 0.00000000 0.46880782 0.88330019
vn 0.00000000 0.46880782 0.88330019
vn 0.00000000 0.46880782 0.88330019
vn 0.00000000 -0.29309037 0.95608473
vn 0.00000000 -0.29309037 0.95608473
vn 0.00000000 -0.29309037 0.95608473
vn 0.00000000 -0.29309037 0.95608473
vn 0.00000000 -0.29309037 0.95608473
vn 0.00000000 -0.29309037 0.95608473
vn 0.00000000 -0.29309037 0.95608473
vn 0.00000000 -0.29309037 0.95608473
vn 0.00000000 -0.29309037 0.95608473
vn 0.00000000 -0.29309037 0.95608473
vn 0.00000000 -0.29309037 0.95608473
vn 0.00000000 -0.29309037 0.95608473
vn 0.71382481 0.66956937 0.20525829
vn 0.71382481 0.66956937 0.20525829
vn 0.71382481 0.66956937 0.20525829
vn 0.71382481 0.66956937 0.20525829
vn 0.71382481 0.66956937 0.20525829
vn -0.00000000 0.29309037 -0.95608473
vn -0.00000000 0.29309037 -0.95608473
vn -0.00000000 0.29309037 -0.95608473
vn -0.00000000 0.29309037 -0.95608473
vn -0.00000000 0.29309037 -0.95608473
vn -0.00000000 0.29309037 -0.95608473
vn -0.00000000 0.29309037 -0.95608473
vn -0.00000000 0.29309037 -0.95608473
vn -0.00000000 0.29309037 -0.95608473
vn -0.00000000 0.29309037 -0.95608473
vn -0.00000000 0.29309037 -0.95608473
vn -0.00000000 0.29309037 -0.95608473
vn -0.00000000 0.29309037 -0.95608473
vn -0.00000000 0.29309037 -0.95608473
vn -0.76390654 0.61698717 0.18913908
vn -0.76390654 0.61698717 0.18913908
vn -0.76390654 0.61698717 0.18913908
vn -0.76390654 0.61698717 0.18913908
vn -0.76390654 0.61698717 0.18913908
vn 0.70710677 -0.20724618 0.67605400
vn 0.70710677 -0.20724618 0.67605400
vn 0.70710677 -0.20724618 0.67605400
vn 0.70710677 -0.20724618 0.67605400
vn 0.70710677 -0.20724618 0.67605400
vn 1 0 0
vn 1 0 0
vn 1 0 0
vn 1 0 0
vn 0 0.95608473 0.29309037
vn 0 0.95608473 0.29309037
vn 0 0.95608473 0.29309037
vn 0 0.95608473 0.29309037
f 1176/3343/3343 1177/3344/3344 1178/3345/3345
f 1177/3346/3346 1179/3347/3347 1180/3348/3348 1178/3349/3349
f 1181/3350/3350 1176/3351/3351 1178/3352/3352 1180/3353/3353 1182/3354/3354 1183/3355/3355
f 1184/3356/3356 1179/3357/3357 1177/3358/3358 1176/3359/3359 1181/3360/3360 1185/3361/3361
f 1184/3362/3362 1185/3363/3363 1186/3364/3364 1187/3365/3365
f 1186/3366/3366 1188/3367/3367 1189/3368/3368 1187/3369/3369
f 1190/3370/3370 1191/3371/3371 1189/3372/3372 1188/3373/3373
f 1192/3374/3374 1193/3375/3375 1194/3376/3376 1191/3377/3377 1190/3378/3378
f 1193/3379/3379 1195/3380/3380 1196/3381/3381 1194/3382/3382
f 1197/3383/3383 1198/3384/3384 1195/3385/3385 1193/3386/3386 1192/3387/3387
f 1198/3388/3388 1199/3389/3389 1200/3390/3390 1196/3391/3391 1195/3392/3392
f 1197/3393/3393 1201/3394/3394 1199/3395/3395 1198/3396/3396
f 1199/3397/3397 1201/3398/3398 1202/3399/3399 1203/3400/3400 1200/3401/3401
f 1185/3402/3402 1181/3403/3403 1183/3404/3404 1204/3405/3405 1205/3406/3406 1202/3407/3407 1201/3408/3408 1197/3409/3409 1192/3410/3410 1190/3411/3411 1188/3412/3412 1186/3413/3413
f 1182/3414/3414 1206/3415/3415 1207/3416/3416 1204/3417/3417 1183/3418/3418
f 1179/3419/3419 1184/3420/3420 1187/3421/3421 1189/3422/3422 1191/3423/3423 1194/3424/3424 1196/3425/3425 1200/3426/3426 1203/3427/3427 1208/3428/3428 1209/3429/3429 1206/3430/3430 1182/3431/3431 1180/3432/3432
f 1205/3433/3433 1210/3434/3434 1208/3435/3435 1203/3436/3436 1202/3437/3437
f 1205/3438/3438 1204/3439/3439 1207/3440/3440 1211/3441/3441 1210/3442/3442
f 1211/3443/3443 1207/3444/3444 1206/3445/3445 1209/3446/3446
f 1210/3447/3447 1211/3448/3448 1209/3449/3449 1208/3450/3450
o Extruded.068
v -2.08106184 -2.20709729 0.42117572
v -2.09250355 -2.20274854 0.41886762
v -2.09250355 -2.21540570 0.41498750
v -2.09250355 -2.20240974 0.41868782
v -2.09250355 -2.21532631 0.41472819
v -2.08133984 -2.20739341 0.42133290
v -2.10524154 -2.22571206 0.41154441
v -2.10524154 -2.22688150 0.41535881
v -2.06123900 -2.20240974 0.41868782
v -2.06404805 -2.20739341 0.42133290
v -2.08079243 -2.23012948 0.41436312
v -2.08079243 -2.22896004 0.41054872
v -2.13034153 -2.23012948 0.41436312
v -2.13034153 -2.22896004 0.41054872
v -2.14326954 -2.21257520 0.41974443
v -2.14326954 -2.21140575 0.41593000
v -2.14326954 -2.20886636 0.42088139
v -2.14326954 -2.19917011 0.41968131
v -2.14326954 -2.19917011 0.41968092
v -2.13627791 -2.19917011 0.41968131
v -2.13627791 -2.19917011 0.41968092
v -2.13850427 -2.20886636 0.42088139
v -2.13627791 -2.20345497 0.42021164
v -2.13627791 -2.21329808 0.41719419
v -2.13627791 -2.21109533 0.41602519
v -2.13850427 -2.21607924 0.41867027
v -2.13556314 -2.21607924 0.41867027
v -2.13219261 -2.21109533 0.41602519
v -2.12341118 -2.20917487 0.42078680
v -2.12341118 -2.20232606 0.42288628
v -2.12000632 -2.21132374 0.41595519
v -2.12000632 -2.21149516 0.41651410
v -2.12165570 -2.19917011 0.41968092
v -2.12000632 -2.19917011 0.41968092
v -2.12165570 -2.19982505 0.42181700
v -2.12000632 -2.19934154 0.42023984
vt 0.26577780 0.00596421
vt 0.00592885 1
vt 0.99407113 1
vt 0.97408038 0.00000000
vt 0.99403578 1
vt 0 1
vt 0.00000000 0
vt 0.98850298 0
vt 1 0.05942205
vt 0.52680755 0.93202031
vt 0.52680755 1
vt 0 1
vt 0.00000000 0.00000000
vt 0 1
vt 1 1
vt 1 0.93202031
vt 0.63403398 0.05942205
vt 0.64292574 0
vt 0.08985214 0.00000000
vt 0.00596421 1
vt 0.14877403 0
vt 1 0.00000000
vt 1 1
vt -0.00000000 0.00000000
vt 1 0.00000000
vt 1 1
vt -0.00000000 1
vt 1 0.00000000
vt 1 1
vt 0.00000000 1
vt 0.00000000 0.00000000
vt 0.30312076 0
vt 1 0.99989784
vt 1 1
vt 0 1
vt 0.00000000 0.00000000
vt 0 0
vt 1 0
vt 1 1
vt 0 1
vt 0.31843275 0.00000000
vt 0 0.55810177
vt 0 1
vt 1 1
vt 1 0
vt 0.72316730 0.00000000
vt 0 0
vt 0.12385472 1
vt 1 1
vt 1 0.99976885
vt 0.60127705 1
vt 0.00592885 1
vt 0.18162397 0.00000000
vt 0.99407113 0
vt 0.64725506 0.44195524
vt 1 1
vt 0.53398770 1
vt 0 0.00000000
vt 0.64725506 0
vt 1 0.81774527
vt 0.78173125 0.81774527
vt 0.48002139 0.11682094
vt 0.25066918 0.75367278
vt 0.25066918 1
vt 0.09727907 0.50534660
vt 0.06015173 0.50534660
vt 0.06015173 0.76477152
vt 0 0.76477152
vt 0 0.63137323
vt 0.16318941 0
vt 0.78863949 0
vt 0 1
vt 0.81259835 1
vt 0.81259835 0.85346979
vt 1 0
vt 0.00000000 0.00000000
vt 0.61886805 0.89125252
vt 1 0.89125252
vt 0.76163214 0
vt 0.15760089 0
vt 0 0.58926648
vt 0 1
vt 0.08523268 1
vt 0.08523268 0.59968799
vt 0.13503374 0.59968799
vt 0.26348436 1
vt 0.28359398 1
vt 0.28359398 0.59202206
vt 0.46358278 0.10903006
vt 0.61886805 0.45766488
vt 0.12622328 0
vt 0.00000000 0.43999550
vt 0 1
vt 0.75765687 1
vt 1 0.00000000
vt 0.83653349 1
vt 0.27302393 1
vt 0 0
vt 1 0.00000000
vt 1 0.48446274
vt 1 0
vt 0.00000000 0.00000000
vt 0 1
vt 1 1
vt 1 0.00596421
vt 0 0.73990166
vt 0 1
vt 1 1
vn -0.29108980 -0.28039831 0.91468221
vn -0.29108980 -0.28039831 0.91468221
vn -0.29108980 -0.28039831 0.91468221
vn -1 0 0
vn -1 0 0
vn -1 0 0
vn -1 0 0
vn -0.64887691 0.72747856 0.22301053
vn -0.64887691 0.72747856 0.22301053
vn -0.64887691 0.72747856 0.22301053
vn -0.64887691 0.72747856 0.22301053
vn -0.64887691 0.72747856 0.22301053
vn -0.64887691 0.72747856 0.22301053
vn 0.00000000 0.46880782 0.88330019
vn 0.00000000 0.46880782 0.88330019
vn 0.00000000 0.46880782 0.88330019
vn 0.00000000 0.46880782 0.88330019
vn 0.00000000 0.46880782 0.88330019
vn 0.00000000 0.46880782 0.88330019
vn 0.81764483 -0.55043995 -0.16873886
vn 0.81764483 -0.55043995 -0.16873886
vn 0.81764483 -0.55043995 -0.16873886
vn 0.81764483 -0.55043995 -0.16873886
vn 0 -0.95608473 -0.29309037
vn 0 -0.95608473 -0.29309037
vn 0 -0.95608473 -0.29309037
vn 0 -0.95608473 -0.29309037
vn -0.81764483 -0.55043995 -0.16873886
vn -0.81764483 -0.55043995 -0.16873886
vn -0.81764483 -0.55043995 -0.16873886
vn -0.81764483 -0.55043995 -0.16873886
vn -1 0 0
vn -1 0 0
vn -1 0 0
vn -1 0 0
vn -1 0 0
vn 0 0.95608473 0.29309037
vn 0 0.95608473 0.29309037
vn 0 0.95608473 0.29309037
vn 0 0.95608473 0.29309037
vn 0.00000000 0.12283422 0.99242723
vn 0.00000000 0.12283422 0.99242723
vn 0.00000000 0.12283422 0.99242723
vn 0.00000000 0.12283422 0.99242723
vn 0.00000000 0.12283422 0.99242723
vn 1 0 0
vn 1 0 0
vn 1 0 0
vn 1 0 0
vn 1 0 0
vn 0.70710677 -0.20724618 0.67605400
vn 0.70710677 -0.20724618 0.67605400
vn 0.70710677 -0.20724618 0.67605400
vn 0.70710677 -0.20724618 0.67605400
vn 0.00000000 0.46880782 0.88330019
vn 0.00000000 0.46880782 0.88330019
vn 0.00000000 0.46880782 0.88330019
vn 0.00000000 0.46880782 0.88330019
vn 0.00000000 0.46880782 0.88330019
vn 0.00000000 -0.29309037 0.95608473
vn 0.00000000 -0.29309037 0.95608473
vn 0.00000000 -0.29309037 0.95608473
vn 0.00000000 -0.29309037 0.95608473
vn 0.00000000 -0.29309037 0.95608473
vn 0.00000000 -0.29309037 0.95608473
vn 0.00000000 -0.29309037 0.95608473
vn 0.00000000 -0.29309037 0.95608473
vn 0.00000000 -0.29309037 0.95608473
vn 0.00000000 -0.29309037 0.95608473
vn 0.00000000 -0.29309037 0.95608473
vn 0.00000000 -0.29309037 0.95608473
vn 0.71382481 0.66956937 0.20525829
vn 0.71382481 0.66956937 0.20525829
vn 0.71382481 0.66956937 0.20525829
vn 0.71382481 0.66956937 0.20525829
vn 0.71382481 0.66956937 0.20525829
vn -0.00000000 0.29309037 -0.95608473
vn -0.00000000 0.29309037 -0.95608473
vn -0.00000000 0.29309037 -0.95608473
vn -0.00000000 0.29309037 -0.95608473
vn -0.00000000 0.29309037 -0.95608473
vn -0.00000000 0.29309037 -0.95608473
vn -0.00000000 0.29309037 -0.95608473
vn -0.00000000 0.29309037 -0.95608473
vn -0.00000000 0.29309037 -0.95608473
vn -0.00000000 0.29309037 -0.95608473
vn -0.00000000 0.29309037 -0.95608473
vn -0.00000000 0.29309037 -0.95608473
vn -0.00000000 0.29309037 -0.95608473
vn -0.00000000 0.29309037 -0.95608473
vn -0.76390654 0.61698717 0.18913908
vn -0.76390654 0.61698717 0.18913908
vn -0.76390654 0.61698717 0.18913908
vn -0.76390654 0.61698717 0.18913908
vn -0.76390654 0.61698717 0.18913908
vn 0.70710677 -0.20724618 0.67605400
vn 0.70710677 -0.20724618 0.67605400
vn 0.70710677 -0.20724618 0.67605400
vn 0.70710677 -0.20724618 0.67605400
vn 0.70710677 -0.20724618 0.67605400
vn 1 0 0
vn 1 0 0
vn 1 0 0
vn 1 0 0
vn 0 0.95608473 0.29309037
vn 0 0.95608473 0.29309037
vn 0 0.95608473 0.29309037
vn 0 0.95608473 0.29309037
f 1212/3451/3451 1213/3452/3452 1214/3453/3453
f 1213/3454/3454 1215/3455/3455 1216/3456/3456 1214/3457/3457
f 1217/3458/3458 1212/3459/3459 1214/3460/3460 1216/3461/3461 1218/3462/3462 1219/3463/3463
f 1220/3464/3464 1215/3465/3465 1213/3466/3466 1212/3467/3467 1217/3468/3468 1221/3469/3469
f 1220/3470/3470 1221/3471/3471 1222/3472/3472 1223/3473/3473
f 1222/3474/3474 1224/3475/3475 1225/3476/3476 1223/3477/3477
f 1226/3478/3478 1227/3479/3479 1225/3480/3480 1224/3481/3481
f 1228/3482/3482 1229/3483/3483 1230/3484/3484 1227/3485/3485 1226/3486/3486
f 1229/3487/3487 1231/3488/3488 1232/3489/3489 1230/3490/3490
f 1233/3491/3491 1234/3492/3492 1231/3493/3493 1229/3494/3494 1228/3495/3495
f 1234/3496/3496 1235/3497/3497 1236/3498/3498 1232/3499/3499 1231/3500/3500
f 1233/3501/3501 1237/3502/3502 1235/3503/3503 1234/3504/3504
f 1235/3505/3505 1237/3506/3506 1238/3507/3507 1239/3508/3508 1236/3509/3509
f 1221/3510/3510 1217/3511/3511 1219/3512/3512 1240/3513/3513 1241/3514/3514 1238/3515/3515 1237/3516/3516 1233/3517/3517 1228/3518/3518 1226/3519/3519 1224/3520/3520 1222/3521/3521
f 1218/3522/3522 1242/3523/3523 1243/3524/3524 1240/3525/3525 1219/3526/3526
f 1215/3527/3527 1220/3528/3528 1223/3529/3529 1225/3530/3530 1227/3531/3531 1230/3532/3532 1232/3533/3533 1236/3534/3534 1239/3535/3535 1244/3536/3536 1245/3537/3537 1242/3538/3538 1218/3539/3539 1216/3540/3540
f 1241/3541/3541 1246/3542/3542 1244/3543/3543 1239/3544/3544 1238/3545/3545
f 1241/3546/3546 1240/3547/3547 1243/3548/3548 1247/3549/3549 1246/3550/3550
f 1247/3551/3551 1243/3552/3552 1242/3553/3553 1245/3554/3554
f 1246/3555/3555 1247/3556/3556 1245/3557/3557 1244/3558/3558
o Extruded.068
v -2.08096361 -2.19394994 0.42117572
v -2.09240532 -2.18960118 0.41886762
v -2.09240532 -2.20225835 0.41498750
v -2.09240532 -2.18926239 0.41868782
v -2.09240532 -2.20217896 0.41472819
v -2.08124161 -2.19424605 0.42133290
v -2.10514331 -2.21256471 0.41154441
v -2.10514331 -2.21373415 0.41535881
v -2.06114078 -2.18926239 0.41868782
v -2.06394982 -2.19424605 0.42133290
v -2.08069420 -2.21698213 0.41436312
v -2.08069420 -2.21581268 0.41054872
v -2.13024330 -2.21698213 0.41436312
v -2.13024330 -2.21581268 0.41054872
v -2.14317131 -2.19942784 0.41974443
v -2.14317131 -2.19825840 0.41593000
v -2.14317131 -2.19571900 0.42088139
v -2.14317131 -2.18602276 0.41968131
v -2.14317131 -2.18602276 0.41968092
v -2.13617969 -2.18602276 0.41968131
v -2.13617969 -2.18602276 0.41968092
v -2.13840604 -2.19571900 0.42088139
v -2.13617969 -2.19030762 0.42021164
v -2.13617969 -2.20015073 0.41719419
v -2.13617969 -2.19794798 0.41602519
v -2.13840604 -2.20293188 0.41867027
v -2.13546491 -2.20293188 0.41867027
v -2.13209438 -2.19794798 0.41602519
v -2.12331295 -2.19602752 0.42078680
v -2.12331295 -2.18917871 0.42288628
v -2.11990809 -2.19817638 0.41595519
v -2.11990809 -2.19834781 0.41651410
v -2.12155747 -2.18602276 0.41968092
v -2.11990809 -2.18602276 0.41968092
v -2.12155747 -2.18667769 0.42181700
v -2.11990809 -2.18619418 0.42023984
vt 0.26577780 0.00596421
vt 0.00592885 1
vt 0.99407113 1
vt 0.97408038 0.00000000
vt 0.99403578 1
vt 0 1
vt 0.00000000 0
vt 0.98850298 0
vt 1 0.05942205
vt 0.52680755 0.93202031
vt 0.52680755 1
vt 0 1
vt 0.00000000 0.00000000
vt 0 1
vt 1 1
vt 1 0.93202031
vt 0.63403398 0.05942205
vt 0.64292574 0
vt 0.08985214 0.00000000
vt 0.00596421 1
vt 0.14877403 0
vt 1 0.00000000
vt 1 1
vt -0.00000000 0.00000000
vt 1 0.00000000
vt 1 1
vt -0.00000000 1
vt 1 0.00000000
vt 1 1
vt 0.00000000 1
vt 0.00000000 0.00000000
vt 0.30312076 0
vt 1 0.99989784
vt 1 1
vt 0 1
vt 0.00000000 0.00000000
vt 0 0
vt 1 0
vt 1 1
vt 0 1
vt 0.31843275 0.00000000
vt 0 0.55810177
vt 0 1
vt 1 1
vt 1 0
vt 0.72316730 0.00000000
vt 0 0
vt 0.12385472 1
vt 1 1
vt 1 0.99976885
vt 0.60127705 1
vt 0.00592885 1
vt 0.18162397 0.00000000
vt 0.99407113 0
vt 0.64725506 0.44195524
vt 1 1
vt 0.53398770 1
vt 0 0.00000000
vt 0.64725506 0
vt 1 0.81774527
vt 0.78173125 0.81774527
vt 0.48002139 0.11682094
vt 0.25066918 0.75367278
vt 0.25066918 1
vt 0.09727907 0.50534660
vt 0.06015173 0.50534660
vt 0.06015173 0.76477152
vt 0 0.76477152
vt 0 0.63137323
vt 0.16318941 0
vt 0.78863949 0
vt 0 1
vt 0.81259835 1
vt 0.81259835 0.85346979
vt 1 0
vt 0.00000000 0.00000000
vt 0.61886805 0.89125252
vt 1 0.89125252
vt 0.76163214 0
vt 0.15760089 0
vt 0 0.58926648
vt 0 1
vt 0.08523268 1
vt 0.08523268 0.59968799
vt 0.13503374 0.59968799
vt 0.26348436 1
vt 0.28359398 1
vt 0.28359398 0.59202206
vt 0.46358278 0.10903006
vt 0.61886805 0.45766488
vt 0.12622328 0
vt 0.00000000 0.43999550
vt 0 1
vt 0.75765687 1
vt 1 0.00000000
vt 0.83653349 1
vt 0.27302393 1
vt 0 0
vt 1 0.00000000
vt 1 0.48446274
vt 1 0
vt 0.00000000 0.00000000
vt 0 1
vt 1 1
vt 1 0.00596421
vt 0 0.73990166
vt 0 1
vt 1 1
vn -0.29108980 -0.28039831 0.91468221
vn -0.29108980 -0.28039831 0.91468221
vn -0.29108980 -0.28039831 0.91468221
vn -1 0 0
vn -1 0 0
vn -1 0 0
vn -1 0 0
vn -0.64887691 0.72747856 0.22301053
vn -0.64887691 0.72747856 0.22301053
vn -0.64887691 0.72747856 0.22301053
vn -0.64887691 0.72747856 0.22301053
vn -0.64887691 0.72747856 0.22301053
vn -0.64887691 0.72747856 0.22301053
vn 0.00000000 0.46880782 0.88330019
vn 0.00000000 0.46880782 0.88330019
vn 0.00000000 0.46880782 0.88330019
vn 0.00000000 0.46880782 0.88330019
vn 0.00000000 0.46880782 0.88330019
vn 0.00000000 0.46880782 0.88330019
vn 0.81764483 -0.55043995 -0.16873886
vn 0.81764483 -0.55043995 -0.16873886
vn 0.81764483 -0.55043995 -0.16873886
vn 0.81764483 -0.55043995 -0.16873886
vn 0 -0.95608473 -0.29309037
vn 0 -0.95608473 -0.29309037
vn 0 -0.95608473 -0.29309037
vn 0 -0.95608473 -0.29309037
vn -0.81764483 -0.55043995 -0.16873886
vn -0.81764483 -0.55043995 -0.16873886
vn -0.81764483 -0.55043995 -0.16873886
vn -0.81764483 -0.55043995 -0.16873886
vn -1 0 0
vn -1 0 0
vn -1 0 0
vn -1 0 0
vn -1 0 0
vn 0 0.95608473 0.29309037
vn 0 0.95608473 0.29309037
vn 0 0.95608473 0.29309037
vn 0 0.95608473 0.29309037
vn 0.00000000 0.12283422 0.99242723
vn 0.00000000 0.12283422 0.99242723
vn 0.00000000 0.12283422 0.99242723
vn 0.00000000 0.12283422 0.99242723
vn 0.00000000 0.12283422 0.99242723
vn 1 0 0
vn 1 0 0
vn 1 0 0
vn 1 0 0
vn 1 0 0
vn 0.70710677 -0.20724618 0.67605400
vn 0.70710677 -0.20724618 0.67605400
vn 0.70710677 -0.20724618 0.67605400
vn 0.70710677 -0.20724618 0.67605400
vn 0.00000000 0.46880782 0.88330019
vn 0.00000000 0.46880782 0.88330019
vn 0.00000000 0.46880782 0.88330019
vn 0.00000000 0.46880782 0.88330019
vn 0.00000000 0.46880782 0.88330019
vn 0.00000000 -0.29309037 0.95608473
vn 0.00000000 -0.29309037 0.95608473
vn 0.00000000 -0.29309037 0.95608473
vn 0.00000000 -0.29309037 0.95608473
vn 0.00000000 -0.29309037 0.95608473
vn 0.00000000 -0.29309037 0.95608473
vn 0.00000000 -0.29309037 0.95608473
vn 0.00000000 -0.29309037 0.95608473
vn 0.00000000 -0.29309037 0.95608473
vn 0.00000000 -0.29309037 0.95608473
vn 0.00000000 -0.29309037 0.95608473
vn 0.00000000 -0.29309037 0.95608473
vn 0.71382481 0.66956937 0.20525829
vn 0.71382481 0.66956937 0.20525829
vn 0.71382481 0.66956937 0.20525829
vn 0.71382481 0.66956937 0.20525829
vn 0.71382481 0.66956937 0.20525829
vn -0.00000000 0.29309037 -0.95608473
vn -0.00000000 0.29309037 -0.95608473
vn -0.00000000 0.29309037 -0.95608473
vn -0.00000000 0.29309037 -0.95608473
vn -0.00000000 0.29309037 -0.95608473
vn -0.00000000 0.29309037 -0.95608473
vn -0.00000000 0.29309037 -0.95608473
vn -0.00000000 0.29309037 -0.95608473
vn -0.00000000 0.29309037 -0.95608473
vn -0.00000000 0.29309037 -0.95608473
vn -0.00000000 0.29309037 -0.95608473
vn -0.00000000 0.29309037 -0.95608473
vn -0.00000000 0.29309037 -0.95608473
vn -0.00000000 0.29309037 -0.95608473
vn -0.76390654 0.61698717 0.18913908
vn -0.76390654 0.61698717 0.18913908
vn -0.76390654 0.61698717 0.18913908
vn -0.76390654 0.61698717 0.18913908
vn -0.76390654 0.61698717 0.18913908
vn 0.70710677 -0.20724618 0.67605400
vn 0.70710677 -0.20724618 0.67605400
vn 0.70710677 -0.20724618 0.67605400
vn 0.70710677 -0.20724618 0.67605400
vn 0.70710677 -0.20724618 0.67605400
vn 1 0 0
vn 1 0 0
vn 1 0 0
vn 1 0 0
vn 0 0.95608473 0.29309037
vn 0 0.95608473 0.29309037
vn 0 0.95608473 0.29309037
vn 0 0.95608473 0.29309037
f 1248/3559/3559 1249/3560/3560 1250/3561/3561
f 1249/3562/3562 1251/3563/3563 1252/3564/3564 1250/3565/3565
f 1253/3566/3566 1248/3567/3567 1250/3568/3568 1252/3569/3569 1254/3570/3570 1255/3571/3571
f 1256/3572/3572 1251/3573/3573 1249/3574/3574 1248/3575/3575 1253/3576/3576 1257/3577/3577
f 1256/3578/3578 1257/3579/3579 1258/3580/3580 1259/3581/3581
f 1258/3582/3582 1260/3583/3583 1261/3584/3584 1259/3585/3585
f 1262/3586/3586 1263/3587/3587 1261/3588/3588 1260/3589/3589
f 1264/3590/3590 1265/3591/3591 1266/3592/3592 1263/3593/3593 1262/3594/3594
f 1265/3595/3595 1267/3596/3596 1268/3597/3597 1266/3598/3598
f 1269/3599/3599 1270/3600/3600 1267/3601/3601 1265/3602/3602 1264/3603/3603
f 1270/3604/3604 1271/3605/3605 1272/3606/3606 1268/3607/3607 1267/3608/3608
f 1269/3609/3609 1273/3610/3610 1271/3611/3611 1270/3612/3612
f 1271/3613/3613 1273/3614/3614 1274/3615/3615 1275/3616/3616 1272/3617/3617
f 1257/3618/3618 1253/3619/3619 1255/3620/3620 1276/3621/3621 1277/3622/3622 1274/3623/3623 1273/3624/3624 1269/3625/3625 1264/3626/3626 1262/3627/3627 1260/3628/3628 1258/3629/3629
f 1254/3630/3630 1278/3631/3631 1279/3632/3632 1276/3633/3633 1255/3634/3634
f 1251/3635/3635 1256/3636/3636 1259/3637/3637 1261/3638/3638 1263/3639/3639 1266/3640/3640 1268/3641/3641 1272/3642/3642 1275/3643/3643 1280/3644/3644 1281/3645/3645 1278/3646/3646 1254/3647/3647 1252/3648/3648
f 1277/3649/3649 1282/3650/3650 1280/3651/3651 1275/3652/3652 1274/3653/3653
f 1277/3654/3654 1276/3655/3655 1279/3656/3656 1283/3657/3657 1282/3658/3658
f 1283/3659/3659 1279/3660/3660 1278/3661/3661 1281/3662/3662
f 1282/3663/3663 1283/3664/3664 1281/3665/3665 1280/3666/3666
o Extruded.068
v -2.08086514 -2.18080282 0.42117572
v -2.09230685 -2.17645407 0.41886762
v -2.09230685 -2.18911123 0.41498750
v -2.09230685 -2.17611527 0.41868782
v -2.09230685 -2.18903184 0.41472819
v -2.08114314 -2.18109894 0.42133290
v -2.10504484 -2.19941759 0.41154441
v -2.10504484 -2.20058703 0.41535881
v -2.06104231 -2.17611527 0.41868782
v -2.06385136 -2.18109894 0.42133290
v -2.08059573 -2.20383501 0.41436312
v -2.08059573 -2.20266557 0.41054872
v -2.13014483 -2.20383501 0.41436312
v -2.13014483 -2.20266557 0.41054872
v -2.14307284 -2.18628073 0.41974443
v -2.14307284 -2.18511128 0.41593000
v -2.14307284 -2.18257189 0.42088139
v -2.14307284 -2.17287564 0.41968131
v -2.14307284 -2.17287564 0.41968092
v -2.13608122 -2.17287564 0.41968131
v -2.13608122 -2.17287564 0.41968092
v -2.13830757 -2.18257189 0.42088139
v -2.13608122 -2.17716050 0.42021164
v -2.13608122 -2.18700361 0.41719419
v -2.13608122 -2.18480086 0.41602519
v -2.13830757 -2.18978477 0.41867027
v -2.13536644 -2.18978477 0.41867027
v -2.13199592 -2.18480086 0.41602519
v -2.12321448 -2.18288040 0.42078680
v -2.12321448 -2.17603159 0.42288628
v -2.11980963 -2.18502927 0.41595519
v -2.11980963 -2.18520069 0.41651410
v -2.12145901 -2.17287564 0.41968092
v -2.11980963 -2.17287564 0.41968092
v -2.12145901 -2.17353058 0.42181700
v -2.11980963 -2.17304707 0.42023984
vt 0.26577780 0.00596421
vt 0.00592885 1
vt 0.99407113 1
vt 0.97408038 0.00000000
vt 0.99403578 1
vt 0 1
vt 0.00000000 0
vt 0.98850298 0
vt 1 0.05942205
vt 0.52680755 0.93202031
vt 0.52680755 1
vt 0 1
vt 0.00000000 0.00000000
vt 0 1
vt 1 1
vt 1 0.93202031
vt 0.63403398 0.05942205
vt 0.64292574 0
vt 0.08985214 0.00000000
vt 0.00596421 1
vt 0.14877403 0
vt 1 0.00000000
vt 1 1
vt -0.00000000 0.00000000
vt 1 0.00000000
vt 1 1
vt -0.00000000 1
vt 1 0.00000000
vt 1 1
vt 0.00000000 1
vt 0.00000000 0.00000000
vt 0.30312076 0
vt 1 0.99989784
vt 1 1
vt 0 1
vt 0.00000000 0.00000000
vt 0 0
vt 1 0
vt 1 1
vt 0 1
vt 0.31843275 0.00000000
vt 0 0.55810177
vt 0 1
vt 1 1
vt 1 0
vt 0.72316730 0.00000000
vt 0 0
vt 0.12385472 1
vt 1 1
vt 1 0.99976885
vt 0.60127705 1
vt 0.00592885 1
vt 0.18162397 0.00000000
vt 0.99407113 0
vt 0.64725506 0.44195524
vt 1 1
vt 0.53398770 1
vt 0 0.00000000
vt 0.64725506 0
vt 1 0.81774527
vt 0.78173125 0.81774527
vt 0.48002139 0.11682094
vt 0.25066918 0.75367278
vt 0.25066918 1
vt 0.09727907 0.50534660
vt 0.06015173 0.50534660
vt 0.06015173 0.76477152
vt 0 0.76477152
vt 0 0.63137323
vt 0.16318941 0
vt 0.78863949 0
vt 0 1
vt 0.81259835 1
vt 0.81259835 0.85346979
vt 1 0
vt 0.00000000 0.00000000
vt 0.61886805 0.89125252
vt 1 0.89125252
vt 0.76163214 0
vt 0.15760089 0
vt 0 0.58926648
vt 0 1
vt 0.08523268 1
vt 0.08523268 0.59968799
vt 0.13503374 0.59968799
vt 0.26348436 1
vt 0.28359398 1
vt 0.28359398 0.59202206
vt 0.46358278 0.10903006
vt 0.61886805 0.45766488
vt 0.12622328 0
vt 0.00000000 0.43999550
vt 0 1
vt 0.75765687 1
vt 1 0.00000000
vt 0.83653349 1
vt 0.27302393 1
vt 0 0
vt 1 0.00000000
vt 1 0.48446274
vt 1 0
vt 0.00000000 0.00000000
vt 0 1
vt 1 1
vt 1 0.00596421
vt 0 0.73990166
vt 0 1
vt 1 1
vn -0.29108980 -0.28039831 0.91468221
vn -0.29108980 -0.28039831 0.91468221
vn -0.29108980 -0.28039831 0.91468221
vn -1 0 0
vn -1 0 0
vn -1 0 0
vn -1 0 0
vn -0.64887691 0.72747856 0.22301053
vn -0.64887691 0.72747856 0.22301053
vn -0.64887691 0.72747856 0.22301053
vn -0.64887691 0.72747856 0.22301053
vn -0.64887691 0.72747856 0.22301053
vn -0.64887691 0.72747856 0.22301053
vn 0.00000000 0.46880782 0.88330019
vn 0.00000000 0.46880782 0.88330019
vn 0.00000000 0.46880782 0.88330019
vn 0.00000000 0.46880782 0.88330019
vn 0.00000000 0.46880782 0.88330019
vn 0.00000000 0.46880782 0.88330019
vn 0.81764483 -0.55043995 -0.16873886
vn 0.81764483 -0.55043995 -0.16873886
vn 0.81764483 -0.55043995 -0.16873886
vn 0.81764483 -0.55043995 -0.16873886
vn 0 -0.95608473 -0.29309037
vn 0 -0.95608473 -0.29309037
vn 0 -0.95608473 -0.29309037
vn 0 -0.95608473 -0.29309037
vn -0.81764483 -0.55043995 -0.16873886
vn -0.81764483 -0.55043995 -0.16873886
vn -0.81764483 -0.55043995 -0.16873886
vn -0.81764483 -0.55043995 -0.16873886
vn -1 0 0
vn -1 0 0
vn -1 0 0
vn -1 0 0
vn -1 0 0
vn 0 0.95608473 0.29309037
vn 0 0.95608473 0.29309037
vn 0 0.95608473 0.29309037
vn 0 0.95608473 0.29309037
vn 0.00000000 0.12283422 0.99242723
vn 0.00000000 0.12283422 0.99242723
vn 0.00000000 0.12283422 0.99242723
vn 0.00000000 0.12283422 0.99242723
vn 0.00000000 0.12283422 0.99242723
vn 1 0 0
vn 1 0 0
vn 1 0 0
vn 1 0 0
vn 1 0 0
vn 0.70710677 -0.20724618 0.67605400
vn 0.70710677 -0.20724618 0.67605400
vn 0.70710677 -0.20724618 0.67605400
vn 0.70710677 -0.20724618 0.67605400
vn 0.00000000 0.46880782 0.88330019
vn 0.00000000 0.46880782 0.88330019
vn 0.00000000 0.46880782 0.88330019
vn 0.00000000 0.46880782 0.88330019
vn 0.00000000 0.46880782 0.88330019
vn 0.00000000 -0.29309037 0.95608473
vn 0.00000000 -0.29309037 0.95608473
vn 0.00000000 -0.29309037 0.95608473
vn 0.00000000 -0.29309037 0.95608473
vn 0.00000000 -0.29309037 0.95608473
vn 0.00000000 -0.29309037 0.95608473
vn 0.00000000 -0.29309037 0.95608473
vn 0.00000000 -0.29309037 0.95608473
vn 0.00000000 -0.29309037 0.95608473
vn 0.00000000 -0.29309037 0.95608473
vn 0.00000000 -0.29309037 0.95608473
vn 0.00000000 -0.29309037 0.95608473
vn 0.71382481 0.66956937 0.20525829
vn 0.71382481 0.66956937 0.20525829
vn 0.71382481 0.66956937 0.20525829
vn 0.71382481 0.66956937 0.20525829
vn 0.71382481 0.66956937 0.20525829
vn -0.00000000 0.29309037 -0.95608473
vn -0.00000000 0.29309037 -0.95608473
vn -0.00000000 0.29309037 -0.95608473
vn -0.00000000 0.29309037 -0.95608473
vn -0.00000000 0.29309037 -0.95608473
vn -0.00000000 0.29309037 -0.95608473
vn -0.00000000 0.29309037 -0.95608473
vn -0.00000000 0.29309037 -0.95608473
vn -0.00000000 0.29309037 -0.95608473
vn -0.00000000 0.29309037 -0.95608473
vn -0.00000000 0.29309037 -0.95608473
vn -0.00000000 0.29309037 -0.95608473
vn -0.00000000 0.29309037 -0.95608473
vn -0.00000000 0.29309037 -0.95608473
vn -0.76390654 0.61698717 0.18913908
vn -0.76390654 0.61698717 0.18913908
vn -0.76390654 0.61698717 0.18913908
vn -0.76390654 0.61698717 0.18913908
vn -0.76390654 0.61698717 0.18913908
vn 0.70710677 -0.20724618 0.67605400
vn 0.70710677 -0.20724618 0.67605400
vn 0.70710677 -0.20724618 0.67605400
vn 0.70710677 -0.20724618 0.67605400
vn 0.70710677 -0.20724618 0.67605400
vn 1 0 0
vn 1 0 0
vn 1 0 0
vn 1 0 0
vn 0 0.95608473 0.29309037
vn 0 0.95608473 0.29309037
vn 0 0.95608473 0.29309037
vn 0 0.95608473 0.29309037
f 1284/3667/3667 1285/3668/3668 1286/3669/3669
f 1285/3670/3670 1287/3671/3671 1288/3672/3672 1286/3673/3673
f 1289/3674/3674 1284/3675/3675 1286/3676/3676 1288/3677/3677 1290/3678/3678 1291/3679/3679
f 1292/3680/3680 1287/3681/3681 1285/3682/3682 1284/3683/3683 1289/3684/3684 1293/3685/3685
f 1292/3686/3686 1293/3687/3687 1294/3688/3688 1295/3689/3689
f 1294/3690/3690 1296/3691/3691 1297/3692/3692 1295/3693/3693
f 1298/3694/3694 1299/3695/3695 1297/3696/3696 1296/3697/3697
f 1300/3698/3698 1301/3699/3699 1302/3700/3700 1299/3701/3701 1298/3702/3702
f 1301/3703/3703 1303/3704/3704 1304/3705/3705 1302/3706/3706
f 1305/3707/3707 1306/3708/3708 1303/3709/3709 1301/3710/3710 1300/3711/3711
f 1306/3712/3712 1307/3713/3713 1308/3714/3714 1304/3715/3715 1303/3716/3716
f 1305/3717/3717 1309/3718/3718 1307/3719/3719 1306/3720/3720
f 1307/3721/3721 1309/3722/3722 1310/3723/3723 1311/3724/3724 1308/3725/3725
f 1293/3726/3726 1289/3727/3727 1291/3728/3728 1312/3729/3729 1313/3730/3730 1310/3731/3731 1309/3732/3732 1305/3733/3733 1300/3734/3734 1298/3735/3735 1296/3736/3736 1294/3737/3737
f 1290/3738/3738 1314/3739/3739 1315/3740/3740 1312/3741/3741 1291/3742/3742
f 1287/3743/3743 1292/3744/3744 1295/3745/3745 1297/3746/3746 1299/3747/3747 1302/3748/3748 1304/3749/3749 1308/3750/3750 1311/3751/3751 1316/3752/3752 1317/3753/3753 1314/3754/3754 1290/3755/3755 1288/3756/3756
f 1313/3757/3757 1318/3758/3758 1316/3759/3759 1311/3760/3760 1310/3761/3761
f 1313/3762/3762 1312/3763/3763 1315/3764/3764 1319/3765/3765 1318/3766/3766
f 1319/3767/3767 1315/3768/3768 1314/3769/3769 1317/3770/3770
f 1318/3771/3771 1319/3772/3772 1317/3773/3773 1316/3774/3774
o Extruded.068
v -2.08076668 -2.16765547 0.42117572
v -2.09220839 -2.16330671 0.41886762
v -2.09220839 -2.17596388 0.41498750
v -2.09220839 -2.16296792 0.41868782
v -2.09220839 -2.17588449 0.41472819
v -2.08104467 -2.16795158 0.42133290
v -2.10494637 -2.18627024 0.41154441
v -2.10494637 -2.18743968 0.41535881
v -2.06094384 -2.16296792 0.41868782
v -2.06375289 -2.16795158 0.42133290
v -2.08049726 -2.19068766 0.41436312
v -2.08049726 -2.18951821 0.41054872
v -2.13004637 -2.19068766 0.41436312
v -2.13004637 -2.18951821 0.41054872
v -2.14297438 -2.17313337 0.41974443
v -2.14297438 -2.17196393 0.41593000
v -2.14297438 -2.16942453 0.42088139
v -2.14297438 -2.15972829 0.41968131
v -2.14297438 -2.15972829 0.41968092
v -2.13598275 -2.15972829 0.41968131
v -2.13598275 -2.15972829 0.41968092
v -2.13820910 -2.16942453 0.42088139
v -2.13598275 -2.16401315 0.42021164
v -2.13598275 -2.17385626 0.41719419
v -2.13598275 -2.17165351 0.41602519
v -2.13820910 -2.17663741 0.41867027
v -2.13526797 -2.17663741 0.41867027
v -2.13189745 -2.17165351 0.41602519
v -2.12311602 -2.16973305 0.42078680
v -2.12311602 -2.16288424 0.42288628
v -2.11971116 -2.17188191 0.41595519
v -2.11971116 -2.17205334 0.41651410
v -2.12136054 -2.15972829 0.41968092
v -2.11971116 -2.15972829 0.41968092
v -2.12136054 -2.16038322 0.42181700
v -2.11971116 -2.15989971 0.42023984
vt 0.26577780 0.00596421
vt 0.00592885 1
vt 0.99407113 1
vt 0.97408038 0.00000000
vt 0.99403578 1
vt 0 1
vt 0.00000000 0
vt 0.98850298 0
vt 1 0.05942205
vt 0.52680755 0.93202031
vt 0.52680755 1
vt 0 1
vt 0.00000000 0.00000000
vt 0 1
vt 1 1
vt 1 0.93202031
vt 0.63403398 0.05942205
vt 0.64292574 0
vt 0.08985214 0.00000000
vt 0.00596421 1
vt 0.14877403 0
vt 1 0.00000000
vt 1 1
vt -0.00000000 0.00000000
vt 1 0.00000000
vt 1 1
vt -0.00000000 1
vt 1 0.00000000
vt 1 1
vt 0.00000000 1
vt 0.00000000 0.00000000
vt 0.30312076 0
vt 1 0.99989784
vt 1 1
vt 0 1
vt 0.00000000 0.00000000
vt 0 0
vt 1 0
vt 1 1
vt 0 1
vt 0.31843275 0.00000000
vt 0 0.55810177
vt 0 1
vt 1 1
vt 1 0
vt 0.72316730 0.00000000
vt 0 0
vt 0.12385472 1
vt 1 1
vt 1 0.99976885
vt 0.60127705 1
vt 0.00592885 1
vt 0.18162397 0.00000000
vt 0.99407113 0
vt 0.64725506 0.44195524
vt 1 1
vt 0.53398770 1
vt 0 0.00000000
vt 0.64725506 0
vt 1 0.81774527
vt 0.78173125 0.81774527
vt 0.48002139 0.11682094
vt 0.25066918 0.75367278
vt 0.25066918 1
vt 0.09727907 0.50534660
vt 0.06015173 0.50534660
vt 0.06015173 0.76477152
vt 0 0.76477152
vt 0 0.63137323
vt 0.16318941 0
vt 0.78863949 0
vt 0 1
vt 0.81259835 1
vt 0.81259835 0.85346979
vt 1 0
vt 0.00000000 0.00000000
vt 0.61886805 0.89125252
vt 1 0.89125252
vt 0.76163214 0
vt 0.15760089 0
vt 0 0.58926648
vt 0 1
vt 0.08523268 1
vt 0.08523268 0.59968799
vt 0.13503374 0.59968799
vt 0.26348436 1
vt 0.28359398 1
vt 0.28359398 0.59202206
vt 0.46358278 0.10903006
vt 0.61886805 0.45766488
vt 0.12622328 0
vt 0.00000000 0.43999550
vt 0 1
vt 0.75765687 1
vt 1 0.00000000
vt 0.83653349 1
vt 0.27302393 1
vt 0 0
vt 1 0.00000000
vt 1 0.48446274
vt 1 0
vt 0.00000000 0.00000000
vt 0 1
vt 1 1
vt 1 0.00596421
vt 0 0.73990166
vt 0 1
vt 1 1
vn -0.29108980 -0.28039831 0.91468221
vn -0.29108980 -0.28039831 0.91468221
vn -0.29108980 -0.28039831 0.91468221
vn -1 0 0
vn -1 0 0
vn -1 0 0
vn -1 0 0
vn -0.64887691 0.72747856 0.22301053
vn -0.64887691 0.72747856 0.22301053
vn -0.64887691 0.72747856 0.22301053
vn -0.64887691 0.72747856 0.22301053
vn -0.64887691 0.72747856 0.22301053
vn -0.64887691 0.72747856 0.22301053
vn 0.00000000 0.46880782 0.88330019
vn 0.00000000 0.46880782 0.88330019
vn 0.00000000 0.46880782 0.88330019
vn 0.00000000 0.46880782 0.88330019
vn 0.00000000 0.46880782 0.88330019
vn 0.00000000 0.46880782 0.88330019
vn 0.81764483 -0.55043995 -0.16873886
vn 0.81764483 -0.55043995 -0.16873886
vn 0.81764483 -0.55043995 -0.16873886
vn 0.81764483 -0.55043995 -0.16873886
vn 0 -0.95608473 -0.29309037
vn 0 -0.95608473 -0.29309037
vn 0 -0.95608473 -0.29309037
vn 0 -0.95608473 -0.29309037
vn -0.81764483 -0.55043995 -0.16873886
vn -0.81764483 -0.55043995 -0.16873886
vn -0.81764483 -0.55043995 -0.16873886
vn -0.81764483 -0.55043995 -0.16873886
vn -1 0 0
vn -1 0 0
vn -1 0 0
vn -1 0 0
vn -1 0 0
vn 0 0.95608473 0.29309037
vn 0 0.95608473 0.29309037
vn 0 0.95608473 0.29309037
vn 0 0.95608473 0.29309037
vn 0.00000000 0.12283422 0.99242723
vn 0.00000000 0.12283422 0.99242723
vn 0.00000000 0.12283422 0.99242723
vn 0.00000000 0.12283422 0.99242723
vn 0.00000000 0.12283422 0.99242723
vn 1 0 0
vn 1 0 0
vn 1 0 0
vn 1 0 0
vn 1 0 0
vn 0.70710677 -0.20724618 0.67605400
vn 0.70710677 -0.20724618 0.67605400
vn 0.70710677 -0.20724618 0.67605400
vn 0.70710677 -0.20724618 0.67605400
vn 0.00000000 0.46880782 0.88330019
vn 0.00000000 0.46880782 0.88330019
vn 0.00000000 0.46880782 0.88330019
vn 0.00000000 0.46880782 0.88330019
vn 0.00000000 0.46880782 0.88330019
vn 0.00000000 -0.29309037 0.95608473
vn 0.00000000 -0.29309037 0.95608473
vn 0.00000000 -0.29309037 0.95608473
vn 0.00000000 -0.29309037 0.95608473
vn 0.00000000 -0.29309037 0.95608473
vn 0.00000000 -0.29309037 0.95608473
vn 0.00000000 -0.29309037 0.95608473
vn 0.00000000 -0.29309037 0.95608473
vn 0.00000000 -0.29309037 0.95608473
vn 0.00000000 -0.29309037 0.95608473
vn 0.00000000 -0.29309037 0.95608473
vn 0.00000000 -0.29309037 0.95608473
vn 0.71382481 0.66956937 0.20525829
vn 0.71382481 0.66956937 0.20525829
vn 0.71382481 0.66956937 0.20525829
vn 0.71382481 0.66956937 0.20525829
vn 0.71382481 0.66956937 0.20525829
vn -0.00000000 0.29309037 -0.95608473
vn -0.00000000 0.29309037 -0.95608473
vn -0.00000000 0.29309037 -0.95608473
vn -0.00000000 0.29309037 -0.95608473
vn -0.00000000 0.29309037 -0.95608473
vn -0.00000000 0.29309037 -0.95608473
vn -0.00000000 0.29309037 -0.95608473
vn -0.00000000 0.29309037 -0.95608473
vn -0.00000000 0.29309037 -0.95608473
vn -0.00000000 0.29309037 -0.95608473
vn -0.00000000 0.29309037 -0.95608473
vn -0.00000000 0.29309037 -0.95608473
vn -0.00000000 0.29309037 -0.95608473
vn -0.00000000 0.29309037 -0.95608473
vn -0.76390654 0.61698717 0.18913908
vn -0.76390654 0.61698717 0.18913908
vn -0.76390654 0.61698717 0.18913908
vn -0.76390654 0.61698717 0.18913908
vn -0.76390654 0.61698717 0.18913908
vn 0.70710677 -0.20724618 0.67605400
vn 0.70710677 -0.20724618 0.67605400
vn 0.70710677 -0.20724618 0.67605400
vn 0.70710677 -0.20724618 0.67605400
vn 0.70710677 -0.20724618 0.67605400
vn 1 0 0
vn 1 0 0
vn 1 0 0
vn 1 0 0
vn 0 0.95608473 0.29309037
vn 0 0.95608473 0.29309037
vn 0 0.95608473 0.29309037
vn 0 0.95608473 0.29309037
f 1320/3775/3775 1321/3776/3776 1322/3777/3777
f 1321/3778/3778 1323/3779/3779 1324/3780/3780 1322/3781/3781
f 1325/3782/3782 1320/3783/3783 1322/3784/3784 1324/3785/3785 1326/3786/3786 1327/3787/3787
f 1328/3788/3788 1323/3789/3789 1321/3790/3790 1320/3791/3791 1325/3792/3792 1329/3793/3793
f 1328/3794/3794 1329/3795/3795 1330/3796/3796 1331/3797/3797
f 1330/3798/3798 1332/3799/3799 1333/3800/3800 1331/3801/3801
f 1334/3802/3802 1335/3803/3803 1333/3804/3804 1332/3805/3805
f 1336/3806/3806 1337/3807/3807 1338/3808/3808 1335/3809/3809 1334/3810/3810
f 1337/3811/3811 1339/3812/3812 1340/3813/3813 1338/3814/3814
f 1341/3815/3815 1342/3816/3816 1339/3817/3817 1337/3818/3818 1336/3819/3819
f 1342/3820/3820 1343/3821/3821 1344/3822/3822 1340/3823/3823 1339/3824/3824
f 1341/3825/3825 1345/3826/3826 1343/3827/3827 1342/3828/3828
f 1343/3829/3829 1345/3830/3830 1346/3831/3831 1347/3832/3832 1344/3833/3833
f 1329/3834/3834 1325/3835/3835 1327/3836/3836 1348/3837/3837 1349/3838/3838 1346/3839/3839 1345/3840/3840 1341/3841/3841 1336/3842/3842 1334/3843/3843 1332/3844/3844 1330/3845/3845
f 1326/3846/3846 1350/3847/3847 1351/3848/3848 1348/3849/3849 1327/3850/3850
f 1323/3851/3851 1328/3852/3852 1331/3853/3853 1333/3854/3854 1335/3855/3855 1338/3856/3856 1340/3857/3857 1344/3858/3858 1347/3859/3859 1352/3860/3860 1353/3861/3861 1350/3862/3862 1326/3863/3863 1324/3864/3864
f 1349/3865/3865 1354/3866/3866 1352/3867/3867 1347/3868/3868 1346/3869/3869
f 1349/3870/3870 1348/3871/3871 1351/3872/3872 1355/3873/3873 1354/3874/3874
f 1355/3875/3875 1351/3876/3876 1350/3877/3877 1353/3878/3878
f 1354/3879/3879 1355/3880/3880 1353/3881/3881 1352/3882/3882
o Extruded.068
v -2.08066821 -2.15450835 0.42117572
v -2.09210992 -2.15015960 0.41886762
v -2.09210992 -2.16281676 0.41498750
v -2.09210992 -2.14982080 0.41868782
v -2.09210992 -2.16273737 0.41472819
v -2.08094621 -2.15480447 0.42133290
v -2.10484791 -2.17312312 0.41154441
v -2.10484791 -2.17429256 0.41535881
v -2.06084538 -2.14982080 0.41868782
v -2.06365442 -2.15480447 0.42133290
v -2.08039880 -2.17754054 0.41436312
v -2.08039880 -2.17637110 0.41054872
v -2.12994790 -2.17754054 0.41436312
v -2.12994790 -2.17637110 0.41054872
v -2.14287591 -2.15998626 0.41974443
v -2.14287591 -2.15881681 0.41593000
v -2.14287591 -2.15627742 0.42088139
v -2.14287591 -2.14658117 0.41968131
v -2.14287591 -2.14658117 0.41968092
v -2.13588428 -2.14658117 0.41968131
v -2.13588428 -2.14658117 0.41968092
v -2.13811064 -2.15627742 0.42088139
v -2.13588428 -2.15086603 0.42021164
v -2.13588428 -2.16070914 0.41719419
v -2.13588428 -2.15850639 0.41602519
v -2.13811064 -2.16349030 0.41867027
v -2.13516951 -2.16349030 0.41867027
v -2.13179898 -2.15850639 0.41602519
v -2.12301755 -2.15658593 0.42078680
v -2.12301755 -2.14973712 0.42288628
v -2.11961269 -2.15873480 0.41595519
v -2.11961269 -2.15890622 0.41651410
v -2.12126207 -2.14658117 0.41968092
v -2.11961269 -2.14658117 0.41968092
v -2.12126207 -2.14723611 0.42181700
v -2.11961269 -2.14675260 0.42023984
vt 0.26577780 0.00596421
vt 0.00592885 1
vt 0.99407113 1
vt 0.97408038 0.00000000
vt 0.99403578 1
vt 0 1
vt 0.00000000 0
vt 0.98850298 0
vt 1 0.05942205
vt 0.52680755 0.93202031
vt 0.52680755 1
vt 0 1
vt 0.00000000 0.00000000
vt 0 1
vt 1 1
vt 1 0.93202031
vt 0.63403398 0.05942205
vt 0.64292574 0
vt 0.08985214 0.00000000
vt 0.00596421 1
vt 0.14877403 0
vt 1 0.00000000
vt 1 1
vt -0.00000000 0.00000000
vt 1 0.00000000
vt 1 1
vt -0.00000000 1
vt 1 0.00000000
vt 1 1
vt 0.00000000 1
vt 0.00000000 0.00000000
vt 0.30312076 0
vt 1 0.99989784
vt 1 1
vt 0 1
vt 0.00000000 0.00000000
vt 0 0
vt 1 0
vt 1 1
vt 0 1
vt 0.31843275 0.00000000
vt 0 0.55810177
vt 0 1
vt 1 1
vt 1 0
vt 0.72316730 0.00000000
vt 0 0
vt 0.12385472 1
vt 1 1
vt 1 0.99976885
vt 0.60127705 1
vt 0.00592885 1
vt 0.18162397 0.00000000
vt 0.99407113 0
vt 0.64725506 0.44195524
vt 1 1
vt 0.53398770 1
vt 0 0.00000000
vt 0.64725506 0
vt 1 0.81774527
vt 0.78173125 0.81774527
vt 0.48002139 0.11682094
vt 0.25066918 0.75367278
vt 0.25066918 1
vt 0.09727907 0.50534660
vt 0.06015173 0.50534660
vt 0.06015173 0.76477152
vt 0 0.76477152
vt 0 0.63137323
vt 0.16318941 0
vt 0.78863949 0
vt 0 1
vt 0.81259835 1
vt 0.81259835 0.85346979
vt 1 0
vt 0.00000000 0.00000000
vt 0.61886805 0.89125252
vt 1 0.89125252
vt 0.76163214 0
vt 0.15760089 0
vt 0 0.58926648
vt 0 1
vt 0.08523268 1
vt 0.08523268 0.59968799
vt 0.13503374 0.59968799
vt 0.26348436 1
vt 0.28359398 1
vt 0.28359398 0.59202206
vt 0.46358278 0.10903006
vt 0.61886805 0.45766488
vt 0.12622328 0
vt 0.00000000 0.43999550
vt 0 1
vt 0.75765687 1
vt 1 0.00000000
vt 0.83653349 1
vt 0.27302393 1
vt 0 0
vt 1 0.00000000
vt 1 0.48446274
vt 1 0
vt 0.00000000 0.00000000
vt 0 1
vt 1 1
vt 1 0.00596421
vt 0 0.73990166
vt 0 1
vt 1 1
vn -0.29108980 -0.28039831 0.91468221
vn -0.29108980 -0.28039831 0.91468221
vn -0.29108980 -0.28039831 0.91468221
vn -1 0 0
vn -1 0 0
vn -1 0 0
vn -1 0 0
vn -0.64887691 0.72747856 0.22301053
vn -0.64887691 0.72747856 0.22301053
vn -0.64887691 0.72747856 0.22301053
vn -0.64887691 0.72747856 0.22301053
vn -0.64887691 0.72747856 0.22301053
vn -0.64887691 0.72747856 0.22301053
vn 0.00000000 0.46880782 0.88330019
vn 0.00000000 0.46880782 0.88330019
vn 0.00000000 0.46880782 0.88330019
vn 0.00000000 0.46880782 0.88330019
vn 0.00000000 0.46880782 0.88330019
vn 0.00000000 0.46880782 0.88330019
vn 0.81764483 -0.55043995 -0.16873886
vn 0.81764483 -0.55043995 -0.16873886
vn 0.81764483 -0.55043995 -0.16873886
vn 0.81764483 -0.55043995 -0.16873886
vn 0 -0.95608473 -0.29309037
vn 0 -0.95608473 -0.29309037
vn 0 -0.95608473 -0.29309037
vn 0 -0.95608473 -0.29309037
vn -0.81764483 -0.55043995 -0.16873886
vn -0.81764483 -0.55043995 -0.16873886
vn -0.81764483 -0.55043995 -0.16873886
vn -0.81764483 -0.55043995 -0.16873886
vn -1 0 0
vn -1 0 0
vn -1 0 0
vn -1 0 0
vn -1 0 0
vn 0 0.95608473 0.29309037
vn 0 0.95608473 0.29309037
vn 0 0.95608473 0.29309037
vn 0 0.95608473 0.29309037
vn 0.00000000 0.12283422 0.99242723
vn 0.00000000 0.12283422 0.99242723
vn 0.00000000 0.12283422 0.99242723
vn 0.00000000 0.12283422 0.99242723
vn 0.00000000 0.12283422 0.99242723
vn 1 0 0
vn 1 0 0
vn 1 0 0
vn 1 0 0
vn 1 0 0
vn 0.70710677 -0.20724618 0.67605400
vn 0.70710677 -0.20724618 0.67605400
vn 0.70710677 -0.20724618 0.67605400
vn 0.70710677 -0.20724618 0.67605400
vn 0.00000000 0.46880782 0.88330019
vn 0.00000000 0.46880782 0.88330019
vn 0.00000000 0.46880782 0.88330019
vn 0.00000000 0.46880782 0.88330019
vn 0.00000000 0.46880782 0.88330019
vn 0.00000000 -0.29309037 0.95608473
vn 0.00000000 -0.29309037 0.95608473
vn 0.00000000 -0.29309037 0.95608473
vn 0.00000000 -0.29309037 0.95608473
vn 0.00000000 -0.29309037 0.95608473
vn 0.00000000 -0.29309037 0.95608473
vn 0.00000000 -0.29309037 0.95608473
vn 0.00000000 -0.29309037 0.95608473
vn 0.00000000 -0.29309037 0.95608473
vn 0.00000000 -0.29309037 0.95608473
vn 0.00000000 -0.29309037 0.95608473
vn 0.00000000 -0.29309037 0.95608473
vn 0.71382481 0.66956937 0.20525829
vn 0.71382481 0.66956937 0.20525829
vn 0.71382481 0.66956937 0.20525829
vn 0.71382481 0.66956937 0.20525829
vn 0.71382481 0.66956937 0.20525829
vn -0.00000000 0.29309037 -0.95608473
vn -0.00000000 0.29309037 -0.95608473
vn -0.00000000 0.29309037 -0.95608473
vn -0.00000000 0.29309037 -0.95608473
vn -0.00000000 0.29309037 -0.95608473
vn -0.00000000 0.29309037 -0.95608473
vn -0.00000000 0.29309037 -0.95608473
vn -0.00000000 0.29309037 -0.95608473
vn -0.00000000 0.29309037 -0.95608473
vn -0.00000000 0.29309037 -0.95608473
vn -0.00000000 0.29309037 -0.95608473
vn -0.00000000 0.29309037 -0.95608473
vn -0.00000000 0.29309037 -0.95608473
vn -0.00000000 0.29309037 -0.95608473
vn -0.76390654 0.61698717 0.18913908
vn -0.76390654 0.61698717 0.18913908
vn -0.76390654 0.61698717 0.18913908
vn -0.76390654 0.61698717 0.18913908
vn -0.76390654 0.61698717 0.18913908
vn 0.70710677 -0.20724618 0.67605400
vn 0.70710677 -0.20724618 0.67605400
vn 0.70710677 -0.20724618 0.67605400
vn 0.70710677 -0.20724618 0.67605400
vn 0.70710677 -0.20724618 0.67605400
vn 1 0 0
vn 1 0 0
vn 1 0 0
vn 1 0 0
vn 0 0.95608473 0.29309037
vn 0 0.95608473 0.29309037
vn 0 0.95608473 0.29309037
vn 0 0.95608473 0.29309037
f 1356/3883/3883 1357/3884/3884 1358/3885/3885
f 1357/3886/3886 1359/3887/3887 1360/3888/3888 1358/3889/3889
f 1361/3890/3890 1356/3891/3891 1358/3892/3892 1360/3893/3893 1362/3894/3894 1363/3895/3895
f 1364/3896/3896 1359/3897/3897 1357/3898/3898 1356/3899/3899 1361/3900/3900 1365/3901/3901
f 1364/3902/3902 1365/3903/3903 1366/3904/3904 1367/3905/3905
f 1366/3906/3906 1368/3907/3907 1369/3908/3908 1367/3909/3909
f 1370/3910/3910 1371/3911/3911 1369/3912/3912 1368/3913/3913
f 1372/3914/3914 1373/3915/3915 1374/3916/3916 1371/3917/3917 1370/3918/3918
f 1373/3919/3919 1375/3920/3920 1376/3921/3921 1374/3922/3922
f 1377/3923/3923 1378/3924/3924 1375/3925/3925 1373/3926/3926 1372/3927/3927
f 1378/3928/3928 1379/3929/3929 1380/3930/3930 1376/3931/3931 1375/3932/3932
f 1377/3933/3933 1381/3934/3934 1379/3935/3935 1378/3936/3936
f 1379/3937/3937 1381/3938/3938 1382/3939/3939 1383/3940/3940 1380/3941/3941
f 1365/3942/3942 1361/3943/3943 1363/3944/3944 1384/3945/3945 1385/3946/3946 1382/3947/3947 1381/3948/3948 1377/3949/3949 1372/3950/3950 1370/3951/3951 1368/3952/3952 1366/3953/3953
f 1362/3954/3954 1386/3955/3955 1387/3956/3956 1384/3957/3957 1363/3958/3958
f 1359/3959/3959 1364/3960/3960 1367/3961/3961 1369/3962/3962 1371/3963/3963 1374/3964/3964 1376/3965/3965 1380/3966/3966 1383/3967/3967 1388/3968/3968 1389/3969/3969 1386/3970/3970 1362/3971/3971 1360/3972/3972
f 1385/3973/3973 1390/3974/3974 1388/3975/3975 1383/3976/3976 1382/3977/3977
f 1385/3978/3978 1384/3979/3979 1387/3980/3980 1391/3981/3981 1390/3982/3982
f 1391/3983/3983 1387/3984/3984 1386/3985/3985 1389/3986/3986
f 1390/3987/3987 1391/3988/3988 1389/3989/3989 1388/3990/3990
o Extruded.068
v -2.08056974 -2.14136124 0.42117572
v -2.09201145 -2.13701248 0.41886762
v -2.09201145 -2.14966965 0.41498750
v -2.09201145 -2.13667369 0.41868782
v -2.09201145 -2.14959025 0.41472819
v -2.08084774 -2.14165735 0.42133290
v -2.10474944 -2.15997601 0.41154441
v -2.10474944 -2.16114545 0.41535881
v -2.06074691 -2.13667369 0.41868782
v -2.06355596 -2.14165735 0.42133290
v -2.08030033 -2.16439342 0.41436312
v -2.08030033 -2.16322398 0.41054872
v -2.12984943 -2.16439342 0.41436312
v -2.12984943 -2.16322398 0.41054872
v -2.14277744 -2.14683914 0.41974443
v -2.14277744 -2.14566970 0.41593000
v -2.14277744 -2.14313030 0.42088139
v -2.14277744 -2.13343406 0.41968131
v -2.14277744 -2.13343406 0.41968092
v -2.13578582 -2.13343406 0.41968131
v -2.13578582 -2.13343406 0.41968092
v -2.13801217 -2.14313030 0.42088139
v -2.13578582 -2.13771892 0.42021164
v -2.13578582 -2.14756203 0.41719419
v -2.13578582 -2.14535928 0.41602519
v -2.13801217 -2.15034318 0.41867027
v -2.13507104 -2.15034318 0.41867027
v -2.13170052 -2.14535928 0.41602519
v -2.12291908 -2.14343882 0.42078680
v -2.12291908 -2.13659000 0.42288628
v -2.11951423 -2.14558768 0.41595519
v -2.11951423 -2.14575911 0.41651410
v -2.12116361 -2.13343406 0.41968092
v -2.11951423 -2.13343406 0.41968092
v -2.12116361 -2.13408899 0.42181700
v -2.11951423 -2.13360548 0.42023984
vt 0.26577780 0.00596421
vt 0.00592885 1
vt 0.99407113 1
vt 0.97408038 0.00000000
vt 0.99403578 1
vt 0 1
vt 0.00000000 0
vt 0.98850298 0
vt 1 0.05942205
vt 0.52680755 0.93202031
vt 0.52680755 1
vt 0 1
vt 0.00000000 0.00000000
vt 0 1
vt 1 1
vt 1 0.93202031
vt 0.63403398 0.05942205
vt 0.64292574 0
vt 0.08985214 0.00000000
vt 0.00596421 1
vt 0.14877403 0
vt 1 0.00000000
vt 1 1
vt -0.00000000 0.00000000
vt 1 0.00000000
vt 1 1
vt -0.00000000 1
vt 1 0.00000000
vt 1 1
vt 0.00000000 1
vt 0.00000000 0.00000000
vt 0.30312076 0
vt 1 0.99989784
vt 1 1
vt 0 1
vt 0.00000000 0.00000000
vt 0 0
vt 1 0
vt 1 1
vt 0 1
vt 0.31843275 0.00000000
vt 0 0.55810177
vt 0 1
vt 1 1
vt 1 0
vt 0.72316730 0.00000000
vt 0 0
vt 0.12385472 1
vt 1 1
vt 1 0.99976885
vt 0.60127705 1
vt 0.00592885 1
vt 0.18162397 0.00000000
vt 0.99407113 0
vt 0.64725506 0.44195524
vt 1 1
vt 0.53398770 1
vt 0 0.00000000
vt 0.64725506 0
vt 1 0.81774527
vt 0.78173125 0.81774527
vt 0.48002139 0.11682094
vt 0.25066918 0.75367278
vt 0.25066918 1
vt 0.09727907 0.50534660
vt 0.06015173 0.50534660
vt 0.06015173 0.76477152
vt 0 0.76477152
vt 0 0.63137323
vt 0.16318941 0
vt 0.78863949 0
vt 0 1
vt 0.81259835 1
vt 0.81259835 0.85346979
vt 1 0
vt 0.00000000 0.00000000
vt 0.61886805 0.89125252
vt 1 0.89125252
vt 0.76163214 0
vt 0.15760089 0
vt 0 0.58926648
vt 0 1
vt 0.08523268 1
vt 0.08523268 0.59968799
vt 0.13503374 0.59968799
vt 0.26348436 1
vt 0.28359398 1
vt 0.28359398 0.59202206
vt 0.46358278 0.10903006
vt 0.61886805 0.45766488
vt 0.12622328 0
vt 0.00000000 0.43999550
vt 0 1
vt 0.75765687 1
vt 1 0.00000000
vt 0.83653349 1
vt 0.27302393 1
vt 0 0
vt 1 0.00000000
vt 1 0.48446274
vt 1 0
vt 0.00000000 0.00000000
vt 0 1
vt 1 1
vt 1 0.00596421
vt 0 0.73990166
vt 0 1
vt 1 1
vn -0.29108980 -0.28039831 0.91468221
vn -0.29108980 -0.28039831 0.91468221
vn -0.29108980 -0.28039831 0.91468221
vn -1 0 0
vn -1 0 0
vn -1 0 0
vn -1 0 0
vn -0.64887691 0.72747856 0.22301053
vn -0.64887691 0.72747856 0.22301053
vn -0.64887691 0.72747856 0.22301053
vn -0.64887691 0.72747856 0.22301053
vn -0.64887691 0.72747856 0.22301053
vn -0.64887691 0.72747856 0.22301053
vn 0.00000000 0.46880782 0.88330019
vn 0.00000000 0.46880782 0.88330019
vn 0.00000000 0.46880782 0.88330019
vn 0.00000000 0.46880782 0.88330019
vn 0.00000000 0.46880782 0.88330019
vn 0.00000000 0.46880782 0.88330019
vn 0.81764483 -0.55043995 -0.16873886
vn 0.81764483 -0.55043995 -0.16873886
vn 0.81764483 -0.55043995 -0.16873886
vn 0.81764483 -0.55043995 -0.16873886
vn 0 -0.95608473 -0.29309037
vn 0 -0.95608473 -0.29309037
vn 0 -0.95608473 -0.29309037
vn 0 -0.95608473 -0.29309037
vn -0.81764483 -0.55043995 -0.16873886
vn -0.81764483 -0.55043995 -0.16873886
vn -0.81764483 -0.55043995 -0.16873886
vn -0.81764483 -0.55043995 -0.16873886
vn -1 0 0
vn -1 0 0
vn -1 0 0
vn -1 0 0
vn -1 0 0
vn 0 0.95608473 0.29309037
vn 0 0.95608473 0.29309037
vn 0 0.95608473 0.29309037
vn 0 0.95608473 0.29309037
vn 0.00000000 0.12283422 0.99242723
vn 0.00000000 0.12283422 0.99242723
vn 0.00000000 0.12283422 0.99242723
vn 0.00000000 0.12283422 0.99242723
vn 0.00000000 0.12283422 0.99242723
vn 1 0 0
vn 1 0 0
vn 1 0 0
vn 1 0 0
vn 1 0 0
vn 0.70710677 -0.20724618 0.67605400
vn 0.70710677 -0.20724618 0.67605400
vn 0.70710677 -0.20724618 0.67605400
vn 0.70710677 -0.20724618 0.67605400
vn 0.00000000 0.46880782 0.88330019
vn 0.00000000 0.46880782 0.88330019
vn 0.00000000 0.46880782 0.88330019
vn 0.00000000 0.46880782 0.88330019
vn 0.00000000 0.46880782 0.88330019
vn 0.00000000 -0.29309037 0.95608473
vn 0.00000000 -0.29309037 0.95608473
vn 0.00000000 -0.29309037 0.95608473
vn 0.00000000 -0.29309037 0.95608473
vn 0.00000000 -0.29309037 0.95608473
vn 0.00000000 -0.29309037 0.95608473
vn 0.00000000 -0.29309037 0.95608473
vn 0.00000000 -0.29309037 0.95608473
vn 0.00000000 -0.29309037 0.95608473
vn 0.00000000 -0.29309037 0.95608473
vn 0.00000000 -0.29309037 0.95608473
vn 0.00000000 -0.29309037 0.95608473
vn 0.71382481 0.66956937 0.20525829
vn 0.71382481 0.66956937 0.20525829
vn 0.71382481 0.66956937 0.20525829
vn 0.71382481 0.66956937 0.20525829
vn 0.71382481 0.66956937 0.20525829
vn -0.00000000 0.29309037 -0.95608473
vn -0.00000000 0.29309037 -0.95608473
vn -0.00000000 0.29309037 -0.95608473
vn -0.00000000 0.29309037 -0.95608473
vn -0.00000000 0.29309037 -0.95608473
vn -0.00000000 0.29309037 -0.95608473
vn -0.00000000 0.29309037 -0.95608473
vn -0.00000000 0.29309037 -0.95608473
vn -0.00000000 0.29309037 -0.95608473
vn -0.00000000 0.29309037 -0.95608473
vn -0.00000000 0.29309037 -0.95608473
vn -0.00000000 0.29309037 -0.95608473
vn -0.00000000 0.29309037 -0.95608473
vn -0.00000000 0.29309037 -0.95608473
vn -0.76390654 0.61698717 0.18913908
vn -0.76390654 0.61698717 0.18913908
vn -0.76390654 0.61698717 0.18913908
vn -0.76390654 0.61698717 0.18913908
vn -0.76390654 0.61698717 0.18913908
vn 0.70710677 -0.20724618 0.67605400
vn 0.70710677 -0.20724618 0.67605400
vn 0.70710677 -0.20724618 0.67605400
vn 0.70710677 -0.20724618 0.67605400
vn 0.70710677 -0.20724618 0.67605400
vn 1 0 0
vn 1 0 0
vn 1 0 0
vn 1 0 0
vn 0 0.95608473 0.29309037
vn 0 0.95608473 0.29309037
vn 0 0.95608473 0.29309037
vn 0 0.95608473 0.29309037
f 1392/3991/3991 1393/3992/3992 1394/3993/3993
f 1393/3994/3994 1395/3995/3995 1396/3996/3996 1394/3997/3997
f 1397/3998/3998 1392/3999/3999 1394/4000/4000 1396/4001/4001 1398/4002/4002 1399/4003/4003
f 1400/4004/4004 1395/4005/4005 1393/4006/4006 1392/4007/4007 1397/4008/4008 1401/4009/4009
f 1400/4010/4010 1401/4011/4011 1402/4012/4012 1403/4013/4013
f 1402/4014/4014 1404/4015/4015 1405/4016/4016 1403/4017/4017
f 1406/4018/4018 1407/4019/4019 1405/4020/4020 1404/4021/4021
f 1408/4022/4022 1409/4023/4023 1410/4024/4024 1407/4025/4025 1406/4026/4026
f 1409/4027/4027 1411/4028/4028 1412/4029/4029 1410/4030/4030
f 1413/4031/4031 1414/4032/4032 1411/4033/4033 1409/4034/4034 1408/4035/4035
f 1414/4036/4036 1415/4037/4037 1416/4038/4038 1412/4039/4039 1411/4040/4040
f 1413/4041/4041 1417/4042/4042 1415/4043/4043 1414/4044/4044
f 1415/4045/4045 1417/4046/4046 1418/4047/4047 1419/4048/4048 1416/4049/4049
f 1401/4050/4050 1397/4051/4051 1399/4052/4052 1420/4053/4053 1421/4054/4054 1418/4055/4055 1417/4056/4056 1413/4057/4057 1408/4058/4058 1406/4059/4059 1404/4060/4060 1402/4061/4061
f 1398/4062/4062 1422/4063/4063 1423/4064/4064 1420/4065/4065 1399/4066/4066
f 1395/4067/4067 1400/4068/4068 1403/4069/4069 1405/4070/4070 1407/4071/4071 1410/4072/4072 1412/4073/4073 1416/4074/4074 1419/4075/4075 1424/4076/4076 1425/4077/4077 1422/4078/4078 1398/4079/4079 1396/4080/4080
f 1421/4081/4081 1426/4082/4082 1424/4083/4083 1419/4084/4084 1418/4085/4085
f 1421/4086/4086 1420/4087/4087 1423/4088/4088 1427/4089/4089 1426/4090/4090
f 1427/4091/4091 1423/4092/4092 1422/4093/4093 1425/4094/4094
f 1426/4095/4095 1427/4096/4096 1425/4097/4097 1424/4098/4098
o Extruded.068
v -2.08047128 -2.12821388 0.42117572
v -2.09191298 -2.12386513 0.41886762
v -2.09191298 -2.13652229 0.41498750
v -2.09191298 -2.12352633 0.41868782
v -2.09191298 -2.13644290 0.41472819
v -2.08074927 -2.12851000 0.42133290
v -2.10465097 -2.14682865 0.41154441
v -2.10465097 -2.14799809 0.41535881
v -2.06064844 -2.12352633 0.41868782
v -2.06345749 -2.12851000 0.42133290
v -2.08020186 -2.15124607 0.41436312
v -2.08020186 -2.15007663 0.41054872
v -2.12975097 -2.15124607 0.41436312
v -2.12975097 -2.15007663 0.41054872
v -2.14267898 -2.13369179 0.41974443
v -2.14267898 -2.13252234 0.41593000
v -2.14267898 -2.12998295 0.42088139
v -2.14267898 -2.12028670 0.41968131
v -2.14267898 -2.12028670 0.41968092
v -2.13568735 -2.12028670 0.41968131
v -2.13568735 -2.12028670 0.41968092
v -2.13791370 -2.12998295 0.42088139
v -2.13568735 -2.12457156 0.42021164
v -2.13568735 -2.13441467 0.41719419
v -2.13568735 -2.13221192 0.41602519
v -2.13791370 -2.13719583 0.41867027
v -2.13497257 -2.13719583 0.41867027
v -2.13160205 -2.13221192 0.41602519
v -2.12282062 -2.13029146 0.42078680
v -2.12282062 -2.12344265 0.42288628
v -2.11941576 -2.13244033 0.41595519
v -2.11941576 -2.13261175 0.41651410
v -2.12106514 -2.12028670 0.41968092
v -2.11941576 -2.12028670 0.41968092
v -2.12106514 -2.12094164 0.42181700
v -2.11941576 -2.12045813 0.42023984
vt 0.26577780 0.00596421
vt 0.00592885 1
vt 0.99407113 1
vt 0.97408038 0.00000000
vt 0.99403578 1
vt 0 1
vt 0.00000000 0
vt 0.98850298 0
vt 1 0.05942205
vt 0.52680755 0.93202031
vt 0.52680755 1
vt 0 1
vt 0.00000000 0.00000000
vt 0 1
vt 1 1
vt 1 0.93202031
vt 0.63403398 0.05942205
vt 0.64292574 0
vt 0.08985214 0.00000000
vt 0.00596421 1
vt 0.14877403 0
vt 1 0.00000000
vt 1 1
vt -0.00000000 0.00000000
vt 1 0.00000000
vt 1 1
vt -0.00000000 1
vt 1 0.00000000
vt 1 1
vt 0.00000000 1
vt 0.00000000 0.00000000
vt 0.30312076 0
vt 1 0.99989784
vt 1 1
vt 0 1
vt 0.00000000 0.00000000
vt 0 0
vt 1 0
vt 1 1
vt 0 1
vt 0.31843275 0.00000000
vt 0 0.55810177
vt 0 1
vt 1 1
vt 1 0
vt 0.72316730 0.00000000
vt 0 0
vt 0.12385472 1
vt 1 1
vt 1 0.99976885
vt 0.60127705 1
vt 0.00592885 1
vt 0.18162397 0.00000000
vt 0.99407113 0
vt 0.64725506 0.44195524
vt 1 1
vt 0.53398770 1
vt 0 0.00000000
vt 0.64725506 0
vt 1 0.81774527
vt 0.78173125 0.81774527
vt 0.48002139 0.11682094
vt 0.25066918 0.75367278
vt 0.25066918 1
vt 0.09727907 0.50534660
vt 0.06015173 0.50534660
vt 0.06015173 0.76477152
vt 0 0.76477152
vt 0 0.63137323
vt 0.16318941 0
vt 0.78863949 0
vt 0 1
vt 0.81259835 1
vt 0.81259835 0.85346979
vt 1 0
vt 0.00000000 0.00000000
vt 0.61886805 0.89125252
vt 1 0.89125252
vt 0.76163214 0
vt 0.15760089 0
vt 0 0.58926648
vt 0 1
vt 0.08523268 1
vt 0.08523268 0.59968799
vt 0.13503374 0.59968799
vt 0.26348436 1
vt 0.28359398 1
vt 0.28359398 0.59202206
vt 0.46358278 0.10903006
vt 0.61886805 0.45766488
vt 0.12622328 0
vt 0.00000000 0.43999550
vt 0 1
vt 0.75765687 1
vt 1 0.00000000
vt 0.83653349 1
vt 0.27302393 1
vt 0 0
vt 1 0.00000000
vt 1 0.48446274
vt 1 0
vt 0.00000000 0.00000000
vt 0 1
vt 1 1
vt 1 0.00596421
vt 0 0.73990166
vt 0 1
vt 1 1
vn -0.29108980 -0.28039831 0.91468221
vn -0.29108980 -0.28039831 0.91468221
vn -0.29108980 -0.28039831 0.91468221
vn -1 0 0
vn -1 0 0
vn -1 0 0
vn -1 0 0
vn -0.64887691 0.72747856 0.22301053
vn -0.64887691 0.72747856 0.22301053
vn -0.64887691 0.72747856 0.22301053
vn -0.64887691 0.72747856 0.22301053
vn -0.64887691 0.72747856 0.22301053
vn -0.64887691 0.72747856 0.22301053
vn 0.00000000 0.46880782 0.88330019
vn 0.00000000 0.46880782 0.88330019
vn 0.00000000 0.46880782 0.88330019
vn 0.00000000 0.46880782 0.88330019
vn 0.00000000 0.46880782 0.88330019
vn 0.00000000 0.46880782 0.88330019
vn 0.81764483 -0.55043995 -0.16873886
vn 0.81764483 -0.55043995 -0.16873886
vn 0.81764483 -0.55043995 -0.16873886
vn 0.81764483 -0.55043995 -0.16873886
vn 0 -0.95608473 -0.29309037
vn 0 -0.95608473 -0.29309037
vn 0 -0.95608473 -0.29309037
vn 0 -0.95608473 -0.29309037
vn -0.81764483 -0.55043995 -0.16873886
vn -0.81764483 -0.55043995 -0.16873886
vn -0.81764483 -0.55043995 -0.16873886
vn -0.81764483 -0.55043995 -0.16873886
vn -1 0 0
vn -1 0 0
vn -1 0 0
vn -1 0 0
vn -1 0 0
vn 0 0.95608473 0.29309037
vn 0 0.95608473 0.29309037
vn 0 0.95608473 0.29309037
vn 0 0.95608473 0.29309037
vn 0.00000000 0.12283422 0.99242723
vn 0.00000000 0.12283422 0.99242723
vn 0.00000000 0.12283422 0.99242723
vn 0.00000000 0.12283422 0.99242723
vn 0.00000000 0.12283422 0.99242723
vn 1 0 0
vn 1 0 0
vn 1 0 0
vn 1 0 0
vn 1 0 0
vn 0.70710677 -0.20724618 0.67605400
vn 0.70710677 -0.20724618 0.67605400
vn 0.70710677 -0.20724618 0.67605400
vn 0.70710677 -0.20724618 0.67605400
vn 0.00000000 0.46880782 0.88330019
vn 0.00000000 0.46880782 0.88330019
vn 0.00000000 0.46880782 0.88330019
vn 0.00000000 0.46880782 0.88330019
vn 0.00000000 0.46880782 0.88330019
vn 0.00000000 -0.29309037 0.95608473
vn 0.00000000 -0.29309037 0.95608473
vn 0.00000000 -0.29309037 0.95608473
vn 0.00000000 -0.29309037 0.95608473
vn 0.00000000 -0.29309037 0.95608473
vn 0.00000000 -0.29309037 0.95608473
vn 0.00000000 -0.29309037 0.95608473
vn 0.00000000 -0.29309037 0.95608473
vn 0.00000000 -0.29309037 0.95608473
vn 0.00000000 -0.29309037 0.95608473
vn 0.00000000 -0.29309037 0.95608473
vn 0.00000000 -0.29309037 0.95608473
vn 0.71382481 0.66956937 0.20525829
vn 0.71382481 0.66956937 0.20525829
vn 0.71382481 0.66956937 0.20525829
vn 0.71382481 0.66956937 0.20525829
vn 0.71382481 0.66956937 0.20525829
vn -0.00000000 0.29309037 -0.95608473
vn -0.00000000 0.29309037 -0.95608473
vn -0.00000000 0.29309037 -0.95608473
vn -0.00000000 0.29309037 -0.95608473
vn -0.00000000 0.29309037 -0.95608473
vn -0.00000000 0.29309037 -0.95608473
vn -0.00000000 0.29309037 -0.95608473
vn -0.00000000 0.29309037 -0.95608473
vn -0.00000000 0.29309037 -0.95608473
vn -0.00000000 0.29309037 -0.95608473
vn -0.00000000 0.29309037 -0.95608473
vn -0.00000000 0.29309037 -0.95608473
vn -0.00000000 0.29309037 -0.95608473
vn -0.00000000 0.29309037 -0.95608473
vn -0.76390654 0.61698717 0.18913908
vn -0.76390654 0.61698717 0.18913908
vn -0.76390654 0.61698717 0.18913908
vn -0.76390654 0.61698717 0.18913908
vn -0.76390654 0.61698717 0.18913908
vn 0.70710677 -0.20724618 0.67605400
vn 0.70710677 -0.20724618 0.67605400
vn 0.70710677 -0.20724618 0.67605400
vn 0.70710677 -0.20724618 0.67605400
vn 0.70710677 -0.20724618 0.67605400
vn 1 0 0
vn 1 0 0
vn 1 0 0
vn 1 0 0
vn 0 0.95608473 0.29309037
vn 0 0.95608473 0.29309037
vn 0 0.95608473 0.29309037
vn 0 0.95608473 0.29309037
f 1428/4099/4099 1429/4100/4100 1430/4101/4101
f 1429/4102/4102 1431/4103/4103 1432/4104/4104 1430/4105/4105
f 1433/4106/4106 1428/4107/4107 1430/4108/4108 1432/4109/4109 1434/4110/4110 1435/4111/4111
f 1436/4112/4112 1431/4113/4113 1429/4114/4114 1428/4115/4115 1433/4116/4116 1437/4117/4117
f 1436/4118/4118 1437/4119/4119 1438/4120/4120 1439/4121/4121
f 1438/4122/4122 1440/4123/4123 1441/4124/4124 1439/4125/4125
f 1442/4126/4126 1443/4127/4127 1441/4128/4128 1440/4129/4129
f 1444/4130/4130 1445/4131/4131 1446/4132/4132 1443/4133/4133 1442/4134/4134
f 1445/4135/4135 1447/4136/4136 1448/4137/4137 1446/4138/4138
f 1449/4139/4139 1450/4140/4140 1447/4141/4141 1445/4142/4142 1444/4143/4143
f 1450/4144/4144 1451/4145/4145 1452/4146/4146 1448/4147/4147 1447/4148/4148
f 1449/4149/4149 1453/4150/4150 1451/4151/4151 1450/4152/4152
f 1451/4153/4153 1453/4154/4154 1454/4155/4155 1455/4156/4156 1452/4157/4157
f 1437/4158/4158 1433/4159/4159 1435/4160/4160 1456/4161/4161 1457/4162/4162 1454/4163/4163 1453/4164/4164 1449/4165/4165 1444/4166/4166 1442/4167/4167 1440/4168/4168 1438/4169/4169
f 1434/4170/4170 1458/4171/4171 1459/4172/4172 1456/4173/4173 1435/4174/4174
f 1431/4175/4175 1436/4176/4176 1439/4177/4177 1441/4178/4178 1443/4179/4179 1446/4180/4180 1448/4181/4181 1452/4182/4182 1455/4183/4183 1460/4184/4184 1461/4185/4185 1458/4186/4186 1434/4187/4187 1432/4188/4188
f 1457/4189/4189 1462/4190/4190 1460/4191/4191 1455/4192/4192 1454/4193/4193
f 1457/4194/4194 1456/4195/4195 1459/4196/4196 1463/4197/4197 1462/4198/4198
f 1463/4199/4199 1459/4200/4200 1458/4201/4201 1461/4202/4202
f 1462/4203/4203 1463/4204/4204 1461/4205/4205 1460/4206/4206
o Extruded.021
v -1.43089366 -2.64248991 0.19263741
v -1.46383333 -2.67138004 0.13402571
v -1.44396245 -2.64248991 0.18783511
v -1.41092372 -2.64248991 0.09792444
v -1.39785492 -2.64248991 0.10272674
v -1.50111651 -2.67138004 0.23548688
v -1.36435449 -2.62232518 0.11503686
v -1.45429420 -2.62232518 0.35979566
v -1.47648478 -2.62232518 0.35164148
v -1.45429420 -2.51107883 0.35979566
v -1.36435449 -2.51107883 0.11503686
v -1.38654506 -2.62232518 0.10688267
v -1.38654506 -2.51107883 0.10688267
v -1.46200180 -2.61034584 0.35696340
v -1.47116280 -2.62232518 0.33715856
v -1.46200180 -2.51107883 0.35696340
v -1.47116280 -2.51107883 0.33715856
vt 0.00592885 0.00592885
vt 0.99407113 0.85879910
vt 0.11945617 0.99407113
vt 1 0.00000000
vt -0.00000000 0.00000000
vt -0.00000000 1
vt 1 1
vt 0.65269673 0.01386377
vt 1 0.42839915
vt 0.66557336 0.47987744
vt 0.97333908 0.84722143
vt 0.83781338 1
vt 0.00000000 -0.00000000
vt 0.10469812 0.00592885
vt 0.99407113 0.85879910
vt 0.00592885 0.99407113
vt 1 1
vt 1 -0.00000000
vt 0 0
vt 0 1
vt 0 1
vt 0 0.15344727
vt 0.71936780 0
vt 1 0
vt 0.47650725 0.15344727
vt 0.47650725 1
vt 0.64487827 0.91259098
vt 0.06387220 1
vt -0.00000000 0.92719722
vt 0.11290302 0.94082791
vt 0.89248580 0.00000000
vt 1 0.12254675
vt 0.69561374 0.48989075
vt 0.98836792 0.49805561
vt 0.65266043 1
vt 0.65266043 0.10768403
vt 0 0.00000000
vt 1 0
vt 1 1
vt 0.05917212 -0.00000000
vt 0.00000000 0.65266043
vt 0.00000000 1
vt 1 1
vt 1 -0.00000000
vt 1 0
vt 1 1
vt 0.00000000 1
vt 0.00000000 0
vt 0.11300600 1
vt 1 1
vt 1 0
vt 0.00596421 0
vn 0.19035380 0.83391732 -0.51802254
vn 0.19035380 0.83391732 -0.51802254
vn 0.19035380 0.83391732 -0.51802254
vn 0 -1 0
vn 0 -1 0
vn 0 -1 0
vn 0 -1 0
vn 0.46171927 -0.87064874 0.16966447
vn 0.46171927 -0.87064874 0.16966447
vn 0.46171927 -0.87064874 0.16966447
vn 0.46171927 -0.87064874 0.16966447
vn 0.46171927 -0.87064874 0.16966447
vn 0.46171927 -0.87064874 0.16966447
vn -0.15125628 -0.89871430 0.41162384
vn -0.15125628 -0.89871430 0.41162384
vn -0.15125628 -0.89871430 0.41162384
vn 0.93863469 0 0.34491295
vn 0.93863469 0 0.34491295
vn 0.93863469 0 0.34491295
vn 0.93863469 0 0.34491295
vn 0.34491295 0 -0.93863469
vn 0.34491295 0 -0.93863469
vn 0.34491295 0 -0.93863469
vn 0.34491295 0 -0.93863469
vn 0.34491295 0 -0.93863469
vn 0.34491295 0 -0.93863469
vn -0.57562363 0.78988397 -0.21152006
vn -0.57562363 0.78988397 -0.21152006
vn -0.57562363 0.78988397 -0.21152006
vn -0.57562363 0.78988397 -0.21152006
vn -0.57562363 0.78988397 -0.21152006
vn -0.57562363 0.78988397 -0.21152006
vn -0.57562363 0.78988397 -0.21152006
vn -0.57562363 0.78988397 -0.21152006
vn -0.34491295 0 0.93863469
vn -0.34491295 0 0.93863469
vn -0.34491295 0 0.93863469
vn -0.34491295 0 0.93863469
vn -0.34491295 0 0.93863469
vn 0 1 0
vn 0 1 0
vn 0 1 0
vn 0 1 0
vn 0 1 0
vn -0.93863469 0 -0.34491295
vn -0.93863469 0 -0.34491295
vn -0.93863469 0 -0.34491295
vn -0.93863469 0 -0.34491295
vn -0.90760523 0 0.41982466
vn -0.90760523 0 0.41982466
vn -0.90760523 0 0.41982466
vn -0.90760523 0 0.41982466
f 1464/4207/4207 1465/4208/4208 1466/4209/4209
f 1466/4210/4210 1467/4211/4211 1468/4212/4212 1464/4213/4213
f 1469/4214/4214 1465/4215/4215 1464/4216/4216 1468/4217/4217 1470/4218/4218 1471/4219/4219
f 1472/4220/4220 1469/4221/4221 1471/4222/4222
f 1473/4223/4223 1471/4224/4224 1470/4225/4225 1474/4226/4226
f 1474/4227/4227 1470/4228/4228 1468/4229/4229 1467/4230/4230 1475/4231/4231 1476/4232/4232
f 1469/4233/4233 1472/4234/4234 1477/4235/4235 1478/4236/4236 1475/4237/4237 1467/4238/4238 1466/4239/4239 1465/4240/4240
f 1479/4241/4241 1477/4242/4242 1472/4243/4243 1471/4244/4244 1473/4245/4245
f 1480/4246/4246 1479/4247/4247 1473/4248/4248 1474/4249/4249 1476/4250/4250
f 1478/4251/4251 1480/4252/4252 1476/4253/4253 1475/4254/4254
f 1477/4255/4255 1479/4256/4256 1480/4257/4257 1478/4258/4258
o Extruded.021
v -1.50756025 -2.64248991 0.19263741
v -1.54049993 -2.67138004 0.13402571
v -1.52062905 -2.64248991 0.18783511
v -1.48759031 -2.64248991 0.09792444
v -1.47452152 -2.64248991 0.10272674
v -1.57778311 -2.67138004 0.23548688
v -1.44102108 -2.62232518 0.11503686
v -1.53096080 -2.62232518 0.35979566
v -1.55315137 -2.62232518 0.35164148
v -1.53096080 -2.51107883 0.35979566
v -1.44102108 -2.51107883 0.11503686
v -1.46321166 -2.62232518 0.10688267
v -1.46321166 -2.51107883 0.10688267
v -1.53866839 -2.61034584 0.35696340
v -1.54782939 -2.62232518 0.33715856
v -1.53866839 -2.51107883 0.35696340
v -1.54782939 -2.51107883 0.33715856
vt 0.00592885 0.00592885
vt 0.99407113 0.85879910
vt 0.11945617 0.99407113
vt 1 0.00000000
vt -0.00000000 0.00000000
vt -0.00000000 1
vt 1 1
vt 0.65269673 0.01386377
vt 1 0.42839915
vt 0.66557336 0.47987744
vt 0.97333908 0.84722143
vt 0.83781338 1
vt 0.00000000 -0.00000000
vt 0.10469812 0.00592885
vt 0.99407113 0.85879910
vt 0.00592885 0.99407113
vt 1 1
vt 1 -0.00000000
vt 0 0
vt 0 1
vt 0 1
vt 0 0.15344727
vt 0.71936780 0
vt 1 0
vt 0.47650725 0.15344727
vt 0.47650725 1
vt 0.64487827 0.91259098
vt 0.06387220 1
vt -0.00000000 0.92719722
vt 0.11290302 0.94082791
vt 0.89248580 0.00000000
vt 1 0.12254675
vt 0.69561374 0.48989075
vt 0.98836792 0.49805561
vt 0.65266043 1
vt 0.65266043 0.10768403
vt 0 0.00000000
vt 1 0
vt 1 1
vt 0.05917212 -0.00000000
vt 0.00000000 0.65266043
vt 0.00000000 1
vt 1 1
vt 1 -0.00000000
vt 1 0
vt 1 1
vt 0.00000000 1
vt 0.00000000 0
vt 0.11300600 1
vt 1 1
vt 1 0
vt 0.00596421 0
vn 0.19035380 0.83391732 -0.51802254
vn 0.19035380 0.83391732 -0.51802254
vn 0.19035380 0.83391732 -0.51802254
vn 0 -1 0
vn 0 -1 0
vn 0 -1 0
vn 0 -1 0
vn 0.46171927 -0.87064874 0.16966447
vn 0.46171927 -0.87064874 0.16966447
vn 0.46171927 -0.87064874 0.16966447
vn 0.46171927 -0.87064874 0.16966447
vn 0.46171927 -0.87064874 0.16966447
vn 0.46171927 -0.87064874 0.16966447
vn -0.15125628 -0.89871430 0.41162384
vn -0.15125628 -0.89871430 0.41162384
vn -0.15125628 -0.89871430 0.41162384
vn 0.93863469 0 0.34491295
vn 0.93863469 0 0.34491295
vn 0.93863469 0 0.34491295
vn 0.93863469 0 0.34491295
vn 0.34491295 0 -0.93863469
vn 0.34491295 0 -0.93863469
vn 0.34491295 0 -0.93863469
vn 0.34491295 0 -0.93863469
vn 0.34491295 0 -0.93863469
vn 0.34491295 0 -0.93863469
vn -0.57562363 0.78988397 -0.21152006
vn -0.57562363 0.78988397 -0.21152006
vn -0.57562363 0.78988397 -0.21152006
vn -0.57562363 0.78988397 -0.21152006
vn -0.57562363 0.78988397 -0.21152006
vn -0.57562363 0.78988397 -0.21152006
vn -0.57562363 0.78988397 -0.21152006
vn -0.57562363 0.78988397 -0.21152006
vn -0.34491295 0 0.93863469
vn -0.34491295 0 0.93863469
vn -0.34491295 0 0.93863469
vn -0.34491295 0 0.93863469
vn -0.34491295 0 0.93863469
vn 0 1 0
vn 0 1 0
vn 0 1 0
vn 0 1 0
vn 0 1 0
vn -0.93863469 0 -0.34491295
vn -0.93863469 0 -0.34491295
vn -0.93863469 0 -0.34491295
vn -0.93863469 0 -0.34491295
vn -0.90760523 0 0.41982466
vn -0.90760523 0 0.41982466
vn -0.90760523 0 0.41982466
vn -0.90760523 0 0.41982466
f 1481/4259/4259 1482/4260/4260 1483/4261/4261
f 1483/4262/4262 1484/4263/4263 1485/4264/4264 1481/4265/4265
f 1486/4266/4266 1482/4267/4267 1481/4268/4268 1485/4269/4269 1487/4270/4270 1488/4271/4271
f 1489/4272/4272 1486/4273/4273 1488/4274/4274
f 1490/4275/4275 1488/4276/4276 1487/4277/4277 1491/4278/4278
f 1491/4279/4279 1487/4280/4280 1485/4281/4281 1484/4282/4282 1492/4283/4283 1493/4284/4284
f 1486/4285/4285 1489/4286/4286 1494/4287/4287 1495/4288/4288 1492/4289/4289 1484/4290/4290 1483/4291/4291 1482/4292/4292
f 1496/4293/4293 1494/4294/4294 1489/4295/4295 1488/4296/4296 1490/4297/4297
f 1497/4298/4298 1496/4299/4299 1490/4300/4300 1491/4301/4301 1493/4302/4302
f 1495/4303/4303 1497/4304/4304 1493/4305/4305 1492/4306/4306
f 1494/4307/4307 1496/4308/4308 1497/4309/4309 1495/4310/4310
o Extruded.021
v -1.58422697 -2.64248991 0.19263741
v -1.61716664 -2.67138004 0.13402571
v -1.59729576 -2.64248991 0.18783511
v -1.56425703 -2.64248991 0.09792444
v -1.55118823 -2.64248991 0.10272674
v -1.65444982 -2.67138004 0.23548688
v -1.51768780 -2.62232518 0.11503686
v -1.60762751 -2.62232518 0.35979566
v -1.62981808 -2.62232518 0.35164148
v -1.60762751 -2.51107883 0.35979566
v -1.51768780 -2.51107883 0.11503686
v -1.53987837 -2.62232518 0.10688267
v -1.53987837 -2.51107883 0.10688267
v -1.61533511 -2.61034584 0.35696340
v -1.62449610 -2.62232518 0.33715856
v -1.61533511 -2.51107883 0.35696340
v -1.62449610 -2.51107883 0.33715856
vt 0.00592885 0.00592885
vt 0.99407113 0.85879910
vt 0.11945617 0.99407113
vt 1 0.00000000
vt -0.00000000 0.00000000
vt -0.00000000 1
vt 1 1
vt 0.65269673 0.01386377
vt 1 0.42839915
vt 0.66557336 0.47987744
vt 0.97333908 0.84722143
vt 0.83781338 1
vt 0.00000000 -0.00000000
vt 0.10469812 0.00592885
vt 0.99407113 0.85879910
vt 0.00592885 0.99407113
vt 1 1
vt 1 -0.00000000
vt 0 0
vt 0 1
vt 0 1
vt 0 0.15344727
vt 0.71936780 0
vt 1 0
vt 0.47650725 0.15344727
vt 0.47650725 1
vt 0.64487827 0.91259098
vt 0.06387220 1
vt -0.00000000 0.92719722
vt 0.11290302 0.94082791
vt 0.89248580 0.00000000
vt 1 0.12254675
vt 0.69561374 0.48989075
vt 0.98836792 0.49805561
vt 0.65266043 1
vt 0.65266043 0.10768403
vt 0 0.00000000
vt 1 0
vt 1 1
vt 0.05917212 -0.00000000
vt 0.00000000 0.65266043
vt 0.00000000 1
vt 1 1
vt 1 -0.00000000
vt 1 0
vt 1 1
vt 0.00000000 1
vt 0.00000000 0
vt 0.11300600 1
vt 1 1
vt 1 0
vt 0.00596421 0
vn 0.19035380 0.83391732 -0.51802254
vn 0.19035380 0.83391732 -0.51802254
vn 0.19035380 0.83391732 -0.51802254
vn 0 -1 0
vn 0 -1 0
vn 0 -1 0
vn 0 -1 0
vn 0.46171927 -0.87064874 0.16966447
vn 0.46171927 -0.87064874 0.16966447
vn 0.46171927 -0.87064874 0.16966447
vn 0.46171927 -0.87064874 0.16966447
vn 0.46171927 -0.87064874 0.16966447
vn 0.46171927 -0.87064874 0.16966447
vn -0.15125628 -0.89871430 0.41162384
vn -0.15125628 -0.89871430 0.41162384
vn -0.15125628 -0.89871430 0.41162384
vn 0.93863469 0 0.34491295
vn 0.93863469 0 0.34491295
vn 0.93863469 0 0.34491295
vn 0.93863469 0 0.34491295
vn 0.34491295 0 -0.93863469
vn 0.34491295 0 -0.93863469
vn 0.34491295 0 -0.93863469
vn 0.34491295 0 -0.93863469
vn 0.34491295 0 -0.93863469
vn 0.34491295 0 -0.93863469
vn -0.57562363 0.78988397 -0.21152006
vn -0.57562363 0.78988397 -0.21152006
vn -0.57562363 0.78988397 -0.21152006
vn -0.57562363 0.78988397 -0.21152006
vn -0.57562363 0.78988397 -0.21152006
vn -0.57562363 0.78988397 -0.21152006
vn -0.57562363 0.78988397 -0.21152006
vn -0.57562363 0.78988397 -0.21152006
vn -0.34491295 0 0.93863469
vn -0.34491295 0 0.93863469
vn -0.34491295 0 0.93863469
vn -0.34491295 0 0.93863469
vn -0.34491295 0 0.93863469
vn 0 1 0
vn 0 1 0
vn 0 1 0
vn 0 1 0
vn 0 1 0
vn -0.93863469 0 -0.34491295
vn -0.93863469 0 -0.34491295
vn -0.93863469 0 -0.34491295
vn -0.93863469 0 -0.34491295
vn -0.90760523 0 0.41982466
vn -0.90760523 0 0.41982466
vn -0.90760523 0 0.41982466
vn -0.90760523 0 0.41982466
f 1498/4311/4311 1499/4312/4312 1500/4313/4313
f 1500/4314/4314 1501/4315/4315 1502/4316/4316 1498/4317/4317
f 1503/4318/4318 1499/4319/4319 1498/4320/4320 1502/4321/4321 1504/4322/4322 1505/4323/4323
f 1506/4324/4324 1503/4325/4325 1505/4326/4326
f 1507/4327/4327 1505/4328/4328 1504/4329/4329 1508/4330/4330
f 1508/4331/4331 1504/4332/4332 1502/4333/4333 1501/4334/4334 1509/4335/4335 1510/4336/4336
f 1503/4337/4337 1506/4338/4338 1511/4339/4339 1512/4340/4340 1509/4341/4341 1501/4342/4342 1500/4343/4343 1499/4344/4344
f 1513/4345/4345 1511/4346/4346 1506/4347/4347 1505/4348/4348 1507/4349/4349
f 1514/4350/4350 1513/4351/4351 1507/4352/4352 1508/4353/4353 1510/4354/4354
f 1512/4355/4355 1514/4356/4356 1510/4357/4357 1509/4358/4358
f 1511/4359/4359 1513/4360/4360 1514/4361/4361 1512/4362/4362
o Extruded.021
v -1.66089356 -2.64248991 0.19263741
v -1.69383323 -2.67138004 0.13402571
v -1.67396235 -2.64248991 0.18783511
v -1.64092362 -2.64248991 0.09792444
v -1.62785482 -2.64248991 0.10272674
v -1.73111641 -2.67138004 0.23548688
v -1.59435439 -2.62232518 0.11503686
v -1.68429410 -2.62232518 0.35979566
v -1.70648468 -2.62232518 0.35164148
v -1.68429410 -2.51107883 0.35979566
v -1.59435439 -2.51107883 0.11503686
v -1.61654496 -2.62232518 0.10688267
v -1.61654496 -2.51107883 0.10688267
v -1.69200170 -2.61034584 0.35696340
v -1.70116270 -2.62232518 0.33715856
v -1.69200170 -2.51107883 0.35696340
v -1.70116270 -2.51107883 0.33715856
vt 0.00592885 0.00592885
vt 0.99407113 0.85879910
vt 0.11945617 0.99407113
vt 1 0.00000000
vt -0.00000000 0.00000000
vt -0.00000000 1
vt 1 1
vt 0.65269673 0.01386377
vt 1 0.42839915
vt 0.66557336 0.47987744
vt 0.97333908 0.84722143
vt 0.83781338 1
vt 0.00000000 -0.00000000
vt 0.10469812 0.00592885
vt 0.99407113 0.85879910
vt 0.00592885 0.99407113
vt 1 1
vt 1 -0.00000000
vt 0 0
vt 0 1
vt 0 1
vt 0 0.15344727
vt 0.71936780 0
vt 1 0
vt 0.47650725 0.15344727
vt 0.47650725 1
vt 0.64487827 0.91259098
vt 0.06387220 1
vt -0.00000000 0.92719722
vt 0.11290302 0.94082791
vt 0.89248580 0.00000000
vt 1 0.12254675
vt 0.69561374 0.48989075
vt 0.98836792 0.49805561
vt 0.65266043 1
vt 0.65266043 0.10768403
vt 0 0.00000000
vt 1 0
vt 1 1
vt 0.05917212 -0.00000000
vt 0.00000000 0.65266043
vt 0.00000000 1
vt 1 1
vt 1 -0.00000000
vt 1 0
vt 1 1
vt 0.00000000 1
vt 0.00000000 0
vt 0.11300600 1
vt 1 1
vt 1 0
vt 0.00596421 0
vn 0.19035380 0.83391732 -0.51802254
vn 0.19035380 0.83391732 -0.51802254
vn 0.19035380 0.83391732 -0.51802254
vn 0 -1 0
vn 0 -1 0
vn 0 -1 0
vn 0 -1 0
vn 0.46171927 -0.87064874 0.16966447
vn 0.46171927 -0.87064874 0.16966447
vn 0.46171927 -0.87064874 0.16966447
vn 0.46171927 -0.87064874 0.16966447
vn 0.46171927 -0.87064874 0.16966447
vn 0.46171927 -0.87064874 0.16966447
vn -0.15125628 -0.89871430 0.41162384
vn -0.15125628 -0.89871430 0.41162384
vn -0.15125628 -0.89871430 0.41162384
vn 0.93863469 0 0.34491295
vn 0.93863469 0 0.34491295
vn 0.93863469 0 0.34491295
vn 0.93863469 0 0.34491295
vn 0.34491295 0 -0.93863469
vn 0.34491295 0 -0.93863469
vn 0.34491295 0 -0.93863469
vn 0.34491295 0 -0.93863469
vn 0.34491295 0 -0.93863469
vn 0.34491295 0 -0.93863469
vn -0.57562363 0.78988397 -0.21152006
vn -0.57562363 0.78988397 -0.21152006
vn -0.57562363 0.78988397 -0.21152006
vn -0.57562363 0.78988397 -0.21152006
vn -0.57562363 0.78988397 -0.21152006
vn -0.57562363 0.78988397 -0.21152006
vn -0.57562363 0.78988397 -0.21152006
vn -0.57562363 0.78988397 -0.21152006
vn -0.34491295 0 0.93863469
vn -0.34491295 0 0.93863469
vn -0.34491295 0 0.93863469
vn -0.34491295 0 0.93863469
vn -0.34491295 0 0.93863469
vn 0 1 0
vn 0 1 0
vn 0 1 0
vn 0 1 0
vn 0 1 0
vn -0.93863469 0 -0.34491295
vn -0.93863469 0 -0.34491295
vn -0.93863469 0 -0.34491295
vn -0.93863469 0 -0.34491295
vn -0.90760523 0 0.41982466
vn -0.90760523 0 0.41982466
vn -0.90760523 0 0.41982466
vn -0.90760523 0 0.41982466
f 1515/4363/4363 1516/4364/4364 1517/4365/4365
f 1517/4366/4366 1518/4367/4367 1519/4368/4368 1515/4369/4369
f 1520/4370/4370 1516/4371/4371 1515/4372/4372 1519/4373/4373 1521/4374/4374 1522/4375/4375
f 1523/4376/4376 1520/4377/4377 1522/4378/4378
f 1524/4379/4379 1522/4380/4380 1521/4381/4381 1525/4382/4382
f 1525/4383/4383 1521/4384/4384 1519/4385/4385 1518/4386/4386 1526/4387/4387 1527/4388/4388
f 1520/4389/4389 1523/4390/4390 1528/4391/4391 1529/4392/4392 1526/4393/4393 1518/4394/4394 1517/4395/4395 1516/4396/4396
f 1530/4397/4397 1528/4398/4398 1523/4399/4399 1522/4400/4400 1524/4401/4401
f 1531/4402/4402 1530/4403/4403 1524/4404/4404 1525/4405/4405 1527/4406/4406
f 1529/4407/4407 1531/4408/4408 1527/4409/4409 1526/4410/4410
f 1528/4411/4411 1530/4412/4412 1531/4413/4413 1529/4414/4414
o Extruded.021
v -1.73756027 -2.64248991 0.19263741
v -1.77049994 -2.67138004 0.13402571
v -1.75062907 -2.64248991 0.18783511
v -1.71759033 -2.64248991 0.09792444
v -1.70452154 -2.64248991 0.10272674
v -1.80778313 -2.67138004 0.23548688
v -1.67102110 -2.62232518 0.11503686
v -1.76096082 -2.62232518 0.35979566
v -1.78315139 -2.62232518 0.35164148
v -1.76096082 -2.51107883 0.35979566
v -1.67102110 -2.51107883 0.11503686
v -1.69321167 -2.62232518 0.10688267
v -1.69321167 -2.51107883 0.10688267
v -1.76866841 -2.61034584 0.35696340
v -1.77782941 -2.62232518 0.33715856
v -1.76866841 -2.51107883 0.35696340
v -1.77782941 -2.51107883 0.33715856
vt 0.00592885 0.00592885
vt 0.99407113 0.85879910
vt 0.11945617 0.99407113
vt 1 0.00000000
vt -0.00000000 0.00000000
vt -0.00000000 1
vt 1 1
vt 0.65269673 0.01386377
vt 1 0.42839915
vt 0.66557336 0.47987744
vt 0.97333908 0.84722143
vt 0.83781338 1
vt 0.00000000 -0.00000000
vt 0.10469812 0.00592885
vt 0.99407113 0.85879910
vt 0.00592885 0.99407113
vt 1 1
vt 1 -0.00000000
vt 0 0
vt 0 1
vt 0 1
vt 0 0.15344727
vt 0.71936780 0
vt 1 0
vt 0.47650725 0.15344727
vt 0.47650725 1
vt 0.64487827 0.91259098
vt 0.06387220 1
vt -0.00000000 0.92719722
vt 0.11290302 0.94082791
vt 0.89248580 0.00000000
vt 1 0.12254675
vt 0.69561374 0.48989075
vt 0.98836792 0.49805561
vt 0.65266043 1
vt 0.65266043 0.10768403
vt 0 0.00000000
vt 1 0
vt 1 1
vt 0.05917212 -0.00000000
vt 0.00000000 0.65266043
vt 0.00000000 1
vt 1 1
vt 1 -0.00000000
vt 1 0
vt 1 1
vt 0.00000000 1
vt 0.00000000 0
vt 0.11300600 1
vt 1 1
vt 1 0
vt 0.00596421 0
vn 0.19035380 0.83391732 -0.51802254
vn 0.19035380 0.83391732 -0.51802254
vn 0.19035380 0.83391732 -0.51802254
vn 0 -1 0
vn 0 -1 0
vn 0 -1 0
vn 0 -1 0
vn 0.46171927 -0.87064874 0.16966447
vn 0.46171927 -0.87064874 0.16966447
vn 0.46171927 -0.87064874 0.16966447
vn 0.46171927 -0.87064874 0.16966447
vn 0.46171927 -0.87064874 0.16966447
vn 0.46171927 -0.87064874 0.16966447
vn -0.15125628 -0.89871430 0.41162384
vn -0.15125628 -0.89871430 0.41162384
vn -0.15125628 -0.89871430 0.41162384
vn 0.93863469 0 0.34491295
vn 0.93863469 0 0.34491295
vn 0.93863469 0 0.34491295
vn 0.93863469 0 0.34491295
vn 0.34491295 0 -0.93863469
vn 0.34491295 0 -0.93863469
vn 0.34491295 0 -0.93863469
vn 0.34491295 0 -0.93863469
vn 0.34491295 0 -0.93863469
vn 0.34491295 0 -0.93863469
vn -0.57562363 0.78988397 -0.21152006
vn -0.57562363 0.78988397 -0.21152006
vn -0.57562363 0.78988397 -0.21152006
vn -0.57562363 0.78988397 -0.21152006
vn -0.57562363 0.78988397 -0.21152006
vn -0.57562363 0.78988397 -0.21152006
vn -0.57562363 0.78988397 -0.21152006
vn -0.57562363 0.78988397 -0.21152006
vn -0.34491295 0 0.93863469
vn -0.34491295 0 0.93863469
vn -0.34491295 0 0.93863469
vn -0.34491295 0 0.93863469
vn -0.34491295 0 0.93863469
vn 0 1 0
vn 0 1 0
vn 0 1 0
vn 0 1 0
vn 0 1 0
vn -0.93863469 0 -0.34491295
vn -0.93863469 0 -0.34491295
vn -0.93863469 0 -0.34491295
vn -0.93863469 0 -0.34491295
vn -0.90760523 0 0.41982466
vn -0.90760523 0 0.41982466
vn -0.90760523 0 0.41982466
vn -0.90760523 0 0.41982466
f 1532/4415/4415 1533/4416/4416 1534/4417/4417
f 1534/4418/4418 1535/4419/4419 1536/4420/4420 1532/4421/4421
f 1537/4422/4422 1533/4423/4423 1532/4424/4424 1536/4425/4425 1538/4426/4426 1539/4427/4427
f 1540/4428/4428 1537/4429/4429 1539/4430/4430
f 1541/4431/4431 1539/4432/4432 1538/4433/4433 1542/4434/4434
f 1542/4435/4435 1538/4436/4436 1536/4437/4437 1535/4438/4438 1543/4439/4439 1544/4440/4440
f 1537/4441/4441 1540/4442/4442 1545/4443/4443 1546/4444/4444 1543/4445/4445 1535/4446/4446 1534/4447/4447 1533/4448/4448
f 1547/4449/4449 1545/4450/4450 1540/4451/4451 1539/4452/4452 1541/4453/4453
f 1548/4454/4454 1547/4455/4455 1541/4456/4456 1542/4457/4457 1544/4458/4458
f 1546/4459/4459 1548/4460/4460 1544/4461/4461 1543/4462/4462
f 1545/4463/4463 1547/4464/4464 1548/4465/4465 1546/4466/4466
o Extruded.021
v -1.81422698 -2.64248991 0.19263741
v -1.84716666 -2.67138004 0.13402571
v -1.82729578 -2.64248991 0.18783511
v -1.79425704 -2.64248991 0.09792444
v -1.78118825 -2.64248991 0.10272674
v -1.88444984 -2.67138004 0.23548688
v -1.74768782 -2.62232518 0.11503686
v -1.83762753 -2.62232518 0.35979566
v -1.85981810 -2.62232518 0.35164148
v -1.83762753 -2.51107883 0.35979566
v -1.74768782 -2.51107883 0.11503686
v -1.76987839 -2.62232518 0.10688267
v -1.76987839 -2.51107883 0.10688267
v -1.84533513 -2.61034584 0.35696340
v -1.85449612 -2.62232518 0.33715856
v -1.84533513 -2.51107883 0.35696340
v -1.85449612 -2.51107883 0.33715856
vt 0.00592885 0.00592885
vt 0.99407113 0.85879910
vt 0.11945617 0.99407113
vt 1 0.00000000
vt -0.00000000 0.00000000
vt -0.00000000 1
vt 1 1
vt 0.65269673 0.01386377
vt 1 0.42839915
vt 0.66557336 0.47987744
vt 0.97333908 0.84722143
vt 0.83781338 1
vt 0.00000000 -0.00000000
vt 0.10469812 0.00592885
vt 0.99407113 0.85879910
vt 0.00592885 0.99407113
vt 1 1
vt 1 -0.00000000
vt 0 0
vt 0 1
vt 0 1
vt 0 0.15344727
vt 0.71936780 0
vt 1 0
vt 0.47650725 0.15344727
vt 0.47650725 1
vt 0.64487827 0.91259098
vt 0.06387220 1
vt -0.00000000 0.92719722
vt 0.11290302 0.94082791
vt 0.89248580 0.00000000
vt 1 0.12254675
vt 0.69561374 0.48989075
vt 0.98836792 0.49805561
vt 0.65266043 1
vt 0.65266043 0.10768403
vt 0 0.00000000
vt 1 0
vt 1 1
vt 0.05917212 -0.00000000
vt 0.00000000 0.65266043
vt 0.00000000 1
vt 1 1
vt 1 -0.00000000
vt 1 0
vt 1 1
vt 0.00000000 1
vt 0.00000000 0
vt 0.11300600 1
vt 1 1
vt 1 0
vt 0.00596421 0
vn 0.19035380 0.83391732 -0.51802254
vn 0.19035380 0.83391732 -0.51802254
vn 0.19035380 0.83391732 -0.51802254
vn 0 -1 0
vn 0 -1 0
vn 0 -1 0
vn 0 -1 0
vn 0.46171927 -0.87064874 0.16966447
vn 0.46171927 -0.87064874 0.16966447
vn 0.46171927 -0.87064874 0.16966447
vn 0.46171927 -0.87064874 0.16966447
vn 0.46171927 -0.87064874 0.16966447
vn 0.46171927 -0.87064874 0.16966447
vn -0.15125628 -0.89871430 0.41162384
vn -0.15125628 -0.89871430 0.41162384
vn -0.15125628 -0.89871430 0.41162384
vn 0.93863469 0 0.34491295
vn 0.93863469 0 0.34491295
vn 0.93863469 0 0.34491295
vn 0.93863469 0 0.34491295
vn 0.34491295 0 -0.93863469
vn 0.34491295 0 -0.93863469
vn 0.34491295 0 -0.93863469
vn 0.34491295 0 -0.93863469
vn 0.34491295 0 -0.93863469
vn 0.34491295 0 -0.93863469
vn -0.57562363 0.78988397 -0.21152006
vn -0.57562363 0.78988397 -0.21152006
vn -0.57562363 0.78988397 -0.21152006
vn -0.57562363 0.78988397 -0.21152006
vn -0.57562363 0.78988397 -0.21152006
vn -0.57562363 0.78988397 -0.21152006
vn -0.57562363 0.78988397 -0.21152006
vn -0.57562363 0.78988397 -0.21152006
vn -0.34491295 0 0.93863469
vn -0.34491295 0 0.93863469
vn -0.34491295 0 0.93863469
vn -0.34491295 0 0.93863469
vn -0.34491295 0 0.93863469
vn 0 1 0
vn 0 1 0
vn 0 1 0
vn 0 1 0
vn 0 1 0
vn -0.93863469 0 -0.34491295
vn -0.93863469 0 -0.34491295
vn -0.93863469 0 -0.34491295
vn -0.93863469 0 -0.34491295
vn -0.90760523 0 0.41982466
vn -0.90760523 0 0.41982466
vn -0.90760523 0 0.41982466
vn -0.90760523 0 0.41982466
f 1549/4467/4467 1550/4468/4468 1551/4469/4469
f 1551/4470/4470 1552/4471/4471 1553/4472/4472 1549/4473/4473
f 1554/4474/4474 1550/4475/4475 1549/4476/4476 1553/4477/4477 1555/4478/4478 1556/4479/4479
f 1557/4480/4480 1554/4481/4481 1556/4482/4482
f 1558/4483/4483 1556/4484/4484 1555/4485/4485 1559/4486/4486
f 1559/4487/4487 1555/4488/4488 1553/4489/4489 1552/4490/4490 1560/4491/4491 1561/4492/4492
f 1554/4493/4493 1557/4494/4494 1562/4495/4495 1563/4496/4496 1560/4497/4497 1552/4498/4498 1551/4499/4499 1550/4500/4500
f 1564/4501/4501 1562/4502/4502 1557/4503/4503 1556/4504/4504 1558/4505/4505
f 1565/4506/4506 1564/4507/4507 1558/4508/4508 1559/4509/4509 1561/4510/4510
f 1563/4511/4511 1565/4512/4512 1561/4513/4513 1560/4514/4514
f 1562/4515/4515 1564/4516/4516 1565/4517/4517 1563/4518/4518
o Extruded.021
v -1.89089358 -2.64248991 0.19263741
v -1.92383325 -2.67138004 0.13402571
v -1.90396237 -2.64248991 0.18783511
v -1.87092364 -2.64248991 0.09792444
v -1.85785484 -2.64248991 0.10272674
v -1.96111643 -2.67138004 0.23548688
v -1.82435441 -2.62232518 0.11503686
v -1.91429412 -2.62232518 0.35979566
v -1.93648469 -2.62232518 0.35164148
v -1.91429412 -2.51107883 0.35979566
v -1.82435441 -2.51107883 0.11503686
v -1.84654498 -2.62232518 0.10688267
v -1.84654498 -2.51107883 0.10688267
v -1.92200172 -2.61034584 0.35696340
v -1.93116271 -2.62232518 0.33715856
v -1.92200172 -2.51107883 0.35696340
v -1.93116271 -2.51107883 0.33715856
vt 0.00592885 0.00592885
vt 0.99407113 0.85879910
vt 0.11945617 0.99407113
vt 1 0.00000000
vt -0.00000000 0.00000000
vt -0.00000000 1
vt 1 1
vt 0.65269673 0.01386377
vt 1 0.42839915
vt 0.66557336 0.47987744
vt 0.97333908 0.84722143
vt 0.83781338 1
vt 0.00000000 -0.00000000
vt 0.10469812 0.00592885
vt 0.99407113 0.85879910
vt 0.00592885 0.99407113
vt 1 1
vt 1 -0.00000000
vt 0 0
vt 0 1
vt 0 1
vt 0 0.15344727
vt 0.71936780 0
vt 1 0
vt 0.47650725 0.15344727
vt 0.47650725 1
vt 0.64487827 0.91259098
vt 0.06387220 1
vt -0.00000000 0.92719722
vt 0.11290302 0.94082791
vt 0.89248580 0.00000000
vt 1 0.12254675
vt 0.69561374 0.48989075
vt 0.98836792 0.49805561
vt 0.65266043 1
vt 0.65266043 0.10768403
vt 0 0.00000000
vt 1 0
vt 1 1
vt 0.05917212 -0.00000000
vt 0.00000000 0.65266043
vt 0.00000000 1
vt 1 1
vt 1 -0.00000000
vt 1 0
vt 1 1
vt 0.00000000 1
vt 0.00000000 0
vt 0.11300600 1
vt 1 1
vt 1 0
vt 0.00596421 0
vn 0.19035380 0.83391732 -0.51802254
vn 0.19035380 0.83391732 -0.51802254
vn 0.19035380 0.83391732 -0.51802254
vn 0 -1 0
vn 0 -1 0
vn 0 -1 0
vn 0 -1 0
vn 0.46171927 -0.87064874 0.16966447
vn 0.46171927 -0.87064874 0.16966447
vn 0.46171927 -0.87064874 0.16966447
vn 0.46171927 -0.87064874 0.16966447
vn 0.46171927 -0.87064874 0.16966447
vn 0.46171927 -0.87064874 0.16966447
vn -0.15125628 -0.89871430 0.41162384
vn -0.15125628 -0.89871430 0.41162384
vn -0.15125628 -0.89871430 0.41162384
vn 0.93863469 0 0.34491295
vn 0.93863469 0 0.34491295
vn 0.93863469 0 0.34491295
vn 0.93863469 0 0.34491295
vn 0.34491295 0 -0.93863469
vn 0.34491295 0 -0.93863469
vn 0.34491295 0 -0.93863469
vn 0.34491295 0 -0.93863469
vn 0.34491295 0 -0.93863469
vn 0.34491295 0 -0.93863469
vn -0.57562363 0.78988397 -0.21152006
vn -0.57562363 0.78988397 -0.21152006
vn -0.57562363 0.78988397 -0.21152006
vn -0.57562363 0.78988397 -0.21152006
vn -0.57562363 0.78988397 -0.21152006
vn -0.57562363 0.78988397 -0.21152006
vn -0.57562363 0.78988397 -0.21152006
vn -0.57562363 0.78988397 -0.21152006
vn -0.34491295 0 0.93863469
vn -0.34491295 0 0.93863469
vn -0.34491295 0 0.93863469
vn -0.34491295 0 0.93863469
vn -0.34491295 0 0.93863469
vn 0 1 0
vn 0 1 0
vn 0 1 0
vn 0 1 0
vn 0 1 0
vn -0.93863469 0 -0.34491295
vn -0.93863469 0 -0.34491295
vn -0.93863469 0 -0.34491295
vn -0.93863469 0 -0.34491295
vn -0.90760523 0 0.41982466
vn -0.90760523 0 0.41982466
vn -0.90760523 0 0.41982466
vn -0.90760523 0 0.41982466
f 1566/4519/4519 1567/4520/4520 1568/4521/4521
f 1568/4522/4522 1569/4523/4523 1570/4524/4524 1566/4525/4525
f 1571/4526/4526 1567/4527/4527 1566/4528/4528 1570/4529/4529 1572/4530/4530 1573/4531/4531
f 1574/4532/4532 1571/4533/4533 1573/4534/4534
f 1575/4535/4535 1573/4536/4536 1572/4537/4537 1576/4538/4538
f 1576/4539/4539 1572/4540/4540 1570/4541/4541 1569/4542/4542 1577/4543/4543 1578/4544/4544
f 1571/4545/4545 1574/4546/4546 1579/4547/4547 1580/4548/4548 1577/4549/4549 1569/4550/4550 1568/4551/4551 1567/4552/4552
f 1581/4553/4553 1579/4554/4554 1574/4555/4555 1573/4556/4556 1575/4557/4557
f 1582/4558/4558 1581/4559/4559 1575/4560/4560 1576/4561/4561 1578/4562/4562
f 1580/4563/4563 1582/4564/4564 1578/4565/4565 1577/4566/4566
f 1579/4567/4567 1581/4568/4568 1582/4569/4569 1580/4570/4570
o Extruded.021
v -1.96756029 -2.64248991 0.19263741
v -2.00049996 -2.67138004 0.13402571
v -1.98062909 -2.64248991 0.18783511
v -1.94759035 -2.64248991 0.09792444
v -1.93452156 -2.64248991 0.10272674
v -2.03778315 -2.67138004 0.23548688
v -1.90102112 -2.62232518 0.11503686
v -1.99096084 -2.62232518 0.35979566
v -2.01315141 -2.62232518 0.35164148
v -1.99096084 -2.51107883 0.35979566
v -1.90102112 -2.51107883 0.11503686
v -1.92321169 -2.62232518 0.10688267
v -1.92321169 -2.51107883 0.10688267
v -1.99866843 -2.61034584 0.35696340
v -2.00782943 -2.62232518 0.33715856
v -1.99866843 -2.51107883 0.35696340
v -2.00782943 -2.51107883 0.33715856
vt 0.00592885 0.00592885
vt 0.99407113 0.85879910
vt 0.11945617 0.99407113
vt 1 0.00000000
vt -0.00000000 0.00000000
vt -0.00000000 1
vt 1 1
vt 0.65269673 0.01386377
vt 1 0.42839915
vt 0.66557336 0.47987744
vt 0.97333908 0.84722143
vt 0.83781338 1
vt 0.00000000 -0.00000000
vt 0.10469812 0.00592885
vt 0.99407113 0.85879910
vt 0.00592885 0.99407113
vt 1 1
vt 1 -0.00000000
vt 0 0
vt 0 1
vt 0 1
vt 0 0.15344727
vt 0.71936780 0
vt 1 0
vt 0.47650725 0.15344727
vt 0.47650725 1
vt 0.64487827 0.91259098
vt 0.06387220 1
vt -0.00000000 0.92719722
vt 0.11290302 0.94082791
vt 0.89248580 0.00000000
vt 1 0.12254675
vt 0.69561374 0.48989075
vt 0.98836792 0.49805561
vt 0.65266043 1
vt 0.65266043 0.10768403
vt 0 0.00000000
vt 1 0
vt 1 1
vt 0.05917212 -0.00000000
vt 0.00000000 0.65266043
vt 0.00000000 1
vt 1 1
vt 1 -0.00000000
vt 1 0
vt 1 1
vt 0.00000000 1
vt 0.00000000 0
vt 0.11300600 1
vt 1 1
vt 1 0
vt 0.00596421 0
vn 0.19035380 0.83391732 -0.51802254
vn 0.19035380 0.83391732 -0.51802254
vn 0.19035380 0.83391732 -0.51802254
vn 0 -1 0
vn 0 -1 0
vn 0 -1 0
vn 0 -1 0
vn 0.46171927 -0.87064874 0.16966447
vn 0.46171927 -0.87064874 0.16966447
vn 0.46171927 -0.87064874 0.16966447
vn 0.46171927 -0.87064874 0.16966447
vn 0.46171927 -0.87064874 0.16966447
vn 0.46171927 -0.87064874 0.16966447
vn -0.15125628 -0.89871430 0.41162384
vn -0.15125628 -0.89871430 0.41162384
vn -0.15125628 -0.89871430 0.41162384
vn 0.93863469 0 0.34491295
vn 0.93863469 0 0.34491295
vn 0.93863469 0 0.34491295
vn 0.93863469 0 0.34491295
vn 0.34491295 0 -0.93863469
vn 0.34491295 0 -0.93863469
vn 0.34491295 0 -0.93863469
vn 0.34491295 0 -0.93863469
vn 0.34491295 0 -0.93863469
vn 0.34491295 0 -0.93863469
vn -0.57562363 0.78988397 -0.21152006
vn -0.57562363 0.78988397 -0.21152006
vn -0.57562363 0.78988397 -0.21152006
vn -0.57562363 0.78988397 -0.21152006
vn -0.57562363 0.78988397 -0.21152006
vn -0.57562363 0.78988397 -0.21152006
vn -0.57562363 0.78988397 -0.21152006
vn -0.57562363 0.78988397 -0.21152006
vn -0.34491295 0 0.93863469
vn -0.34491295 0 0.93863469
vn -0.34491295 0 0.93863469
vn -0.34491295 0 0.93863469
vn -0.34491295 0 0.93863469
vn 0 1 0
vn 0 1 0
vn 0 1 0
vn 0 1 0
vn 0 1 0
vn -0.93863469 0 -0.34491295
vn -0.93863469 0 -0.34491295
vn -0.93863469 0 -0.34491295
vn -0.93863469 0 -0.34491295
vn -0.90760523 0 0.41982466
vn -0.90760523 0 0.41982466
vn -0.90760523 0 0.41982466
vn -0.90760523 0 0.41982466
f 1583/4571/4571 1584/4572/4572 1585/4573/4573
f 1585/4574/4574 1586/4575/4575 1587/4576/4576 1583/4577/4577
f 1588/4578/4578 1584/4579/4579 1583/4580/4580 1587/4581/4581 1589/4582/4582 1590/4583/4583
f 1591/4584/4584 1588/4585/4585 1590/4586/4586
f 1592/4587/4587 1590/4588/4588 1589/4589/4589 1593/4590/4590
f 1593/4591/4591 1589/4592/4592 1587/4593/4593 1586/4594/4594 1594/4595/4595 1595/4596/4596
f 1588/4597/4597 1591/4598/4598 1596/4599/4599 1597/4600/4600 1594/4601/4601 1586/4602/4602 1585/4603/4603 1584/4604/4604
f 1598/4605/4605 1596/4606/4606 1591/4607/4607 1590/4608/4608 1592/4609/4609
f 1599/4610/4610 1598/4611/4611 1592/4612/4612 1593/4613/4613 1595/4614/4614
f 1597/4615/4615 1599/4616/4616 1595/4617/4617 1594/4618/4618
f 1596/4619/4619 1598/4620/4620 1599/4621/4621 1597/4622/4622
o Extruded.021
v -2.04422688 -2.64248991 0.19263741
v -2.07716656 -2.67138004 0.13402571
v -2.05729580 -2.64248991 0.18783511
v -2.02425694 -2.64248991 0.09792444
v -2.01118827 -2.64248991 0.10272674
v -2.11444974 -2.67138004 0.23548688
v -1.97768784 -2.62232518 0.11503686
v -2.06762743 -2.62232518 0.35979566
v -2.08981800 -2.62232518 0.35164148
v -2.06762743 -2.51107883 0.35979566
v -1.97768784 -2.51107883 0.11503686
v -1.99987841 -2.62232518 0.10688267
v -1.99987841 -2.51107883 0.10688267
v -2.07533503 -2.61034584 0.35696340
v -2.08449602 -2.62232518 0.33715856
v -2.07533503 -2.51107883 0.35696340
v -2.08449602 -2.51107883 0.33715856
vt 0.00592885 0.00592885
vt 0.99407113 0.85879910
vt 0.11945617 0.99407113
vt 1 0.00000000
vt -0.00000000 0.00000000
vt -0.00000000 1
vt 1 1
vt 0.65269673 0.01386377
vt 1 0.42839915
vt 0.66557336 0.47987744
vt 0.97333908 0.84722143
vt 0.83781338 1
vt 0.00000000 -0.00000000
vt 0.10469812 0.00592885
vt 0.99407113 0.85879910
vt 0.00592885 0.99407113
vt 1 1
vt 1 -0.00000000
vt 0 0
vt 0 1
vt 0 1
vt 0 0.15344727
vt 0.71936780 0
vt 1 0
vt 0.47650725 0.15344727
vt 0.47650725 1
vt 0.64487827 0.91259098
vt 0.06387220 1
vt -0.00000000 0.92719722
vt 0.11290302 0.94082791
vt 0.89248580 0.00000000
vt 1 0.12254675
vt 0.69561374 0.48989075
vt 0.98836792 0.49805561
vt 0.65266043 1
vt 0.65266043 0.10768403
vt 0 0.00000000
vt 1 0
vt 1 1
vt 0.05917212 -0.00000000
vt 0.00000000 0.65266043
vt 0.00000000 1
vt 1 1
vt 1 -0.00000000
vt 1 0
vt 1 1
vt 0.00000000 1
vt 0.00000000 0
vt 0.11300600 1
vt 1 1
vt 1 0
vt 0.00596421 0
vn 0.19035380 0.83391732 -0.51802254
vn 0.19035380 0.83391732 -0.51802254
vn 0.19035380 0.83391732 -0.51802254
vn 0 -1 0
vn 0 -1 0
vn 0 -1 0
vn 0 -1 0
vn 0.46171927 -0.87064874 0.16966447
vn 0.46171927 -0.87064874 0.16966447
vn 0.46171927 -0.87064874 0.16966447
vn 0.46171927 -0.87064874 0.16966447
vn 0.46171927 -0.87064874 0.16966447
vn 0.46171927 -0.87064874 0.16966447
vn -0.15125628 -0.89871430 0.41162384
vn -0.15125628 -0.89871430 0.41162384
vn -0.15125628 -0.89871430 0.41162384
vn 0.93863469 0 0.34491295
vn 0.93863469 0 0.34491295
vn 0.93863469 0 0.34491295
vn 0.93863469 0 0.34491295
vn 0.34491295 0 -0.93863469
vn 0.34491295 0 -0.93863469
vn 0.34491295 0 -0.93863469
vn 0.34491295 0 -0.93863469
vn 0.34491295 0 -0.93863469
vn 0.34491295 0 -0.93863469
vn -0.57562363 0.78988397 -0.21152006
vn -0.57562363 0.78988397 -0.21152006
vn -0.57562363 0.78988397 -0.21152006
vn -0.57562363 0.78988397 -0.21152006
vn -0.57562363 0.78988397 -0.21152006
vn -0.57562363 0.78988397 -0.21152006
vn -0.57562363 0.78988397 -0.21152006
vn -0.57562363 0.78988397 -0.21152006
vn -0.34491295 0 0.93863469
vn -0.34491295 0 0.93863469
vn -0.34491295 0 0.93863469
vn -0.34491295 0 0.93863469
vn -0.34491295 0 0.93863469
vn 0 1 0
vn 0 1 0
vn 0 1 0
vn 0 1 0
vn 0 1 0
vn -0.93863469 0 -0.34491295
vn -0.93863469 0 -0.34491295
vn -0.93863469 0 -0.34491295
vn -0.93863469 0 -0.34491295
vn -0.90760523 0 0.41982466
vn -0.90760523 0 0.41982466
vn -0.90760523 0 0.41982466
vn -0.90760523 0 0.41982466
f 1600/4623/4623 1601/4624/4624 1602/4625/4625
f 1602/4626/4626 1603/4627/4627 1604/4628/4628 1600/4629/4629
f 1605/4630/4630 1601/4631/4631 1600/4632/4632 1604/4633/4633 1606/4634/4634 1607/4635/4635
f 1608/4636/4636 1605/4637/4637 1607/4638/4638
f 1609/4639/4639 1607/4640/4640 1606/4641/4641 1610/4642/4642
f 1610/4643/4643 1606/4644/4644 1604/4645/4645 1603/4646/4646 1611/4647/4647 1612/4648/4648
f 1605/4649/4649 1608/4650/4650 1613/4651/4651 1614/4652/4652 1611/4653/4653 1603/4654/4654 1602/4655/4655 1601/4656/4656
f 1615/4657/4657 1613/4658/4658 1608/4659/4659 1607/4660/4660 1609/4661/4661
f 1616/4662/4662 1615/4663/4663 1609/4664/4664 1610/4665/4665 1612/4666/4666
f 1614/4667/4667 1616/4668/4668 1612/4669/4669 1611/4670/4670
f 1613/4671/4671 1615/4672/4672 1616/4673/4673 1614/4674/4674
